rank,gene,rna_lfc,rna_p,tissue,prot_lfc,prot_p,neglog10p,transcriptomic,proteomic,genomic,score,concordant
1,HLA-DRA,0.802553910320514,2.18367251709153e-08,PHG,0.135713166113647,0.0280317506057097,16.69897000433602,0.802553910320514,0.135713166113647,16.69897000433602,0.9573991031390134,True
2,HLA-DRB1,0.661777161026695,9.52061537458034e-07,PHG,0.102269735394966,0.633040329191009,22.522878745280337,0.661777161026695,0.102269735394966,22.522878745280337,0.9551569506726456,True
3,APOC1,0.505815823960661,0.0001437333385123,PHG,-0.228524981026124,0.0084152500544733,672.698970004336,0.505815823960661,0.228524981026124,672.698970004336,0.9494768310911808,False
4,PECAM1,0.85656558665246,2.6729206410796203e-10,TCX,0.0899574927151963,0.625272531516394,16.522878745280337,0.85656558665246,0.0899574927151963,16.522878745280337,0.9391629297458892,True
5,MTSS2,0.640547443447463,1.03926965445091e-13,TCX,-0.0995363183147964,0.251762341499552,13.522878745280336,0.640547443447463,0.0995363183147964,13.522878745280336,0.913303437967115,False
6,ITGAX,0.701560609589716,4.58651638699188e-11,PHG,0.118861892302656,0.0045735313261286,11.69897000433602,0.701560609589716,0.118861892302656,11.69897000433602,0.9119581464872946,True
7,GMPR,1.03607061824559,1.0298931091861201e-17,PHG,0.226955627786444,1.23923433762828e-05,10.096910013008056,1.03607061824559,0.226955627786444,10.096910013008056,0.9098654708520179,True
8,RPH3A,-1.15938359622984,3.80964173523854e-20,TCX,-0.13379780508807,1.78865238075578e-05,10.045757490560677,1.15938359622984,0.13379780508807,10.045757490560677,0.9044843049327354,True
9,NRXN3,-0.636646147168219,1.3356186240090401e-17,TCX,0.0616062881013799,0.0255399884454602,22.0,0.636646147168219,0.0616062881013799,22.0,0.9035874439461883,False
10,APLNR,1.2809588011238,1.57910362816389e-15,PHG,0.0998615797197114,0.0675034056702658,10.522878745280336,1.2809588011238,0.0998615797197114,10.522878745280336,0.9022421524663676,True
11,APOE,0.375611940857583,0.0007284281605073,TCX,0.107356933101995,0.0475604114796511,496.397940008672,0.375611940857583,0.107356933101995,496.397940008672,0.901644245142003,True
12,SHANK2,-0.544991403315626,7.32559186535873e-07,TCX,-0.0644893115811264,0.156669423284206,30.0,0.544991403315626,0.0644893115811264,30.0,0.8986547085201793,True
13,APOB,0.395646630618722,0.0164093350109251,PHG,0.12624230366462,0.0952342709055852,19.0,0.395646630618722,0.12624230366462,19.0,0.8965620328849028,True
14,MOG,0.472534420858162,6.20130389080288e-05,PHG,-0.0919097852766513,0.343489076361164,17.30102999566398,0.472534420858162,0.0919097852766513,17.30102999566398,0.8962630792227205,False
15,PLEC,0.59548505468465,1.22363658615194e-13,TCX,0.263616003662841,2.0990004091347e-05,10.522878745280336,0.59548505468465,0.263616003662841,10.522878745280336,0.8944693572496262,True
16,RHOJ,0.651328656465743,1.20715980189658e-13,TCX,0.154452401728964,0.0441441053913741,10.221848749616356,0.651328656465743,0.154452401728964,10.221848749616356,0.8932735426008968,True
17,ADGRA3,0.590968204856066,5.03942803945399e-09,TCX,-0.0748123097632614,0.103875889924533,13.397940008672036,0.590968204856066,0.0748123097632614,13.397940008672036,0.8831091180866966,False
18,CNN2,0.609377463300503,9.04418508178685e-07,PHG,-0.13116497404177,0.0127051947641742,10.096910013008056,0.609377463300503,0.13116497404177,10.096910013008056,0.8805680119581464,False
19,DIRAS2,-0.700332324562093,1.82777756713744e-12,PHG,-0.0557643107479941,0.0245486943062263,15.69897000433602,0.700332324562093,0.0557643107479941,15.69897000433602,0.8804185351270553,True
20,MB21D2,-0.474218889723037,6.1713597195174e-09,PHG,0.063086521642671,0.0062241441655456,24.39794000867204,0.474218889723037,0.063086521642671,24.39794000867204,0.8783258594917788,False
21,TINAGL1,0.728249222216438,7.1369892409762614e-09,TCX,-0.0517526075733176,0.154740125790539,15.69897000433602,0.728249222216438,0.0517526075733176,15.69897000433602,0.8726457399103138,False
22,MAP2K3,0.427529046163326,1.12923354332963e-07,TCX,0.0844371413301241,0.0193034933090653,15.0,0.427529046163326,0.0844371413301241,15.0,0.8689088191330343,True
23,HCN1,-0.691932084870942,7.72787038643105e-10,TCX,-0.062283331104331,0.0114506812161591,12.397940008672036,0.691932084870942,0.062283331104331,12.397940008672036,0.8669656203288489,True
24,HLA-C,0.402586438866069,1.66617962696323e-05,PHG,0.0611166498185157,0.796742210431181,33.22184874961636,0.402586438866069,0.0611166498185157,33.22184874961636,0.8585949177877428,True
25,CACNG8,-0.616998869205204,4.48109318729992e-09,TCX,-0.0897011284915875,0.0253997461963725,9.69897000433602,0.616998869205204,0.0897011284915875,9.69897000433602,0.8538116591928251,True
26,SAMHD1,0.334286139739559,6.38573535531744e-06,PHG,0.0722539689104691,0.0133097608700007,35.69897000433602,0.334286139739559,0.0722539689104691,35.69897000433602,0.8505231689088191,True
27,NFIA,0.431226023370211,3.31275819380454e-11,PHG,0.0940966813857593,0.359792377451923,11.397940008672036,0.431226023370211,0.0940966813857593,11.397940008672036,0.8446935724962631,True
28,FADS2,0.264320045348634,0.0024941256524974,PHG,-0.231707460015865,0.0007044788580987,18.154901959985743,0.264320045348634,0.231707460015865,18.154901959985743,0.84304932735426,False
29,SLC30A3,-0.667846912866079,2.72803778376793e-10,TCX,-0.0599221804984531,0.16067466377976,10.69897000433602,0.667846912866079,0.0599221804984531,10.69897000433602,0.8420029895366218,True
30,SLC2A13,-0.574923480820388,6.203405181982831e-10,TCX,0.0491247850762445,0.221187263883497,14.397940008672036,0.574923480820388,0.0491247850762445,14.397940008672036,0.8394618834080717,False
31,CLU,0.254671844139461,5.89463276370744e-06,PHG,0.101092211417374,0.00233097784938,47.0,0.254671844139461,0.101092211417374,47.0,0.8373692077727952,True
32,ITGB5,0.600167230023716,3.10305868197601e-13,PHG,0.0729321394505273,0.0416973092295831,9.69897000433602,0.600167230023716,0.0729321394505273,9.69897000433602,0.835575485799701,True
33,TBXAS1,0.613067456192724,2.2427827279078198e-11,PHG,0.058434024373922,0.222552855483718,11.096910013008056,0.613067456192724,0.058434024373922,11.096910013008056,0.8345291479820627,True
34,CABP1,-0.528607827509887,1.82573269860604e-09,PHG,-0.0510946568387938,0.0528356747932819,14.69897000433602,0.528607827509887,0.0510946568387938,14.69897000433602,0.8340807174887892,True
35,OLFM3,-0.990022121428885,2.3732191344613902e-14,PHG,-0.0691834977256031,0.0212651972908952,9.0,0.990022121428885,0.0691834977256031,9.0,0.8319880418535127,True
36,ACTL6B,-0.456898064310872,9.02531562240515e-08,PHG,0.0508703917095852,0.132785337265342,17.221848749616356,0.456898064310872,0.0508703917095852,17.221848749616356,0.8285500747384155,False
37,RBFOX1,-0.557082165965315,7.872611534328101e-10,PHG,0.0795319799237444,0.113874039429686,9.397940008672036,0.557082165965315,0.0795319799237444,9.397940008672036,0.8249626307922271,False
38,CDH13,-0.894763670948982,5.97923871129854e-12,TCX,-0.0657244531463881,0.180081155080633,9.0,0.894763670948982,0.0657244531463881,9.0,0.824813153961136,True
39,HSPA1L,0.300466094143474,0.102302215196031,TCX,0.171416675768595,0.0909169293629634,12.154901959985745,0.300466094143474,0.171416675768595,12.154901959985745,0.8240657698056801,True
40,KALRN,-0.474867687552599,1.22739545884823e-08,TCX,-0.0733494954669352,0.0010612702161044,10.397940008672036,0.474867687552599,0.0733494954669352,10.397940008672036,0.8234678624813153,True
41,ALPL,0.584023660836019,1.48455399952784e-07,TCX,-0.11937336389037,0.0278339715901323,8.221848749616356,0.584023660836019,0.11937336389037,8.221848749616356,0.8189835575485799,False
42,CLIC4,0.573699109114058,3.97426818204871e-09,PHG,-0.0408727978621241,0.55376783591648,15.69897000433602,0.573699109114058,0.0408727978621241,15.69897000433602,0.818236173393124,False
43,AHNAK,0.792012183963552,3.60077826049961e-17,PHG,0.0821747699398953,0.0541639369088897,8.221848749616356,0.792012183963552,0.0821747699398953,8.221848749616356,0.8162929745889387,True
44,PLAUR,0.468668186394316,5.66515158855922e-05,PHG,0.0609606601245278,0.450669055177216,11.522878745280336,0.468668186394316,0.0609606601245278,11.522878745280336,0.8143497757847533,True
45,KPNA2,-0.324253352078997,8.85444508876161e-08,PHG,0.0698383912005992,0.0496653556681327,14.397940008672036,0.324253352078997,0.0698383912005992,14.397940008672036,0.8092675635276532,False
46,PTPRN2,-0.392303891519572,2.43989490009363e-08,TCX,0.0549538922522955,0.0773306956267002,14.096910013008056,0.392303891519572,0.0549538922522955,14.096910013008056,0.8065769805680119,False
47,CYRIB,-0.399571749520534,1.90136642271509e-13,TCX,-0.059675868024704,0.0003375243016287,12.69897000433602,0.399571749520534,0.059675868024704,12.69897000433602,0.8055306427503737,True
48,PTPRC,0.638893395560835,1.40198781541946e-07,PHG,0.0465729759234529,0.249986832949921,10.69897000433602,0.638893395560835,0.0465729759234529,10.69897000433602,0.8043348281016441,True
49,PADI2,0.665692828581772,2.13731385048262e-14,PHG,0.136161293992032,0.0056540146523674,7.698970004336019,0.665692828581772,0.136161293992032,7.698970004336019,0.8032884902840058,True
50,ZMAT4,-0.558290205590135,1.10533271836807e-08,PHG,0.0350478041685653,0.622978818995646,18.69897000433602,0.558290205590135,0.0350478041685653,18.69897000433602,0.8028400597907324,False
51,TRIM36,-0.612944140744975,2.82700362701242e-13,TCX,-0.0761976506827844,0.0019934515300591,8.397940008672037,0.612944140744975,0.0761976506827844,8.397940008672037,0.8019431988041852,True
52,ANK3,-0.269633332389264,0.0002319560655166,TCX,-0.0963445141008932,0.14824411067265,13.522878745280336,0.269633332389264,0.0963445141008932,13.522878745280336,0.800896860986547,True
53,BIN1,0.221513928970917,0.0016487635328001,PHG,-0.0803775405883022,0.432979052964545,138.69897000433602,0.221513928970917,0.0803775405883022,138.69897000433602,0.7994020926756352,False
54,NRIP3,-0.760864807186961,3.85956795107669e-13,TCX,-0.0482201239502789,0.253112362114501,9.522878745280336,0.760864807186961,0.0482201239502789,9.522878745280336,0.7980568011958147,True
55,MTMR3,0.34024017674749,2.95311148204248e-12,TCX,0.142333481208128,0.10578421031827,9.397940008672036,0.34024017674749,0.142333481208128,9.397940008672036,0.7944693572496262,True
56,ATP5F1B,-0.345594968424533,6.34921371772161e-11,PHG,-0.0481857453895793,0.324127530274899,19.0,0.345594968424533,0.0481857453895793,19.0,0.7937219730941704,True
57,SERPINF2,0.535887337610749,0.0004433801065646,TCX,0.032606409448906,0.7375014736731,22.30102999566398,0.535887337610749,0.032606409448906,22.30102999566398,0.7931240657698055,True
58,NECTIN2,0.324572606547199,8.36768566323213e-06,TCX,0.0451185189124297,0.0703810868052454,300.0,0.324572606547199,0.0451185189124297,300.0,0.7907324364723467,True
59,DOCK3,-0.315208262927127,6.98418414723187e-10,TCX,-0.0551942148657555,0.0026091039400447,16.221848749616356,0.315208262927127,0.0551942148657555,16.221848749616356,0.7889387144992526,True
60,CCND3,0.307604012045526,1.32930811168741e-10,TCX,-0.117532838096219,0.0291498035273307,9.69897000433602,0.307604012045526,0.117532838096219,9.69897000433602,0.7853512705530643,False
61,SLC39A11,0.44917960115921,5.8113467958773e-14,ACC,0.0765079319852962,0.0252112389040319,9.0,0.44917960115921,0.0765079319852962,9.0,0.785052316890882,True
62,GALM,0.51551761962735,5.941569033205731e-09,TCX,0.11157590690719,0.0193251192593553,8.0,0.51551761962735,0.11157590690719,8.0,0.7841554559043347,True
63,PLIN4,0.703121670503892,2.21841627662706e-09,TCX,0.0830503229005585,0.0608448112495962,7.698970004336019,0.703121670503892,0.0830503229005585,7.698970004336019,0.782660687593423,True
64,LINGO1,-0.307251885230821,0.0001389883619231,PHG,-0.0610953670302025,0.0423380022913813,13.69897000433602,0.307251885230821,0.0610953670302025,13.69897000433602,0.7813153961136023,True
65,SLC3A2,0.415880356915341,2.51633425474402e-09,TCX,-0.0388995779861717,0.0490571512719619,16.522878745280337,0.415880356915341,0.0388995779861717,16.522878745280337,0.7762331838565022,False
66,GNB2,0.181932167331118,0.0003846759172561,TCX,0.230257449554324,0.280963739247757,17.221848749616356,0.181932167331118,0.230257449554324,17.221848749616356,0.7762331838565022,True
67,ITPKB,1.00774398811645,2.4077796158967603e-19,TCX,0.0683227491717798,0.019425203383595,7.698970004336019,1.00774398811645,0.0683227491717798,7.698970004336019,0.775186846038864,True
68,INPP5D,0.611035261210934,1.51491484668263e-11,PHG,0.0265824405012981,0.495652838348761,18.69897000433602,0.611035261210934,0.0265824405012981,18.69897000433602,0.771150971599402,True
69,MAF1,0.348684628171974,7.46202977478433e-12,TCX,0.0397655349767288,0.393280979164322,21.522878745280337,0.348684628171974,0.0397655349767288,21.522878745280337,0.7708520179372198,True
70,NEGR1,-0.574419496458213,5.39339299933351e-11,TCX,-0.0308656567243802,0.39984137286297,15.0,0.574419496458213,0.0308656567243802,15.0,0.7705530642750373,True
71,SYNPR,-0.561425878067185,1.05972367159623e-06,PHG,0.0565252012100447,0.221092679735357,8.698970004336019,0.561425878067185,0.0565252012100447,8.698970004336019,0.7698056801195814,False
72,SPEN,0.24865114365239,4.85673602517853e-10,PHG,0.0542318108114743,0.146581100577768,29.69897000433602,0.24865114365239,0.0542318108114743,29.69897000433602,0.768609865470852,True
73,FERMT2,0.263800001828752,0.0014164601202232,TCX,-0.0595363633633966,0.006411973051984,15.096910013008056,0.263800001828752,0.0595363633633966,15.096910013008056,0.7647234678624812,False
74,SLC7A14,-0.57272487128405,5.41469264374477e-09,TCX,0.0533561272712559,0.0424825292161424,8.522878745280337,0.57272487128405,0.0533561272712559,8.522878745280337,0.7591928251121076,False
75,DLGAP2,-0.470293239698416,1.17678654818571e-08,TCX,-0.0487483764950457,0.125790325626922,9.69897000433602,0.470293239698416,0.0487483764950457,9.69897000433602,0.7590433482810164,True
76,PTK2B,-0.451880385828609,3.19910696361791e-08,PHG,-0.0283002522187876,0.256860722085415,24.0,0.451880385828609,0.0283002522187876,24.0,0.7563527653213752,True
77,VWA8,-0.222747129673156,0.0002058136530169,TCX,0.0747823008848023,0.284223181080879,14.221848749616356,0.222747129673156,0.0747823008848023,14.221848749616356,0.7563527653213751,False
78,PLOD1,0.365703987714806,1.29699990879773e-06,TCX,0.0707761474999921,0.254130040297506,9.045757490560677,0.365703987714806,0.0707761474999921,9.045757490560677,0.7559043348281016,True
79,CLSTN1,-0.286815786615204,6.92434073715158e-07,PHG,0.0583334239287596,0.0430068965718279,12.522878745280336,0.286815786615204,0.0583334239287596,12.522878745280336,0.7545590433482809,False
80,ANO5,-0.335278600099518,1.58704322182505e-12,PHG,0.093806643789833,0.128709259450426,8.698970004336019,0.335278600099518,0.093806643789833,8.698970004336019,0.7527653213751868,False
81,PIP4K2A,0.528805283145416,1.79715044568255e-09,PHG,-0.0939713923872492,0.154316401268089,7.522878745280337,0.528805283145416,0.0939713923872492,7.522878745280337,0.7485799701046337,False
82,ARHGEF10L,0.39040229679928,3.4747455280889397e-12,TCX,0.0346901236069003,0.345399734417997,16.154901959985743,0.39040229679928,0.0346901236069003,16.154901959985743,0.7481315396113601,True
83,PICALM,0.171769837934953,2.0483256472082e-05,PHG,-0.0733882346941393,0.0383124662146146,50.15490195998574,0.171769837934953,0.0733882346941393,50.15490195998574,0.747982062780269,False
84,PLCXD3,-0.595002816756759,7.30556142022708e-08,TCX,0.0597317654287013,0.135984415406291,8.0,0.595002816756759,0.0597317654287013,8.0,0.7476831091180867,False
85,MACF1,0.257376922396595,0.0001839896971488,TCX,-0.0496867525286429,0.354271885378553,17.096910013008056,0.257376922396595,0.0496867525286429,17.096910013008056,0.747085201793722,False
86,BRAF,-0.24072549866586,4.96274291189344e-08,TCX,-0.0603726864223954,0.157887433324931,14.69897000433602,0.24072549866586,0.0603726864223954,14.69897000433602,0.747085201793722,True
87,CDH20,0.382111357574845,7.0294459807387e-10,PHG,0.0529050956466328,0.0209859965096917,10.0,0.382111357574845,0.0529050956466328,10.0,0.7467862481315396,True
88,NRXN1,-0.452513420188263,3.02749697971244e-17,PHG,0.0779244482814654,4.95425535529954e-05,8.0,0.452513420188263,0.0779244482814654,8.0,0.7461883408071748,False
89,TSPOAP1,-0.375970675417102,2.13842810353076e-07,PHG,0.0412721939181718,0.466046138446606,12.522878745280336,0.375970675417102,0.0412721939181718,12.522878745280336,0.7440956651718983,False
90,CDK2AP1,0.586317267108835,1.12399235794207e-13,TCX,-0.0238368253478544,0.751482798391653,15.221848749616356,0.586317267108835,0.0238368253478544,15.221848749616356,0.7437967115097159,False
91,EPB41L1,0.229528326170591,0.0015796795092614,FP,0.0592737311618946,0.410359020312934,16.096910013008056,0.229528326170591,0.0592737311618946,16.096910013008056,0.7426008968609865,True
92,ASL,-0.259324535374238,1.20403322108235e-05,TCX,0.061286241368893,0.0567396996502302,12.154901959985745,0.259324535374238,0.061286241368893,12.154901959985745,0.7421524663677129,False
93,APP,-0.162447105518259,0.0002271222672641,PHG,0.657275693134546,2.98163431357195e-16,13.69897000433602,0.162447105518259,0.657275693134546,13.69897000433602,0.7418535127055306,False
94,PARD3,0.715067052802566,2.5554255045613e-11,TCX,0.114053634874005,0.0024527105891205,6.154901959985743,0.715067052802566,0.114053634874005,6.154901959985743,0.7412556053811659,True
95,BAD,0.286217885765295,3.34528267605378e-06,TCX,-0.0470379170008465,0.198467475515285,14.045757490560677,0.286217885765295,0.0470379170008465,14.045757490560677,0.7405082212257099,False
96,GRIP1,-0.631688436235841,5.28682988828786e-10,TCX,0.0355272266232029,0.154947776613926,9.522878745280336,0.631688436235841,0.0355272266232029,9.522878745280336,0.7394618834080717,False
97,VWC2,-0.841723764037185,9.567582405408192e-15,TCX,-0.0387967498236657,0.0815258463887175,8.522878745280337,0.841723764037185,0.0387967498236657,8.522878745280337,0.7379671150971598,True
98,SLC44A1,0.617092882392233,5.80126226066768e-13,PHG,-0.0598311978559028,0.398375219228168,7.698970004336019,0.617092882392233,0.0598311978559028,7.698970004336019,0.7366218236173392,False
99,RHOA,0.250245877284948,1.69982158538602e-10,PHG,-0.0453648653154256,0.061558919979509,21.30102999566398,0.250245877284948,0.0453648653154256,21.30102999566398,0.736322869955157,False
100,SLC7A2,1.37079223509006,1.16928021564158e-17,TCX,0.17732695265591,0.0084979393709101,5.698970004336019,1.37079223509006,0.17732695265591,5.698970004336019,0.7360239162929745,True
101,HACL1,-0.307212728749972,9.63340592256326e-07,TCX,-0.0736551971722698,0.169606800652363,9.096910013008056,0.307212728749972,0.0736551971722698,9.096910013008056,0.7355754857997009,True
102,BZW2,-0.437647331781216,2.40035973573588e-11,PHG,-0.0408337248042793,0.018258433783579,10.221848749616356,0.437647331781216,0.0408337248042793,10.221848749616356,0.7333333333333332,True
103,HMGCS1,-0.339344499239783,0.0017063920001026,TCX,-0.235100993056292,4.02311134055863e-06,7.698970004336019,0.339344499239783,0.235100993056292,7.698970004336019,0.7297458893871449,True
104,SLC2A6,-0.195614894530626,0.0078857867848236,TCX,0.0901247679370143,0.125740393327428,12.221848749616356,0.195614894530626,0.0901247679370143,12.221848749616356,0.7288490284005978,False
105,SEZ6L2,-0.462886828067386,6.26966153454852e-10,TCX,0.102297488167387,0.0773091245365148,7.301029995663981,0.462886828067386,0.102297488167387,7.301029995663981,0.7284005979073243,False
106,NSF,-0.592965035693643,1.32363397473426e-08,PHG,0.0769481346752361,0.216618486997909,7.0,0.592965035693643,0.0769481346752361,7.0,0.7284005979073243,False
107,SVOP,-0.726282595176853,2.00213795962269e-10,TCX,-0.0210411530622795,0.619475045884707,12.69897000433602,0.726282595176853,0.0210411530622795,12.69897000433602,0.728101644245142,True
108,PKP2,0.471409152812325,0.00188275940379,TCX,-0.0594463953775055,0.23303431789944,8.045757490560675,0.471409152812325,0.0594463953775055,8.045757490560675,0.7266068759342301,False
109,SYT4,-0.721356403641548,4.13138306522959e-08,PHG,0.0761894501192092,0.0098036622915734,6.3979400086720375,0.721356403641548,0.0761894501192092,6.3979400086720375,0.7266068759342301,False
110,CPNE4,-0.725979039171511,1.83024414640403e-13,PHG,-0.0757020683405795,0.0026907916027128,6.3979400086720375,0.725979039171511,0.0757020683405795,6.3979400086720375,0.7266068759342301,True
111,MAP3K20,0.56100026235059,4.63598263826179e-16,PHG,0.0529613312258484,0.21313515572516,8.0,0.56100026235059,0.0529613312258484,8.0,0.7255605381165919,True
112,BMPER,-0.638313453158386,9.595527275211641e-20,PHG,0.0699128768032246,0.0990776966381171,7.0,0.638313453158386,0.0699128768032246,7.0,0.7254110612855007,False
113,LRATD2,0.552768602234549,7.16929947225391e-07,TCX,0.0968064885603242,0.131977578772627,6.522878745280337,0.552768602234549,0.0968064885603242,6.522878745280337,0.7246636771300449,True
114,DAG1,0.251409454391091,5.16394446064801e-06,TCX,0.0417675835743207,0.0056915275795959,20.522878745280337,0.251409454391091,0.0417675835743207,20.522878745280337,0.7233183856502242,True
115,CLPTM1,-0.17517002256843,8.20347690698873e-05,PHG,-0.0575457371947178,0.0005433232788746,63.39794000867204,0.17517002256843,0.0575457371947178,63.39794000867204,0.7225710014947683,True
116,SLC6A15,-0.280402863565088,0.0003670308824803,PHG,0.0662411716828667,0.0141088419158488,9.397940008672036,0.280402863565088,0.0662411716828667,9.397940008672036,0.7188340807174887,False
117,COL12A1,-0.544120282770487,8.45499188886903e-17,PHG,-0.0743855845014202,0.470898856312462,7.154901959985743,0.544120282770487,0.0743855845014202,7.154901959985743,0.7188340807174887,True
118,BSN,-0.237904471798236,0.0127349576700307,PHG,-0.0433660442295323,0.0401196548490559,19.69897000433602,0.237904471798236,0.0433660442295323,19.69897000433602,0.7185351270553064,True
119,CELF5,-0.208052872986204,0.0051985843940079,PHG,0.0769171831211596,0.100890162942363,11.30102999566398,0.208052872986204,0.0769171831211596,11.30102999566398,0.717339312406577,False
120,CLYBL,0.192447011843403,0.0073042272979661,PHG,-0.0515468771736248,0.55376783591648,25.30102999566398,0.192447011843403,0.0515468771736248,25.30102999566398,0.7168908819133034,False
121,PAK1,-0.724989755887394,3.75491636881099e-13,PHG,-0.0774621311227654,0.0041700035542401,6.154901959985743,0.724989755887394,0.0774621311227654,6.154901959985743,0.7164424514200298,True
122,CSK,0.23008351148124,3.21595352502032e-05,STG,0.0523158265784727,0.0002595526204093,14.0,0.23008351148124,0.0523158265784727,14.0,0.7152466367713004,True
123,ADCYAP1R1,0.518212454783562,1.38809727534943e-13,PHG,0.0668156812847314,0.0485614098029237,7.397940008672037,0.518212454783562,0.0668156812847314,7.397940008672037,0.710762331838565,True
124,HSPG2,0.481742867912399,0.0001313688947627,PHG,-0.0598730026079012,0.182137368425744,7.698970004336019,0.481742867912399,0.0598730026079012,7.698970004336019,0.7094170403587443,False
125,SPON1,0.186741996306136,0.0147888235832447,PHG,0.105660719329701,0.0002373248256181,10.154901959985745,0.186741996306136,0.105660719329701,10.154901959985745,0.7094170403587443,True
126,CYP20A1,0.353741253706136,2.48007257119044e-10,PHG,-0.0546088629356352,0.236218838859026,8.698970004336019,0.353741253706136,0.0546088629356352,8.698970004336019,0.709118086696562,False
127,ICA1,-0.543858683059375,5.88177849701433e-06,TCX,-0.0435799436046111,0.0503987318926918,8.154901959985743,0.543858683059375,0.0435799436046111,8.154901959985743,0.7068759342301942,True
128,GABRA4,-0.64457179659409,2.26534091245307e-06,TCX,0.0419123780434667,0.0341424313812954,8.0,0.64457179659409,0.0419123780434667,8.0,0.7055306427503736,False
129,MADD,-0.159371215200014,0.0014684727750203,PHG,-0.0697137542356685,0.329493626465146,15.522878745280336,0.159371215200014,0.0697137542356685,15.522878745280336,0.7034379671150972,True
130,PITPNC1,0.303066125427257,0.0001117977153581,TCX,-0.115188739780129,0.0614227394698357,7.698970004336019,0.303066125427257,0.115188739780129,7.698970004336019,0.7028400597907323,False
131,GNG7,0.225418492959771,5.64823921890452e-05,TCX,-0.0551803059501824,0.155843225565224,12.0,0.225418492959771,0.0551803059501824,12.0,0.7020926756352766,False
132,SPP1,0.830716863659418,7.20008738940933e-07,PHG,-0.112082848832341,0.522542722885696,5.3979400086720375,0.830716863659418,0.112082848832341,5.3979400086720375,0.6998505231689087,False
133,COL25A1,-1.10606075151029,2.4077796158967603e-19,TCX,1.29697867925623,4.69921157802561e-07,5.221848749616356,1.10606075151029,1.29697867925623,5.221848749616356,0.6988041853512704,False
134,CROCC,0.23751903858835,0.0042327087261028,TCX,0.110386724626994,0.0048679528484221,8.397940008672037,0.23751903858835,0.110386724626994,8.397940008672037,0.6985052316890881,True
135,GPAT3,-0.336239593747339,0.0002857667870493,PCC,-0.034421549886118,0.522695477279347,12.221848749616356,0.336239593747339,0.034421549886118,12.221848749616356,0.6974588938714499,True
136,SLC6A1,-0.539119266826258,7.70374234404361e-07,TCX,0.0205740547044568,0.474139610977455,13.045757490560677,0.539119266826258,0.0205740547044568,13.045757490560677,0.6971599402092674,False
137,SLC4A8,-0.570036486122297,2.31351697494469e-13,TCX,-0.0657997490802897,0.0164212953787592,6.522878745280337,0.570036486122297,0.0657997490802897,6.522878745280337,0.6962630792227205,True
138,DLG2,-0.367068223171694,3.662709329545e-06,TCX,0.0547564143348938,0.257483468199788,8.221848749616356,0.367068223171694,0.0547564143348938,8.221848749616356,0.6958146487294469,False
139,TMEM266,-0.400240889148303,7.70971722360599e-14,PHG,0.0459268909369362,0.328670557877854,8.522878745280337,0.400240889148303,0.0459268909369362,8.522878745280337,0.695216741405082,False
140,LAMTOR4,-0.139616755146339,0.0018208044492719,FP,-0.104780754286186,0.11916753620969,13.397940008672036,0.139616755146339,0.104780754286186,13.397940008672036,0.695067264573991,True
141,LAMA1,0.485050924888333,6.187071459393071e-09,PHG,0.0923631738665864,0.0238822494943913,6.221848749616356,0.485050924888333,0.0923631738665864,6.221848749616356,0.6946188340807175,True
142,TGFB2,0.69635973089518,7.2464976065096e-07,TCX,0.0218924488793329,0.719057232921109,10.045757490560677,0.69635973089518,0.0218924488793329,10.045757490560677,0.6937219730941704,True
143,KCNJ3,-0.42198571318812,1.82884186785878e-06,TCX,0.0268446633248117,0.396104912996594,12.154901959985745,0.42198571318812,0.0268446633248117,12.154901959985745,0.6931240657698057,False
144,SORCS3,-0.690357602923356,2.5736656460277e-09,TCX,-0.0530193251822056,0.0499000142418197,6.698970004336019,0.690357602923356,0.0530193251822056,6.698970004336019,0.6922272047832586,True
145,HSPA6,0.711429923387967,0.114305232252674,TCX,0.0342115325951426,0.835407673811408,8.096910013008056,0.711429923387967,0.0342115325951426,8.096910013008056,0.6913303437967115,True
146,LRRK2,-0.241825275149718,0.0027128632579465,TCX,-0.0391239666483367,0.588884295980591,15.0,0.241825275149718,0.0391239666483367,15.0,0.690134529147982,True
147,FAT1,0.417167915914238,1.71723002783367e-09,PHG,0.0999075678504171,0.0535607545532115,6.3979400086720375,0.417167915914238,0.0999075678504171,6.3979400086720375,0.690134529147982,True
148,PRICKLE1,-0.463719398346748,1.4379988562209098e-11,PHG,-0.0349672101542013,0.192460954190894,9.096910013008056,0.463719398346748,0.0349672101542013,9.096910013008056,0.6895366218236173,True
149,PREX1,0.450890403963132,7.5295200577337e-09,PHG,0.0283892571603359,0.265116213526599,10.522878745280336,0.450890403963132,0.0283892571603359,10.522878745280336,0.6881913303437966,True
150,AGFG2,0.460798622252316,1.80975327073383e-10,TCX,0.0653660901153725,0.0051479385257149,7.301029995663981,0.460798622252316,0.0653660901153725,7.301029995663981,0.6880418535127054,True
151,NDUFAB1,-0.347700783288486,8.354493136195251e-09,PHG,-0.0470357671220982,0.292485439588249,8.698970004336019,0.347700783288486,0.0470357671220982,8.698970004336019,0.6866965620328849,True
152,C1S,0.702297660402667,1.97483983700387e-08,TCX,0.0290911371566352,0.655745639091267,8.522878745280337,0.702297660402667,0.0290911371566352,8.522878745280337,0.6862481315396114,True
153,CD55,0.367039110449514,8.62803836803954e-05,TCX,-0.0654450564103818,0.266431394589787,7.698970004336019,0.367039110449514,0.0654450564103818,7.698970004336019,0.6857997010463377,False
154,G3BP2,-0.473310622803932,2.5295194228718797e-11,TCX,-0.045399949045828,0.155604228145293,8.0,0.473310622803932,0.045399949045828,8.0,0.685201793721973,True
155,BCAM,0.540496678143731,1.42118322177483e-08,TCX,-0.0099937138350603,0.776082059875056,191.15490195998572,0.540496678143731,0.0099937138350603,191.15490195998572,0.6849028400597907,False
156,AHCYL2,0.387361099008412,3.39208406816207e-09,TCX,-0.046910419530172,0.12243674398061,8.301029995663981,0.387361099008412,0.046910419530172,8.301029995663981,0.6834080717488789,False
157,ADCK1,-0.252458297895872,0.0010257061175787,TCX,-0.0340056444909342,0.427187341929126,17.096910013008056,0.252458297895872,0.0340056444909342,17.096910013008056,0.6834080717488789,True
158,COL6A3,0.881594807260218,1.68312373428317e-05,TCX,-0.110816253663579,0.44830798571084,5.221848749616356,0.881594807260218,0.110816253663579,5.221848749616356,0.682660687593423,False
159,SLC25A29,0.247817681637082,0.0001401249811027,PHG,0.0570139336555051,0.0493355218421535,9.522878745280336,0.247817681637082,0.0570139336555051,9.522878745280336,0.6823617339312407,True
160,NECAB1,-0.557801965646529,4.05704452259411e-08,PHG,-0.066691808642914,0.118005023827104,6.221848749616356,0.557801965646529,0.066691808642914,6.221848749616356,0.6823617339312406,True
161,MAVS,0.398013732471846,8.3806165483325e-09,PHG,-0.0222129036088019,0.467025206568592,14.30102999566398,0.398013732471846,0.0222129036088019,14.30102999566398,0.6820627802690582,False
162,TENM2,-0.501567646405563,8.34735660632375e-08,TCX,-0.0291244279980355,0.305740021323332,9.522878745280336,0.501567646405563,0.0291244279980355,9.522878745280336,0.6814648729446935,True
163,DGKI,-0.515202366045717,7.81962344268283e-16,PHG,-0.0465545506664918,0.0485614098029237,7.698970004336019,0.515202366045717,0.0465545506664918,7.698970004336019,0.6813153961136025,True
164,SLC22A23,0.244584176619127,5.14098765897137e-07,PHG,-0.0688417719618795,0.0001061543891975,8.698970004336019,0.244584176619127,0.0688417719618795,8.698970004336019,0.6804185351270553,False
165,TJP1,0.368243516804977,1.98299048112343e-12,PHG,-0.021164616147583,0.713771770990852,16.69897000433602,0.368243516804977,0.021164616147583,16.69897000433602,0.6799701046337818,False
166,SFT2D2,0.540334777912932,3.05537080813422e-14,PHG,0.127966865326999,0.0223338922795268,5.522878745280337,0.540334777912932,0.127966865326999,5.522878745280337,0.6799701046337818,True
167,TRPM4,-0.140134776080337,0.0026580405960758,ACC,0.0789678872513884,0.24092791688961,13.69897000433602,0.140134776080337,0.0789678872513884,13.69897000433602,0.6796711509715994,False
168,HDAC9,-0.47292796391105,5.859378106455921e-09,TCX,-0.137165373406887,0.0855004500984508,5.698970004336019,0.47292796391105,0.137165373406887,5.698970004336019,0.6795216741405081,True
169,UQCRH,-0.420625071986214,4.65409879385688e-13,PHG,-0.0168232935268015,0.553569031956335,20.39794000867204,0.420625071986214,0.0168232935268015,20.39794000867204,0.679372197309417,True
170,TMEM59L,-0.379529831703754,2.16250962014283e-07,PHG,-0.0434252631949308,0.217042635245064,8.522878745280337,0.379529831703754,0.0434252631949308,8.522878745280337,0.679372197309417,True
171,SPATS2,-0.291754253242986,1.25573672691637e-10,PHG,-0.0492297731881922,0.361121195514081,9.096910013008056,0.291754253242986,0.0492297731881922,9.096910013008056,0.6790732436472346,True
172,MOBP,-0.31970272520677,0.0054562379242282,ACC,-0.130680672991065,0.192611603026389,7.0,0.31970272520677,0.130680672991065,7.0,0.6790732436472346,True
173,CAMK4,-0.671963686105646,1.45205366560847e-12,PHG,-0.0717574965498298,0.0531991432469551,5.698970004336019,0.671963686105646,0.0717574965498298,5.698970004336019,0.6780269058295962,True
174,CAMKV,-0.343400458152109,9.04033555777634e-06,PHG,-0.0198183554122046,0.764157036946989,23.0,0.343400458152109,0.0198183554122046,23.0,0.677727952167414,True
175,HTR1A,-0.421140694666573,3.90963818290038e-05,PHG,0.138148094392897,0.0061084136987273,6.0,0.421140694666573,0.138148094392897,6.0,0.6772795216741404,False
176,MTHFD1L,-0.284339092050125,3.75291223677462e-06,TCX,0.044301659424392,0.197806234802667,9.69897000433602,0.284339092050125,0.044301659424392,9.69897000433602,0.6768310911808669,False
177,SERPINF1,-0.429077430691715,1.53001924962285e-07,PHG,-0.0151752902065213,0.742018590626699,22.30102999566398,0.429077430691715,0.0151752902065213,22.30102999566398,0.6765321375186846,True
178,GAB2,0.247645952649596,5.91979505623983e-05,PHG,-0.0514325839910292,0.0040703570881578,10.0,0.247645952649596,0.0514325839910292,10.0,0.6762331838565022,False
179,RGS4,-1.29485779991493,9.590197750544489e-18,PHG,-0.139154046910553,0.0506025112698441,5.096910013008056,1.29485779991493,0.139154046910553,5.096910013008056,0.6759342301943198,True
180,FBXO40,-0.565735388918698,9.88998186242845e-06,TCX,0.0741228226484282,0.134739054746155,6.0,0.565735388918698,0.0741228226484282,6.0,0.6757847533632286,False
181,SMARCA4,-0.221153502880885,4.86723045994986e-06,TCX,0.0324680574656553,0.284457992321983,34.69897000433602,0.221153502880885,0.0324680574656553,34.69897000433602,0.6750373692077727,False
182,TPCN1,-0.20697596970228,0.0006334037563047,PCC,-0.0927327625862395,0.0083580028600055,8.698970004336019,0.20697596970228,0.0927327625862395,8.698970004336019,0.6750373692077727,True
183,ARL6IP4,0.108100862983724,0.387386198456075,TCX,0.221888649762052,0.0077260460374774,13.0,0.108100862983724,0.221888649762052,13.0,0.6736920777279521,True
184,CRK,0.228577973990507,1.97349251708176e-10,TCX,0.0356143151714586,0.0274320610568989,16.30102999566398,0.228577973990507,0.0356143151714586,16.30102999566398,0.673542600896861,True
185,BCL11A,-0.434238973654089,8.65063579375501e-12,PHG,-0.0248404753905616,0.647273410434039,11.0,0.434238973654089,0.0248404753905616,11.0,0.6733931240657698,True
186,CUL2,-0.204115850898625,3.77937220502044e-08,PHG,-0.0395490598572318,0.018819260195892,17.69897000433602,0.204115850898625,0.0395490598572318,17.69897000433602,0.6713004484304932,True
187,GRIK2,-0.41674409666207,4.04601733690606e-07,TCX,0.0458451354132512,0.03643303407828,8.0,0.41674409666207,0.0458451354132512,8.0,0.6708520179372197,False
188,PSME4,0.143504753000975,0.0017759725406066,PHG,-0.0877247134432019,0.0705941788891467,11.69897000433602,0.143504753000975,0.0877247134432019,11.69897000433602,0.6704035874439461,False
189,GTF2H1,-0.231372460868767,2.37936656490801e-08,TCX,0.0904636022655073,0.10123748290328,8.154901959985743,0.231372460868767,0.0904636022655073,8.154901959985743,0.6704035874439461,False
190,CCDC117,0.292522106762414,0.0007197061670873,TCX,-0.0384861451539269,0.630893187716218,10.221848749616356,0.292522106762414,0.0384861451539269,10.221848749616356,0.6693572496263078,False
191,ECE1,0.461203476809607,4.398311746661019e-11,TCX,0.072376657254185,0.0226702316202688,6.221848749616356,0.461203476809607,0.072376657254185,6.221848749616356,0.668609865470852,True
192,FCER1G,0.550470743713457,0.0001855973076476,PHG,-0.0797681696259415,0.329324061534349,5.698970004336019,0.550470743713457,0.0797681696259415,5.698970004336019,0.6681614349775784,False
193,GRIA1,-0.314676424150711,1.7548028121767e-05,PHG,-0.0459732162681397,0.318805712444823,8.698970004336019,0.314676424150711,0.0459732162681397,8.698970004336019,0.6681614349775784,True
194,EFHD1,0.595000996954442,5.09990455991618e-10,PHG,-0.0599219360645804,0.463116336552177,6.096910013008056,0.595000996954442,0.0599219360645804,6.096910013008056,0.6668161434977579,False
195,BCAR3,0.492983394327493,2.52926247967885e-07,TCX,0.0528938882403669,0.127875763865244,7.221848749616356,0.492983394327493,0.0528938882403669,7.221848749616356,0.6657698056801196,True
196,KCNN3,0.477629699242931,7.42456962837609e-05,TCX,0.0966498412675514,0.0001062086675625,5.698970004336019,0.477629699242931,0.0966498412675514,5.698970004336019,0.6651718983557547,True
197,ICA1L,-0.263589715860982,1.03949722134792e-05,TCX,-0.0317095213574889,0.124368064714789,14.154901959985745,0.263589715860982,0.0317095213574889,14.154901959985745,0.6648729446935724,True
198,AHCYL1,0.483772916525645,2.26527956656676e-08,PHG,-0.0790762887718725,0.001245387622227,6.0,0.483772916525645,0.0790762887718725,6.0,0.6647234678624813,False
199,CTCF,0.123615586194624,5.774786601787e-09,DLPFC,0.0679079193636804,0.160852185757969,16.69897000433602,0.123615586194624,0.0679079193636804,16.69897000433602,0.6644245142002989,True
200,MAP4K4,0.402662650765178,3.4305054055677702e-09,PHG,0.0579382974107484,0.201739233216807,7.397940008672037,0.402662650765178,0.0579382974107484,7.397940008672037,0.6644245142002988,True
201,RADIL,0.331435935289432,6.91267056653544e-06,TCX,0.0681019787644294,0.241813106715521,7.522878745280337,0.331435935289432,0.0681019787644294,7.522878745280337,0.6639760837070253,True
202,UMAD1,-0.255392598738101,7.33427006186163e-07,TCX,-0.0363462629227867,0.465590897100826,12.0,0.255392598738101,0.0363462629227867,12.0,0.6638266068759342,True
203,NDUFA10,-0.193285133690193,5.97716267757043e-10,TCX,-0.0640449443732631,0.0216949445923073,10.0,0.193285133690193,0.0640449443732631,10.0,0.6630792227204783,True
204,TMED10,0.362265996901702,2.23289492180246e-14,PHG,-0.0286753765558981,0.126803139424624,10.522878745280336,0.362265996901702,0.0286753765558981,10.522878745280336,0.6618834080717488,False
205,CBLN4,-1.06789641380761,2.2350922204362706e-15,TCX,-0.0902748138239033,0.0266589702822434,5.154901959985743,1.06789641380761,0.0902748138239033,5.154901959985743,0.6615844544095665,True
206,VAT1L,-0.312886579013157,0.0004127920621233,TCX,0.132142786450299,0.0092574791843637,6.3979400086720375,0.312886579013157,0.132142786450299,6.3979400086720375,0.6611360239162929,False
207,SCARA3,0.565130610590862,6.6479478491065e-06,TCX,-0.0276779922402792,0.713900996382265,8.522878745280337,0.565130610590862,0.0276779922402792,8.522878745280337,0.6605381165919282,False
208,RPL28,0.212918051233476,0.0006574732594938,IFG,-0.0720096088938361,0.0193034933090653,8.698970004336019,0.212918051233476,0.0720096088938361,8.698970004336019,0.660388639760837,False
209,KHDRBS2,-0.653566276304712,3.830906543827e-11,TCX,-0.0043795837882282,0.934295162584948,21.69897000433602,0.653566276304712,0.0043795837882282,21.69897000433602,0.6599402092675635,True
210,PLCG2,0.450678097329289,3.64314833024812e-08,PHG,-0.0147296404372643,0.847584277544965,16.154901959985743,0.450678097329289,0.0147296404372643,16.154901959985743,0.6599402092675635,False
211,CISD1,-0.540845252110081,4.53778785677651e-12,PHG,-0.0322937708233802,0.2476903064644,8.154901959985743,0.540845252110081,0.0322937708233802,8.154901959985743,0.6596412556053812,True
212,ASAP1,-0.124130351829572,7.87399597594903e-06,IFG,-0.0855872803780213,0.0002105727322572,12.69897000433602,0.124130351829572,0.0855872803780213,12.69897000433602,0.6593423019431988,True
213,SHISA7,-0.244009978588297,0.0006304072856748,TCX,-0.0994166075212578,0.0204357208712687,7.698970004336019,0.244009978588297,0.0994166075212578,7.698970004336019,0.6582959641255606,True
214,COL11A1,-0.152245678216283,0.0087180688637829,PHG,0.319823478620984,0.0176579720346695,9.0,0.152245678216283,0.319823478620984,9.0,0.6568011958146487,False
215,STAG1,0.25940435285082,1.10345284929853e-13,PHG,0.068702239579315,0.224856692551778,8.0,0.25940435285082,0.068702239579315,8.0,0.6568011958146487,True
216,LRFN1,-0.271574160002011,0.0002808385758076,PHG,0.0247296158239715,0.368174808318839,17.522878745280337,0.271574160002011,0.0247296158239715,17.522878745280337,0.6568011958146487,False
217,PLCH1,-0.477087320099901,9.10755759842391e-07,TCX,-0.0141085152202529,0.736987254145786,14.397940008672036,0.477087320099901,0.0141085152202529,14.397940008672036,0.6559043348281016,True
218,OARD1,-0.174025562951296,0.0027738592004449,TCX,-0.0474030319956194,0.19787108480804,13.69897000433602,0.174025562951296,0.0474030319956194,13.69897000433602,0.655455904334828,True
219,EGFR,0.370996551999055,0.0072486142759387,TCX,0.0304835876553716,0.411967301443623,9.69897000433602,0.370996551999055,0.0304835876553716,9.69897000433602,0.6553064275037369,True
220,SORL1,-0.362450328625278,9.29984724629346e-09,TCX,0.0154580424318861,0.526567500492856,22.0,0.362450328625278,0.0154580424318861,22.0,0.6542600896860986,False
221,LGI2,-0.871718254870204,3.67108825360179e-09,TCX,-0.0678769118648417,0.213738913029535,5.301029995663981,0.871718254870204,0.0678769118648417,5.301029995663981,0.6539611360239163,True
222,TIMP2,0.296295431339963,1.07659493674156e-10,PHG,0.0706913213093041,0.0332460074149509,7.522878745280337,0.296295431339963,0.0706913213093041,7.522878745280337,0.6535127055306427,True
223,WDR7,-0.279616825235592,1.89982627198086e-07,TCX,-0.026095028783737,0.141331878081023,14.522878745280336,0.279616825235592,0.026095028783737,14.522878745280336,0.6526158445440956,True
224,SCAPER,-0.22444351037446,1.56407101263016e-05,TCX,0.0283788108760912,0.447138127832597,22.30102999566398,0.22444351037446,0.0283788108760912,22.30102999566398,0.6523168908819132,False
225,CHRM3,-0.500415503614102,2.83449433053393e-09,PHG,0.102084965141437,0.126449715883759,5.3979400086720375,0.500415503614102,0.102084965141437,5.3979400086720375,0.6520179372197309,False
226,TESC,-0.356944796956812,1.55651496182248e-07,PHG,-0.0461020899240822,0.173494059350163,8.0,0.356944796956812,0.0461020899240822,8.0,0.6508221225710015,True
227,SYPL1,0.403889440839559,2.24047503070407e-09,PHG,0.101368445454303,0.565766382014138,5.698970004336019,0.403889440839559,0.101368445454303,5.698970004336019,0.6496263079222719,True
228,NRF1,0.0931080091262508,0.0164093701053237,TCX,0.178632687219298,0.0896958907296175,12.221848749616356,0.0931080091262508,0.178632687219298,12.221848749616356,0.6493273542600897,True
229,GRM8,-0.591049014627494,1.8735455499424e-21,PHG,-0.0334791650055935,0.555960832684846,7.698970004336019,0.591049014627494,0.0334791650055935,7.698970004336019,0.648729446935725,True
230,GRK5,-0.15398692736665,0.0076805294598944,PHG,-0.0438299622877474,0.0559667264481042,18.69897000433602,0.15398692736665,0.0438299622877474,18.69897000433602,0.6476831091180867,True
231,HINT1,-0.347674669461185,1.47363325459886e-09,PHG,0.0201476754683776,0.396181530967884,13.69897000433602,0.347674669461185,0.0201476754683776,13.69897000433602,0.6473841554559043,False
232,PAK4,0.401470788894006,1.31987909167817e-13,TCX,0.0233166313535201,0.411967301443623,10.30102999566398,0.401470788894006,0.0233166313535201,10.30102999566398,0.6470852017937219,True
233,NTRK2,0.166343637245127,0.127392037663013,TCX,-0.0969348830806118,0.681721912854382,8.698970004336019,0.166343637245127,0.0969348830806118,8.698970004336019,0.6469357249626307,False
234,SYNJ1,-0.426537198270811,7.54601904870759e-09,PHG,-0.0319299045213007,0.0944202601235738,8.522878745280337,0.426537198270811,0.0319299045213007,8.522878745280337,0.6467862481315396,True
235,PHF3,0.185456834715564,8.87790076800872e-10,PHG,0.0587105525833572,0.178564886835182,10.0,0.185456834715564,0.0587105525833572,10.0,0.6466367713004484,True
236,ENSA,-0.172452782905903,7.11775134812022e-06,TCX,-0.077773817455853,0.0019934515300591,9.096910013008056,0.172452782905903,0.077773817455853,9.096910013008056,0.6464872944693572,True
237,ACTN4,0.239774999647471,2.83423840792479e-08,TCX,-0.159931318486249,0.0002988046365869,7.301029995663981,0.239774999647471,0.159931318486249,7.301029995663981,0.6461883408071748,False
238,NUMA1,0.21896748287971,1.80937334934512e-05,PHG,0.034573365447753,0.401384113087504,14.0,0.21896748287971,0.034573365447753,14.0,0.6458893871449926,True
239,GOLPH3L,0.137274843806658,0.0296569072307934,TCX,0.0590613554494401,0.009888977197368,14.0,0.137274843806658,0.0590613554494401,14.0,0.644693572496263,True
240,RIF1,0.0987012944669576,0.0005454521998113,PHG,0.0990048588671047,0.065882309084475,13.096910013008056,0.0987012944669576,0.0990048588671047,13.096910013008056,0.6445440956651719,True
241,ABI3,0.562015897787049,2.05108583049934e-07,PHG,0.006626053721617,0.90388128690161,17.096910013008056,0.562015897787049,0.006626053721617,17.096910013008056,0.6445440956651719,True
242,WDR12,-0.287901600136027,6.20056565335779e-07,TCX,0.0545247467016594,0.0722269335642219,8.0,0.287901600136027,0.0545247467016594,8.0,0.6442451420029895,False
243,ME3,-0.333347095589834,3.49908020022591e-06,TCX,-0.0321789248092424,0.296647746779935,9.522878745280336,0.333347095589834,0.0321789248092424,9.522878745280336,0.6428998505231689,True
244,NFIB,0.250437520447907,6.90592112267812e-07,TCX,0.074852441127281,0.285503567657669,7.698970004336019,0.250437520447907,0.074852441127281,7.698970004336019,0.6427503736920777,True
245,SLFN5,-0.265422072755263,0.0108004746273946,TCX,-0.0668574743251824,0.413796026909466,7.698970004336019,0.265422072755263,0.0668574743251824,7.698970004336019,0.642152466367713,True
246,PLCL1,0.175608534133418,0.0015795627125781,PHG,-0.0523727156839142,0.0771057106545757,11.0,0.175608534133418,0.0523727156839142,11.0,0.6417040358744395,False
247,SLC43A2,-0.313155825196386,7.1541184988863e-07,ACC,-0.0234158155452705,0.445104109724304,12.69897000433602,0.313155825196386,0.0234158155452705,12.69897000433602,0.641405082212257,True
248,ITGB8,0.543408860845673,9.246560242895827e-12,PHG,0.0992772191243037,5.27401827228108e-05,5.221848749616356,0.543408860845673,0.0992772191243037,5.221848749616356,0.6411061285500746,True
249,TRIP6,0.537831498187122,8.248173482482498e-12,PHG,0.0639100148597518,0.0908305136271449,5.698970004336019,0.537831498187122,0.0639100148597518,5.698970004336019,0.6406576980568011,True
250,UBE2D1,-0.187794854879875,2.36498902503475e-05,TCX,-0.0947222212589598,0.0061084136987273,8.154901959985743,0.187794854879875,0.0947222212589598,8.154901959985743,0.64050822122571,True
251,CTNND1,0.138403234309138,0.0017410484237101,TCX,-0.0671877396156292,0.0012746456392,11.522878745280336,0.138403234309138,0.0671877396156292,11.522878745280336,0.6403587443946188,False
252,UBE2V2,-0.369776356159734,2.2157855927284e-11,PHG,-0.0270668652755703,0.0352292370368451,9.69897000433602,0.369776356159734,0.0270668652755703,9.69897000433602,0.6403587443946188,True
253,EIF2B3,-0.301655237083649,2.34360892182494e-09,TCX,0.0188506659679567,0.214498133766954,17.30102999566398,0.301655237083649,0.0188506659679567,17.30102999566398,0.6394618834080718,False
254,JUP,0.399668219421668,4.1618511147467e-08,PHG,0.0384399753548179,0.449673936010162,8.0,0.399668219421668,0.0384399753548179,8.0,0.6391629297458894,True
255,MVB12B,0.355057943531361,1.4650764846372e-09,PHG,-0.0402432526042069,0.317974320956732,8.096910013008056,0.355057943531361,0.0402432526042069,8.096910013008056,0.6390134529147982,False
256,PDP1,-0.627465845704912,9.90363425632717e-10,PHG,-0.0064377424962382,0.830885177590834,14.0,0.627465845704912,0.0064377424962382,14.0,0.6381165919282511,True
257,ACE,0.14015032514875,0.067717807366929,FP,0.051782209156123,0.263877389014718,14.69897000433602,0.14015032514875,0.051782209156123,14.69897000433602,0.63796711509716,True
258,HP1BP3,0.2263702314164,2.8877335690245e-08,TCX,0.0356840857930054,0.247987530338062,11.69897000433602,0.2263702314164,0.0356840857930054,11.69897000433602,0.6369207772795216,True
259,ARHGAP20,-0.698693355322777,1.28354097476137e-10,TCX,-0.0425538391269787,0.389715585108886,6.154901959985743,0.698693355322777,0.0425538391269787,6.154901959985743,0.6366218236173393,True
260,CADPS,-0.556582609226419,1.6403461644950498e-11,PHG,0.0885144542037295,0.389749019510799,5.221848749616356,0.556582609226419,0.0885144542037295,5.221848749616356,0.6357249626307923,False
261,ARHGAP45,0.410621237472564,1.92588884582059e-06,IFG,0.0240739416409027,0.722305833140146,9.522878745280336,0.410621237472564,0.0240739416409027,9.522878745280336,0.6351270553064274,True
262,FEM1A,0.335587019082381,2.14395857284202e-05,TCX,0.0226194710334378,0.671322066752278,11.69897000433602,0.335587019082381,0.0226194710334378,11.69897000433602,0.6345291479820627,True
263,CHLSN,-0.205993454379501,0.0130751489741899,TCX,0.0880364367127673,0.0804703502695902,8.0,0.205993454379501,0.0880364367127673,8.0,0.6343796711509716,False
264,FAM107A,0.664411727906511,5.98694078129584e-13,PHG,0.0864951736602502,0.292674430598173,5.096910013008056,0.664411727906511,0.0864951736602502,5.096910013008056,0.6343796711509716,True
265,MICALL2,0.39127557743285,2.22879840019501e-05,TCX,0.102258283214674,0.0528356747932819,5.522878745280337,0.39127557743285,0.102258283214674,5.522878745280337,0.633931240657698,True
266,NXN,0.542872677179753,1.7922365085938302e-10,TCX,0.0381525136028497,0.205374726625287,7.301029995663981,0.542872677179753,0.0381525136028497,7.301029995663981,0.633034379671151,True
267,FBP1,0.144235374790954,0.165869703975395,DLPFC,0.0470817400961759,0.300584353233459,14.69897000433602,0.144235374790954,0.0470817400961759,14.69897000433602,0.6316890881913304,True
268,ABCA8,0.704431532641258,2.6431986209409005e-10,PHG,-0.0356575477600205,0.603103170759695,6.522878745280337,0.704431532641258,0.0356575477600205,6.522878745280337,0.6313901345291479,False
269,SLC2A3,-0.111302343567158,0.29921208718208,STG,-0.10761547246685,0.008545815213429,10.096910013008056,0.111302343567158,0.10761547246685,10.096910013008056,0.6303437967115098,True
270,ANXA1,0.852008361484992,1.83487388917792e-10,TCX,0.0196771883635096,0.741413904680211,8.154901959985743,0.852008361484992,0.0196771883635096,8.154901959985743,0.6303437967115098,True
271,ARFGAP2,-0.103872797600298,0.0445448869732703,TCX,-0.0550094397531822,0.0021611251795896,20.045757490560675,0.103872797600298,0.0550094397531822,20.045757490560675,0.629895366218236,True
272,IQGAP2,0.620103198176705,5.16276583862714e-09,PHG,0.0970332354267385,0.0608326375369777,5.045757490560675,0.620103198176705,0.0970332354267385,5.045757490560675,0.6291479820627802,True
273,ROBO2,-0.839750906297709,3.22794566218997e-09,TCX,-0.0098519912427076,0.751412673730185,10.0,0.839750906297709,0.0098519912427076,10.0,0.6289985052316891,True
274,OLFM1,-0.478548457025578,2.5844130894231497e-12,PHG,-0.0994733186653518,0.0009506833391499,5.221848749616356,0.478548457025578,0.0994733186653518,5.221848749616356,0.6285500747384155,True
275,TTC28,0.1679987166766,0.000349065936075,TCX,-0.0501874127157555,0.372693009464533,10.69897000433602,0.1679987166766,0.0501874127157555,10.69897000433602,0.6285500747384154,False
276,MSH6,0.22053984539797,2.7383888047727897e-11,PHG,0.0528465116247549,0.257621264453804,8.698970004336019,0.22053984539797,0.0528465116247549,8.698970004336019,0.6281016442451419,True
277,MYT1L,-0.43260589508399,2.04819856356808e-07,TCX,0.0693866064015125,0.407781564648514,5.698970004336019,0.43260589508399,0.0693866064015125,5.698970004336019,0.6272047832585949,False
278,NOS1,-0.50884960369131,0.0001901128756535,TCX,-0.0600360846339925,0.0058420747676576,5.698970004336019,0.50884960369131,0.0600360846339925,5.698970004336019,0.62660687593423,True
279,IPO5,-0.113517594584788,0.0005986529367659,STG,-0.0650042489442363,0.0048573199624495,13.154901959985745,0.113517594584788,0.0650042489442363,13.154901959985745,0.6258594917787742,True
280,ACOT4,-0.400287142298485,1.14651091764699e-05,PCC,0.0878388119185452,0.311131765895119,5.522878745280337,0.400287142298485,0.0878388119185452,5.522878745280337,0.625560538116592,False
281,PYGL,0.505937845343144,0.0001309746192145,TCX,0.0472862476693322,0.197125842818728,6.221848749616356,0.505937845343144,0.0472862476693322,6.221848749616356,0.625560538116592,True
282,TLN2,-0.415262628362334,1.3979565849497799e-11,TCX,-0.0502136673112521,0.0057956461233471,6.522878745280337,0.415262628362334,0.0502136673112521,6.522878745280337,0.6251121076233184,True
283,KCNK1,-0.307313349986582,0.0001531406372663,PHG,0.0860106567671242,0.141288021831834,6.154901959985743,0.307313349986582,0.0860106567671242,6.154901959985743,0.6246636771300448,False
284,BNIP3,-0.257045059185528,3.22420413251163e-12,PHG,-0.0973968583231199,0.0048002313289551,6.522878745280337,0.257045059185528,0.0973968583231199,6.522878745280337,0.6239162929745888,True
285,GRN,0.269257454445119,7.39726039288445e-05,STG,0.0179956354660558,0.814455105941371,19.69897000433602,0.269257454445119,0.0179956354660558,19.69897000433602,0.6237668161434977,True
286,GRIN2B,-0.85626572083651,1.2182825218697e-11,TCX,-0.0466567305689131,0.105213162752632,5.522878745280337,0.85626572083651,0.0466567305689131,5.522878745280337,0.6234678624813155,True
287,COQ6,-0.324495356236851,3.77730467566309e-08,TCX,0.01803842368989,0.699371292855958,13.69897000433602,0.324495356236851,0.01803842368989,13.69897000433602,0.623168908819133,False
288,SEPTIN5,-0.277908060149148,0.0162616033428394,FP,-0.0907880199959985,0.0770700091755827,6.301029995663981,0.277908060149148,0.0907880199959985,6.301029995663981,0.6225710014947683,True
289,EIF4G3,-0.221027297875276,6.57080541342687e-08,TCX,-0.0340535919060659,0.0429586679639972,11.69897000433602,0.221027297875276,0.0340535919060659,11.69897000433602,0.6225710014947683,True
290,HMG20A,-0.354150249703779,3.62484161400313e-06,TCX,0.0159448668783256,0.711682526418001,13.69897000433602,0.354150249703779,0.0159448668783256,13.69897000433602,0.6222720478325858,False
291,PTPRO,-0.825533655321392,7.50814777857723e-14,TCX,0.0661255979402084,0.219707891194742,5.096910013008056,0.825533655321392,0.0661255979402084,5.096910013008056,0.62152466367713,False
292,SVIL,0.236700497242036,0.0003175435697408,TCX,-0.0829369052968402,0.126833976665877,7.397940008672037,0.236700497242036,0.0829369052968402,7.397940008672037,0.620777279521674,False
293,RACK1,0.282677584236963,8.90200386570358e-10,TCX,-0.046725857172085,0.001031314077879,8.0,0.282677584236963,0.046725857172085,8.0,0.6206278026905829,False
294,MRC1,0.455941821847098,4.72684071669234e-05,ACC,-0.0246791827020549,0.668527787658045,8.522878745280337,0.455941821847098,0.0246791827020549,8.522878745280337,0.6201793721973093,False
295,HBB,-0.643968348253949,0.0211109580644756,FP,0.0804199269097579,0.40915989772594,5.045757490560675,0.643968348253949,0.0804199269097579,5.045757490560675,0.619880418535127,False
296,FARP2,0.160967194010437,2.86612996958521e-06,PHG,0.0315626930640032,0.236431849213782,41.69897000433602,0.160967194010437,0.0315626930640032,41.69897000433602,0.6197309417040359,True
297,GALNT17,-0.455145530434144,3.88883097567244e-07,TCX,-0.074398336508791,0.0176579720346695,5.3979400086720375,0.455145530434144,0.074398336508791,5.3979400086720375,0.6185351270553063,True
298,NALF1,-0.398113515196321,2.1878158240095e-12,PHG,0.0918537313210033,0.103909828017989,5.3979400086720375,0.398113515196321,0.0918537313210033,5.3979400086720375,0.6182361733931241,False
299,TMEM245,0.138197587508693,0.0004264395353466,FP,0.0489495163537428,0.0675839762729035,13.397940008672036,0.138197587508693,0.0489495163537428,13.397940008672036,0.6173393124065769,True
300,PPP1R37,-0.164199182221958,0.0019157454915676,PHG,-0.0291925981086791,0.171215902212911,70.39794000867204,0.164199182221958,0.0291925981086791,70.39794000867204,0.615695067264574,True
301,WBP1L,0.324564980685665,7.45867162773735e-16,TCX,0.036382836943109,0.563565013138851,8.154901959985743,0.324564980685665,0.036382836943109,8.154901959985743,0.615695067264574,True
302,RB1CC1,-0.364553266583313,3.59715442925407e-14,PHG,0.0164180444486337,0.241054444037388,12.096910013008056,0.364553266583313,0.0164180444486337,12.096910013008056,0.6155455904334828,False
303,NOVA2,0.156886084312754,0.0138587070511098,FP,0.0352190618373422,0.323708817814833,17.69897000433602,0.156886084312754,0.0352190618373422,17.69897000433602,0.6147982062780268,True
304,PPP1CC,0.337031186674472,1.2670469350962498e-11,TCX,0.0422292501054712,0.0916238472708798,7.698970004336019,0.337031186674472,0.0422292501054712,7.698970004336019,0.6125560538116592,True
305,RAB6A,-0.226095522095225,2.77271716030819e-06,TCX,0.0304863415005836,0.155264324002129,12.0,0.226095522095225,0.0304863415005836,12.0,0.6121076233183856,False
306,COX5A,-0.247573046824808,6.58394058737736e-07,PHG,-0.0371769738002683,0.205239393443179,9.221848749616356,0.247573046824808,0.0371769738002683,9.221848749616356,0.6110612855007473,True
307,TOMM40,-0.157412251410241,2.02824624416652e-05,PCC,-0.0293699509590339,0.360334726396364,295.0,0.157412251410241,0.0293699509590339,295.0,0.6101644245142003,True
308,KCNH5,-0.568295393529208,1.0318142102217e-08,PHG,-0.0519771644710371,0.470898856312462,5.522878745280337,0.568295393529208,0.0519771644710371,5.522878745280337,0.6100149476831092,True
309,OSBP2,-0.135441640858868,0.0019350362370046,TCX,-0.0395982181940624,0.0235163422426829,18.0,0.135441640858868,0.0395982181940624,18.0,0.6076233183856501,True
310,OTULIN,0.265672393304933,8.851970490762849e-12,PHG,0.0276967900344057,0.546445317910866,10.221848749616356,0.265672393304933,0.0276967900344057,10.221848749616356,0.607473841554559,True
311,TNXB,0.391686342122973,5.90951070079542e-06,TCX,-0.0657918224928205,0.173523438690807,5.698970004336019,0.391686342122973,0.0657918224928205,5.698970004336019,0.6074738415545589,False
312,DOCK1,0.397696671435503,7.56554906805373e-10,PHG,-0.0144169482185648,0.708929573773028,11.522878745280336,0.397696671435503,0.0144169482185648,11.522878745280336,0.6071748878923766,False
313,OPLAH,0.237172380006585,0.0019526160775874,PHG,0.0269518047842331,0.392270802506569,12.096910013008056,0.237172380006585,0.0269518047842331,12.096910013008056,0.6053811659192825,True
314,SIL1,-0.0410887753892695,0.287362058051501,FP,-0.101891544719004,0.0705941788891467,13.522878745280336,0.0410887753892695,0.101891544719004,13.522878745280336,0.6047832585949178,True
315,SYN2,-0.521973888661018,1.36344784991997e-07,PHG,0.0741418045005372,0.0486979996488718,5.154901959985743,0.521973888661018,0.0741418045005372,5.154901959985743,0.6044843049327354,False
316,PCBD2,0.151326538483133,0.003314178898776,PHG,0.0420858920479172,0.268786276104264,12.69897000433602,0.151326538483133,0.0420858920479172,12.69897000433602,0.6031390134529147,True
317,VSNL1,-1.01934954376558,7.69933300908758e-13,PHG,-0.0306027003060175,0.2834870586259,6.221848749616356,1.01934954376558,0.0306027003060175,6.221848749616356,0.6022421524663677,True
318,NPC1,0.440634629750068,3.922048802486439e-11,PHG,-0.0313801835234179,0.429090050753139,7.698970004336019,0.440634629750068,0.0313801835234179,7.698970004336019,0.6020926756352765,False
319,MRPS30,-0.336942256977085,8.01586407113115e-08,TCX,-0.0548509271339666,0.146237013702658,6.3979400086720375,0.336942256977085,0.0548509271339666,6.3979400086720375,0.6019431988041853,True
320,ZMYM2,-0.0777675647025795,0.0212093420726496,TCX,0.0578225976126335,0.226359386001281,18.522878745280337,0.0777675647025795,0.0578225976126335,18.522878745280337,0.6005979073243647,False
321,MYO1C,0.529478622607805,5.03955934978903e-16,TCX,-0.0316337919561819,0.19313819951257,7.301029995663981,0.529478622607805,0.0316337919561819,7.301029995663981,0.599252615844544,False
322,RGS6,-0.386307715796967,2.06787325363748e-05,TCX,-0.0360529268479043,0.0644782372706522,7.522878745280337,0.386307715796967,0.0360529268479043,7.522878745280337,0.5991031390134529,True
323,PLIN3,0.522645201420098,1.03965674823264e-08,PHG,0.0317501739893165,0.603088527860552,7.301029995663981,0.522645201420098,0.0317501739893165,7.301029995663981,0.5986547085201793,True
324,RIMS1,-0.517286274182426,1.75675795600896e-08,TCX,-0.007434514945103,0.768175019460416,11.221848749616356,0.517286274182426,0.007434514945103,11.221848749616356,0.598355754857997,True
325,PDE10A,-0.53106937252806,1.82468044975482e-14,PHG,0.0190462182434694,0.609874891322405,8.301029995663981,0.53106937252806,0.0190462182434694,8.301029995663981,0.5979073243647234,False
326,CCDC91,-0.277573550726435,3.3762747338735203e-09,TCX,-0.0453876290466953,0.0064079193655308,7.698970004336019,0.277573550726435,0.0453876290466953,7.698970004336019,0.597608370702541,True
327,ADARB1,-0.0995414781107584,0.142075159849373,TCX,0.0706376118479253,0.0894724402542148,11.0,0.0995414781107584,0.0706376118479253,11.0,0.5971599402092675,False
328,CNTNAP2,-0.507768241437804,4.1775315114385304e-09,TCX,-0.0171860922387587,0.466579534629178,8.698970004336019,0.507768241437804,0.0171860922387587,8.698970004336019,0.5964125560538116,True
329,AP2S1,-0.361605666149857,2.2783897133265e-09,PHG,-0.0134008211423081,0.538296933805834,12.0,0.361605666149857,0.0134008211423081,12.0,0.5956651718983557,True
330,ALDH4A1,0.292530817539578,0.0039563110415598,TCX,-0.105238939392792,0.0143017457297903,5.522878745280337,0.292530817539578,0.105238939392792,5.522878745280337,0.5947683109118087,False
331,OSBPL6,-0.34421417588049,2.0854567193345197e-11,PHG,-0.0428486730168278,0.0114009170708037,7.301029995663981,0.34421417588049,0.0428486730168278,7.301029995663981,0.5947683109118086,True
332,CDH19,0.516539756264961,4.7234131381421e-06,PHG,-0.0358372864777046,0.626355737758634,6.3979400086720375,0.516539756264961,0.0358372864777046,6.3979400086720375,0.5944693572496262,False
333,EEA1,-0.161161763389364,0.0088089214233002,TCX,-0.0342476084544662,0.0128475112439999,13.69897000433602,0.161161763389364,0.0342476084544662,13.69897000433602,0.5941704035874439,True
334,OPA3,0.0563241922500533,0.285545237197779,STG,-0.0569085395219022,0.0056540146523674,24.522878745280337,0.0563241922500533,0.0569085395219022,24.522878745280337,0.593423019431988,False
335,GPT2,0.390890930992995,1.03468308754233e-06,TCX,-0.0377051452505695,0.398375219228168,7.301029995663981,0.390890930992995,0.0377051452505695,7.301029995663981,0.5926756352765321,False
336,CD82,0.258652471435161,0.0007235967426077,PHG,-0.0782299800976223,0.186052003638686,6.154901959985743,0.258652471435161,0.0782299800976223,6.154901959985743,0.5923766816143498,False
337,EML6,-0.358505204360012,2.5375110560766102e-14,PHG,-0.0442531605076137,0.0755596144944337,6.698970004336019,0.358505204360012,0.0442531605076137,6.698970004336019,0.5923766816143498,True
338,CTSH,0.380838394165108,0.0003512836769034,TCX,0.0246721394691233,0.751423187848479,8.397940008672037,0.380838394165108,0.0246721394691233,8.397940008672037,0.5920777279521674,True
339,PVR,-0.0692095998277695,0.0259332724163673,DLPFC,-0.0505139090920471,0.04769706043555,65.30102999566398,0.0692095998277695,0.0505139090920471,65.30102999566398,0.5919282511210762,True
340,VAC14,0.0602545784034598,0.227007306661097,FP,-0.0609721221723996,0.0001678460921943,18.30102999566398,0.0602545784034598,0.0609721221723996,18.30102999566398,0.5919282511210762,False
341,COL18A1,0.445809983822995,5.63821926156236e-06,PHG,-0.0443921117176677,0.436943579747067,6.096910013008056,0.445809983822995,0.0443921117176677,6.096910013008056,0.591778774289985,False
342,EMB,-0.531376303921307,2.61932583520449e-07,TCX,-0.0155440983170755,0.750161818381963,8.698970004336019,0.531376303921307,0.0155440983170755,8.698970004336019,0.5904334828101644,True
343,PHF14,-0.360497859794093,3.42227081360813e-14,TCX,0.0311716768857482,0.50864525921887,8.0,0.360497859794093,0.0311716768857482,8.0,0.590134529147982,False
344,CEP170B,-0.22972020134734,0.0021777106221232,PHG,-0.0230378699221841,0.189148862100057,12.69897000433602,0.22972020134734,0.0230378699221841,12.69897000433602,0.5893871449925261,True
345,EHHADH,-0.216384557433109,3.29664001533559e-05,DLPFC,-0.0593534522264556,0.0707775749491611,7.698970004336019,0.216384557433109,0.0593534522264556,7.698970004336019,0.5886397608370701,True
346,AXIN1,0.319674832077847,6.29401357196168e-07,TCX,0.019291086109594,0.800500990546591,10.096910013008056,0.319674832077847,0.019291086109594,10.096910013008056,0.5878923766816143,True
347,SMC2,-0.118373228066206,0.188089567835559,TCX,0.0976876176559332,0.374505959011636,8.522878745280337,0.118373228066206,0.0976876176559332,8.522878745280337,0.587593423019432,False
348,UBE2L3,0.181631767335118,2.05043126269954e-07,TCX,0.0339282907285934,0.0946090205351657,11.397940008672036,0.181631767335118,0.0339282907285934,11.397940008672036,0.5872944693572496,True
349,PID1,-0.364928607442419,5.4430442497304204e-14,PHG,0.0546420712668311,0.122784087843061,6.0,0.364928607442419,0.0546420712668311,6.0,0.5872944693572495,False
350,MAPKAP1,0.210866127652447,1.30699779858593e-07,TCX,0.0338191995321327,0.624149356130376,10.0,0.210866127652447,0.0338191995321327,10.0,0.5865470852017938,True
351,PGPEP1,0.344752971044411,6.35892934451155e-07,PHG,0.0633638008415556,0.0980728056751078,5.698970004336019,0.344752971044411,0.0633638008415556,5.698970004336019,0.5865470852017937,True
352,HS6ST3,-0.563445406907792,1.07199156893783e-06,TCX,-0.0539073935726961,0.181900603632915,5.221848749616356,0.563445406907792,0.0539073935726961,5.221848749616356,0.5863976083707025,True
353,MEF2C,-0.623973999868754,9.07057739153432e-11,PHG,-0.003123207543743,0.952455417322544,10.69897000433602,0.623973999868754,0.003123207543743,10.69897000433602,0.5860986547085201,True
354,LRFN2,-0.349507815280516,1.69812606966814e-07,PHG,-0.0028738134901874,0.934400127650668,32.69897000433602,0.349507815280516,0.0028738134901874,32.69897000433602,0.5844544095665172,True
355,CADM2,-0.350637221580147,2.58972466624564e-10,PHG,-0.0333458648468912,0.179347870267546,7.698970004336019,0.350637221580147,0.0333458648468912,7.698970004336019,0.5844544095665172,True
356,PCNT,-0.140800564159984,0.0030021038496771,TCX,0.0468148941207293,0.0291699916049023,10.522878745280336,0.140800564159984,0.0468148941207293,10.522878745280336,0.5841554559043347,False
357,RHPN2,0.427646373497374,4.4639507839334e-06,TCX,-0.0746180526548721,0.171873096676777,5.154901959985743,0.427646373497374,0.0746180526548721,5.154901959985743,0.5838565022421525,False
358,INPP5A,-0.180462815313788,0.0010344339292711,ACC,-0.0357848335037843,0.17387636416212,10.397940008672036,0.180462815313788,0.0357848335037843,10.397940008672036,0.5837070254110612,True
359,LAP3,0.232304397774996,0.0018568522086414,PHG,-0.0415535682983275,0.374189435935646,8.221848749616356,0.232304397774996,0.0415535682983275,8.221848749616356,0.5831091180866965,False
360,SGIP1,-0.397840267432611,5.8969391614677e-11,PHG,-0.0671861807367214,0.0925719385260254,5.301029995663981,0.397840267432611,0.0671861807367214,5.301029995663981,0.5825112107623318,True
361,VWA5B2,-0.525500159876157,7.71995714751049e-12,PHG,0.031074942787571,0.690476065639719,6.698970004336019,0.525500159876157,0.031074942787571,6.698970004336019,0.5822122571001495,False
362,TOM1L2,-0.109083701422035,0.0257592102165944,TCX,-0.0946573340030303,0.277363591132187,8.698970004336019,0.109083701422035,0.0946573340030303,8.698970004336019,0.5820627802690583,True
363,KLHL42,-0.293061374524771,2.10609351016981e-09,TCX,-0.0349433769634013,0.243583714816596,8.0,0.293061374524771,0.0349433769634013,8.0,0.5817638266068759,True
364,HOOK3,-0.0766966871821424,0.0188931009406436,PCC,-0.0562077428665845,0.13512990755427,14.69897000433602,0.0766966871821424,0.0562077428665845,14.69897000433602,0.5814648729446936,True
365,ARHGEF2,-0.0847700054940939,0.0493503737802053,ACC,-0.109092437021161,0.0291699916049023,9.397940008672036,0.0847700054940939,0.109092437021161,9.397940008672036,0.5813153961136024,True
366,PTN,0.141707669945354,0.196639775574335,TCX,0.12226480077921,0.0558683075836179,7.698970004336019,0.141707669945354,0.12226480077921,7.698970004336019,0.5805680119581464,True
367,AKR1C3,0.625995348298403,5.83703036614264e-07,TCX,0.0448661558401119,0.241813106715521,5.301029995663981,0.625995348298403,0.0448661558401119,5.301029995663981,0.580119581464873,True
368,IDUA,-0.214049610702627,0.0188077933347295,TCX,0.0215473210258034,0.725773323685766,13.69897000433602,0.214049610702627,0.0215473210258034,13.69897000433602,0.5786248131539611,False
369,ANO3,-0.824271579016857,3.82390915221706e-12,PHG,-0.007747398722783,0.905663035463776,8.522878745280337,0.824271579016857,0.007747398722783,8.522878745280337,0.5783258594917787,True
370,BDH1,-0.283068341609687,0.0006881947801965,TCX,-0.0883084355577864,0.0006150804875487,5.522878745280337,0.283068341609687,0.0883084355577864,5.522878745280337,0.5780269058295964,True
371,RGS17,-0.412670521245069,9.10818750931404e-08,TCX,0.0623948733422061,0.0319062680244685,5.301029995663981,0.412670521245069,0.0623948733422061,5.301029995663981,0.5777279521674141,False
372,AHNAK2,-0.164073762389596,0.203287942977755,TCX,-0.100810900455631,0.0023806075985642,7.397940008672037,0.164073762389596,0.100810900455631,7.397940008672037,0.5774289985052317,True
373,EPHA5,-1.00065277406274,4.71943420887228e-12,TCX,-0.0318479611894023,0.469665577987865,5.698970004336019,1.00065277406274,0.0318479611894023,5.698970004336019,0.5772795216741404,True
374,DOCK4,-0.13510484349284,0.0044093784239654,TCX,-0.0545882814959613,0.005221764775581,9.522878745280336,0.13510484349284,0.0545882814959613,9.522878745280336,0.5771300448430492,True
375,PSD3,-0.242075649783922,0.0041117417644488,TCX,0.0423607656569208,0.332272399570604,8.0,0.242075649783922,0.0423607656569208,8.0,0.5769805680119582,False
376,NDUFA9,-0.303590260718551,2.2548410546695603e-09,TCX,0.0465001113919969,0.739983928334921,6.698970004336019,0.303590260718551,0.0465001113919969,6.698970004336019,0.5765321375186846,False
377,KLHL4,-0.256798473415603,0.0156987070385149,TCX,-0.0781352334977471,0.2834870586259,6.0,0.256798473415603,0.0781352334977471,6.0,0.5765321375186845,True
378,TBC1D9,-0.570417178371877,3.85164723195774e-12,TCX,-0.0131659942760901,0.665886466127511,8.397940008672037,0.570417178371877,0.0131659942760901,8.397940008672037,0.5762331838565022,True
379,MGAT5,-0.112614820163974,0.0098906056084099,TCX,0.0652770836148975,0.188924865160416,9.522878745280336,0.112614820163974,0.0652770836148975,9.522878745280336,0.5762331838565022,False
380,PNP,0.732898521918073,1.34221944466765e-09,TCX,0.0424822399703039,0.373141139943849,5.221848749616356,0.732898521918073,0.0424822399703039,5.221848749616356,0.5747384155455905,True
381,PDE4D,-0.266535649621191,4.67419132193927e-12,PHG,-0.0405273193475844,0.260638176052883,7.698970004336019,0.266535649621191,0.0405273193475844,7.698970004336019,0.5745889387144991,True
382,DTNB,-0.237546176027726,4.04395628933771e-06,TCX,0.0255830144653051,0.265369737673132,10.154901959985745,0.237546176027726,0.0255830144653051,10.154901959985745,0.5742899850523169,False
383,KLC1,0.0696871209204986,0.157368382498495,PCC,-0.0715353591258697,0.269762344634237,11.69897000433602,0.0696871209204986,0.0715353591258697,11.69897000433602,0.5741405082212256,False
384,MPP3,-0.210370872308959,0.008538168554444,TCX,0.0955443758677841,0.0142527505843732,6.221848749616356,0.210370872308959,0.0955443758677841,6.221848749616356,0.5729446935724962,False
385,PABPC4,0.126711568143992,6.25033383140671e-05,PHG,-0.0469307073526289,0.0163476623586013,10.69897000433602,0.126711568143992,0.0469307073526289,10.69897000433602,0.5720478325859492,False
386,ZBTB20,0.494683538468675,1.48440248967775e-12,PHG,0.0415296218854733,0.436690661427985,5.698970004336019,0.494683538468675,0.0415296218854733,5.698970004336019,0.5718983557548579,True
387,CEP170,-0.182399837491216,0.0017742354282928,TCX,-0.0372549673491768,0.375403453672406,9.522878745280336,0.182399837491216,0.0372549673491768,9.522878745280336,0.5717488789237668,True
388,DENND3,-0.208461699800459,0.0110151402823032,TCX,-0.0398533581589906,0.616103784887662,8.522878745280337,0.208461699800459,0.0398533581589906,8.522878745280337,0.5717488789237668,True
389,ERC2,-0.443507584403512,2.96833376896378e-16,PHG,-0.0243222959363805,0.368174808318839,7.698970004336019,0.443507584403512,0.0243222959363805,7.698970004336019,0.5713004484304932,True
390,G3BP1,0.301413010943223,6.26966153454852e-10,TCX,0.0450141954778568,0.0861625376750935,6.698970004336019,0.301413010943223,0.0450141954778568,6.698970004336019,0.5699551569506727,True
391,CYRIA,-0.410104226564411,4.46093989113424e-11,PHG,-0.081552868886843,0.0006630434704824,5.045757490560675,0.410104226564411,0.081552868886843,5.045757490560675,0.5690582959641255,True
392,MACROD2,-0.53979455805147,1.73538578219085e-11,TCX,0.0410083499992205,0.0571212905474599,5.522878745280337,0.53979455805147,0.0410083499992205,5.522878745280337,0.5687593423019432,False
393,CRTC1,-0.221546808827701,0.0002969627811903,ACC,0.0479530259461883,0.159315072103224,7.698970004336019,0.221546808827701,0.0479530259461883,7.698970004336019,0.568609865470852,False
394,DCLK2,0.260189030671301,2.1640743556632e-05,TCX,0.0622840734904314,0.295161928588599,6.154901959985743,0.260189030671301,0.0622840734904314,6.154901959985743,0.5672645739910314,True
395,CDC42SE2,-0.164599349730817,3.14607922877583e-06,TCX,-0.113608951279294,0.0990776966381171,6.698970004336019,0.164599349730817,0.113608951279294,6.698970004336019,0.5672645739910314,True
396,CELF4,-0.253015244821785,8.7641872378183e-05,PHG,0.0235948710517971,0.522223458156804,9.69897000433602,0.253015244821785,0.0235948710517971,9.69897000433602,0.5671150971599401,False
397,LTN1,-0.21736148933286,0.0055149906939271,TCX,-0.0380774852217293,0.0229391849155932,8.397940008672037,0.21736148933286,0.0380774852217293,8.397940008672037,0.566965620328849,True
398,UBE4B,0.101410287949171,0.0002487550352019,FP,-0.034876956196375,0.0361351450464211,23.096910013008056,0.101410287949171,0.034876956196375,23.096910013008056,0.5656203288490285,False
399,ADAM10,0.21742286941886,6.854896795867801e-10,PHG,-0.014502655159022,0.816559530343947,20.522878745280337,0.21742286941886,0.014502655159022,20.522878745280337,0.5654708520179372,False
400,SAR1B,0.159528953249482,4.21746022495162e-06,PHG,-0.0207176154508226,0.410623350587344,33.0,0.159528953249482,0.0207176154508226,33.0,0.565321375186846,False
401,KIF13B,0.427806970235756,4.02789169996188e-11,PHG,0.0670660588436298,0.0029045983435133,5.096910013008056,0.427806970235756,0.0670660588436298,5.096910013008056,0.5650224215246636,True
402,LCP1,0.580781633228864,3.10167262574644e-06,PHG,0.0320902579373497,0.570144813594923,6.0,0.580781633228864,0.0320902579373497,6.0,0.5636771300448431,True
403,SETD7,0.220757900797024,1.49264688058179e-08,PHG,-0.0544271071628141,0.0486979996488718,7.397940008672037,0.220757900797024,0.0544271071628141,7.397940008672037,0.5633781763826606,False
404,MAPT,0.103907554062456,0.100746555590341,FP,-0.0389564615223147,0.173015774146089,15.045757490560677,0.103907554062456,0.0389564615223147,15.045757490560677,0.5632286995515694,False
405,CCKBR,-0.616860028276993,1.76145595452462e-12,PHG,0.0476927016975202,0.295705137820368,5.096910013008056,0.616860028276993,0.0476927016975202,5.096910013008056,0.5623318385650223,False
406,LAMB2,0.638772184233286,3.17455732227326e-13,TCX,-0.0058042644831765,0.904379126090563,9.0,0.638772184233286,0.0058042644831765,9.0,0.56203288490284,False
407,IQGAP1,0.510834037723287,1.27416483232499e-10,TCX,-0.0009030192883547,0.986042276676904,11.69897000433602,0.510834037723287,0.0009030192883547,11.69897000433602,0.5618834080717487,False
408,PSD,-0.227672295718737,0.0009698799389516,PHG,-0.0282398949505434,0.373417843136224,9.397940008672036,0.227672295718737,0.0282398949505434,9.397940008672036,0.5606875934230193,True
409,CAMK2N1,-0.25145280186633,5.22764644752331e-06,PHG,0.0133233127992431,0.879377184905008,14.30102999566398,0.25145280186633,0.0133233127992431,14.30102999566398,0.5603886397608371,False
410,TMEM184B,0.324914147985791,4.76262511401407e-10,TCX,0.0707717972309852,0.198386052759193,5.301029995663981,0.324914147985791,0.0707717972309852,5.301029995663981,0.5600896860986547,True
411,GID4,0.144698672454377,3.09401877359529e-05,PHG,0.044647280797297,0.473198472886613,9.522878745280336,0.144698672454377,0.044647280797297,9.522878745280336,0.5600896860986546,True
412,SPOCK3,0.255985030988765,0.0013491620977136,PHG,0.235435485867541,4.53699944448713e-09,5.221848749616356,0.255985030988765,0.235435485867541,5.221848749616356,0.5597907324364723,True
413,TSC22D1,0.177865589511045,0.0178499047530176,TCX,-0.0595562396843962,0.162990885261581,7.698970004336019,0.177865589511045,0.0595562396843962,7.698970004336019,0.5590433482810164,False
414,CUX1,0.15353008206851,1.35005058833301e-05,PHG,-0.0338940768192826,0.554397923945988,11.30102999566398,0.15353008206851,0.0338940768192826,11.30102999566398,0.558594917787743,False
415,PLD2,0.348495470057375,1.2240189322577e-06,PHG,0.0018575198058135,0.965943862783571,17.0,0.348495470057375,0.0018575198058135,17.0,0.5581464872944693,True
416,BCKDK,-0.178201316154575,0.0001309489769279,TCX,-0.0293913952658688,0.241650101021289,10.69897000433602,0.178201316154575,0.0293913952658688,10.69897000433602,0.5571001494768311,True
417,ZFTRAF1,0.256177400045664,7.01657948310117e-05,TCX,0.0375416671179499,0.437739651720122,7.698970004336019,0.256177400045664,0.0375416671179499,7.698970004336019,0.5566517189835576,True
418,MYO1E,0.502497489526196,2.4595086688943997e-12,PHG,-0.0478616905784439,0.436197624726543,5.221848749616356,0.502497489526196,0.0478616905784439,5.221848749616356,0.5565022421524664,False
419,DOC2A,-0.427692914131352,4.17470872166074e-08,PHG,-0.0015769550403916,0.965330669919383,12.522878745280336,0.427692914131352,0.0015769550403916,12.522878745280336,0.5560538116591929,True
420,NSUN4,0.0827299033726741,0.011758226060127,FP,-0.0395215071873022,0.346490537104555,20.39794000867204,0.0827299033726741,0.0395215071873022,20.39794000867204,0.5559043348281016,False
421,NIT2,-0.248254794993155,3.69095634622926e-08,TCX,-0.0529947169127896,0.217067981150192,6.522878745280337,0.248254794993155,0.0529947169127896,6.522878745280337,0.5551569506726457,True
422,SYT11,-0.184537931613745,0.0405628849273748,TCX,0.020304862047282,0.396578347158296,14.522878745280336,0.184537931613745,0.020304862047282,14.522878745280336,0.5527653213751869,False
423,UBBP4,-0.014738792441051,0.886620730848388,TCX,0.120782651652482,0.65534563854025,9.397940008672036,0.014738792441051,0.120782651652482,9.397940008672036,0.5526158445440956,False
424,PRKG1,0.265351755454307,2.9843838105629e-06,PCC,0.0659655715801688,0.0311297578754521,5.698970004336019,0.265351755454307,0.0659655715801688,5.698970004336019,0.552167414050822,True
425,CD2AP,0.186317693727017,0.0001071094139718,PHG,0.0161460164632973,0.572669903695613,21.096910013008056,0.186317693727017,0.0161460164632973,21.096910013008056,0.5515695067264574,True
426,PIK3CD,0.129926528912493,0.0699909441517929,FP,0.0251827572305504,0.527440179076352,24.69897000433602,0.129926528912493,0.0251827572305504,24.69897000433602,0.5515695067264574,True
427,CDKAL1,0.0975026252030329,0.0014306896790293,PHG,-0.0358168437140336,0.403216278999083,17.30102999566398,0.0975026252030329,0.0358168437140336,17.30102999566398,0.551270553064275,False
428,BMS1,0.0575885621790606,0.0502933587055713,ACC,-0.0545258265679053,0.389749019510799,13.522878745280336,0.0575885621790606,0.0545258265679053,13.522878745280336,0.5506726457399103,False
429,IRF9,0.395078291800711,2.66759214659543e-06,PHG,-0.0200531300379042,0.75717420265274,8.0,0.395078291800711,0.0200531300379042,8.0,0.5500747384155455,False
430,CHN2,0.278666511824697,0.0332401852488369,TCX,0.0279678571495325,0.693780826607678,8.045757490560675,0.278666511824697,0.0279678571495325,8.045757490560675,0.5490284005979074,True
431,IFT81,-0.252725129907103,1.86658662733353e-06,TCX,-0.0484166762450058,0.246642937464478,6.522878745280337,0.252725129907103,0.0484166762450058,6.522878745280337,0.5482810164424514,True
432,DOCK10,0.446146790774043,5.57239847658026e-11,PHG,-0.0173248395316188,0.627283652105728,8.0,0.446146790774043,0.0173248395316188,8.0,0.5482810164424514,False
433,ATP6V0A2,0.107167939853976,0.0061180686840082,TCX,-0.0757480580657235,0.184768136362738,8.301029995663981,0.107167939853976,0.0757480580657235,8.301029995663981,0.5479820627802691,False
434,TCF25,-0.140398354996237,0.0006569585646312,TCX,0.049235996004818,0.0207145781270901,8.698970004336019,0.140398354996237,0.049235996004818,8.698970004336019,0.547982062780269,False
435,NIBAN2,0.718026857770589,1.33471961429672e-17,TCX,0.0109957196015336,0.772119111222667,7.698970004336019,0.718026857770589,0.0109957196015336,7.698970004336019,0.5473841554559042,True
436,CENPP,-0.252285879327815,0.0005106549363042,TCX,0.0625938938146076,0.285028925547241,6.0,0.252285879327815,0.0625938938146076,6.0,0.5472346786248131,False
437,CTNNA1,0.358042941845181,6.44652488916836e-11,PHG,-0.0170708580924811,0.615839980508611,8.522878745280337,0.358042941845181,0.0170708580924811,8.522878745280337,0.547234678624813,False
438,NFIC,0.208829344406892,1.0195753036693e-05,TCX,0.0450634606118449,0.374505959011636,7.698970004336019,0.208829344406892,0.0450634606118449,7.698970004336019,0.5467862481315395,True
439,CST3,0.445065566533902,9.80351532110047e-05,TCX,-0.0404986690692597,0.404718905184119,5.522878745280337,0.445065566533902,0.0404986690692597,5.522878745280337,0.5448430493273543,False
440,CBLN2,-0.494388440220841,1.41431633564627e-07,PHG,0.0449290396946629,0.426313230117209,5.221848749616356,0.494388440220841,0.0449290396946629,5.221848749616356,0.5439461883408071,False
441,WDR81,0.169666501224036,0.0005984060588329,TCX,0.0311623337505481,0.0351575797553431,10.096910013008056,0.169666501224036,0.0311623337505481,10.096910013008056,0.5439461883408071,True
442,RASA3,0.158635294463726,5.35697409082309e-05,PHG,0.0379120428911947,0.0720179695744651,9.30102999566398,0.158635294463726,0.0379120428911947,9.30102999566398,0.54304932735426,True
443,NDUFA12,-0.343014864390349,4.01830755482551e-11,PHG,-0.0352705582187302,0.122465129661894,6.3979400086720375,0.343014864390349,0.0352705582187302,6.3979400086720375,0.542152466367713,True
444,POLR2D,-0.0443752346868234,0.208058436373331,PCC,0.0484420869846025,0.198467475515285,14.69897000433602,0.0443752346868234,0.0484420869846025,14.69897000433602,0.5414050822122571,False
445,BCAS3,-0.184236465657948,1.11087675426485e-05,TCX,-0.0246908885095111,0.576510149068147,11.0,0.184236465657948,0.0246908885095111,11.0,0.5409566517189835,True
446,AVL9,-0.172714291456647,7.6942536367333e-05,TCX,-0.0271103370794971,0.374505959011636,10.69897000433602,0.172714291456647,0.0271103370794971,10.69897000433602,0.5406576980568012,True
447,ARVCF,0.183552156829428,0.0034918438933463,IFG,0.0657496673156509,0.0166799017045624,6.698970004336019,0.183552156829428,0.0657496673156509,6.698970004336019,0.538863976083707,True
448,LUC7L3,0.0877357848944067,0.0727619430174311,ACC,0.0382252874166528,0.374261524994312,14.69897000433602,0.0877357848944067,0.0382252874166528,14.69897000433602,0.5378176382660688,True
449,SYBU,-0.275257322403458,9.93490478347508e-07,PHG,0.021108877152567,0.455041209911691,8.522878745280337,0.275257322403458,0.021108877152567,8.522878745280337,0.5370702541106128,False
450,HIP1R,0.264801439641187,0.0004548466451878,PHG,0.0168312537306787,0.468323534725627,9.69897000433602,0.264801439641187,0.0168312537306787,9.69897000433602,0.5363228699551569,True
451,JCAD,0.203785437319523,0.0254503689286321,TCX,-0.0490976670971397,0.0270051911883207,7.397940008672037,0.203785437319523,0.0490976670971397,7.397940008672037,0.5358744394618834,False
452,TRIM56,0.668765880872465,2.67407334140945e-15,PHG,0.032181332905247,0.50186466744281,5.301029995663981,0.668765880872465,0.032181332905247,5.301029995663981,0.5355754857997009,True
453,CRTC3,0.295808181055922,1.13514954698224e-10,PHG,-0.0080107992128433,0.944408449706723,11.69897000433602,0.295808181055922,0.0080107992128433,11.69897000433602,0.5349775784753363,False
454,RANGAP1,0.138839635059094,0.0268785956187083,TCX,0.0527653086899053,0.0027520868922801,8.301029995663981,0.138839635059094,0.0527653086899053,8.301029995663981,0.5348281016442451,True
455,NRXN2,0.0999152628279987,0.105847550643971,TCX,0.0430217027211644,0.0193034933090653,11.154901959985745,0.0999152628279987,0.0430217027211644,11.154901959985745,0.5346786248131539,True
456,MARK4,-0.132631099324533,2.28540891664888e-05,ACC,-0.0204334846100725,0.291414603986071,70.39794000867204,0.132631099324533,0.0204334846100725,70.39794000867204,0.5343796711509716,True
457,SAE1,-0.215549951196821,2.0653443024666e-10,PHG,0.0265472252623887,0.420372514843074,9.096910013008056,0.215549951196821,0.0265472252623887,9.096910013008056,0.5343796711509716,False
458,PAIP1,-0.0725888286568024,0.0470847019296617,PHG,-0.0666045894767868,0.0018212116994817,9.522878745280336,0.0725888286568024,0.0666045894767868,9.522878745280336,0.5343796711509716,True
459,SLC9A7,-0.376029166716858,3.5448897570055003e-10,TCX,0.0247832554903871,0.307336025633563,7.397940008672037,0.376029166716858,0.0247832554903871,7.397940008672037,0.5340807174887892,False
460,USP6NL,0.255339607968811,1.44406446994569e-09,PHG,0.0149403278839383,0.869046806956961,10.522878745280336,0.255339607968811,0.0149403278839383,10.522878745280336,0.5336322869955157,True
461,FMN2,0.156025812936744,0.0014033978164016,TCX,-0.0735763378552747,0.225682203669585,7.154901959985743,0.156025812936744,0.0735763378552747,7.154901959985743,0.5334828101644244,False
462,RAB31,0.466175784341393,1.76425353332518e-06,TCX,0.0539937402685889,0.0614227394698357,5.0,0.466175784341393,0.0539937402685889,5.0,0.5331838565022422,True
463,KAT6A,0.278150055019271,3.73306249607011e-17,PHG,0.116115079976362,0.129336831621697,5.0,0.278150055019271,0.116115079976362,5.0,0.5331838565022421,True
464,DDX25,-0.464961020976513,5.713084502247119e-13,PHG,-0.0261616130410855,0.545094938175976,6.301029995663981,0.464961020976513,0.0261616130410855,6.301029995663981,0.532286995515695,True
465,FSCN1,0.0804093829078134,0.226909792852726,IFG,-0.0444485829479548,0.102666720347324,12.30102999566398,0.0804093829078134,0.0444485829479548,12.30102999566398,0.5315396113602391,False
466,TMEM201,0.0802208514549081,0.182771749281985,STG,0.0323757751263116,0.595434309491661,24.69897000433602,0.0802208514549081,0.0323757751263116,24.69897000433602,0.5315396113602391,True
467,MSRA,-0.216455977905692,7.3332143802579615e-09,PHG,0.0471826690576594,0.0178011566721353,7.154901959985743,0.216455977905692,0.0471826690576594,7.154901959985743,0.531390134529148,False
468,SORCS1,-0.579317770820618,9.22589417797182e-16,PHG,-0.0215659947463266,0.586416330964267,6.154901959985743,0.579317770820618,0.0215659947463266,6.154901959985743,0.5304932735426009,True
469,PTGES3,0.163061343372616,0.0420012976109431,TCX,0.0164739737019356,0.360503292151346,19.0,0.163061343372616,0.0164739737019356,19.0,0.529745889387145,True
470,ABCB9,0.0769040970483301,0.0275311072905423,DLPFC,-0.042982353589531,0.25987085050179,13.0,0.0769040970483301,0.042982353589531,13.0,0.5292974588938715,False
471,UNK,0.205431020612548,6.00997530838485e-09,PHG,0.0088084443844338,0.605925951788176,22.39794000867204,0.205431020612548,0.0088084443844338,22.39794000867204,0.5291479820627802,True
472,SH3D19,0.140311963196701,0.0016728096308426,PHG,-0.0438007883666865,0.328138207095859,8.698970004336019,0.140311963196701,0.0438007883666865,8.698970004336019,0.528849028400598,False
473,MAPK7,0.30589280064755,1.8750939564637303e-09,TCX,0.0434746914270572,0.236431849213782,6.0,0.30589280064755,0.0434746914270572,6.0,0.5286995515695068,True
474,SLC35F3,-0.37392785548287,1.06967152359071e-07,PHG,0.0509614413237724,0.418783238972665,5.221848749616356,0.37392785548287,0.0509614413237724,5.221848749616356,0.5284005979073244,False
475,NUP160,0.210992431448155,1.10638667073322e-06,TCX,0.014133938515933,0.587190066291477,13.522878745280336,0.210992431448155,0.014133938515933,13.522878745280336,0.5270553064275036,True
476,MEGF10,0.466627320849637,5.65551893428277e-12,PHG,0.0275164106055956,0.506158001863352,6.096910013008056,0.466627320849637,0.0275164106055956,6.096910013008056,0.5266068759342302,True
477,FEZ1,0.226568667531001,2.46341641834422e-08,PHG,-0.0386578413646069,0.285358346470098,7.522878745280337,0.226568667531001,0.0386578413646069,7.522878745280337,0.5264573991031389,False
478,STK3,0.279560190992243,2.98528127134503e-08,PHG,0.0227176480052651,0.521176376842218,8.096910013008056,0.279560190992243,0.0227176480052651,8.096910013008056,0.5263079222720478,True
479,WWC1,0.394688583061082,1.05317033693688e-06,TCX,0.0447975109364537,0.44830798571084,5.301029995663981,0.394688583061082,0.0447975109364537,5.301029995663981,0.5263079222720478,True
480,LAMP1,0.33024699469659,2.45506403152864e-13,PHG,0.0295569304910438,0.338259721889159,7.045757490560675,0.33024699469659,0.0295569304910438,7.045757490560675,0.5260089686098655,True
481,PLEKHA1,-0.119961929023149,0.008087045534664,PHG,0.05272084495371,0.103182045034373,8.522878745280337,0.119961929023149,0.05272084495371,8.522878745280337,0.5254110612855007,False
482,PCDHGB1,-0.133354490096059,0.0675297334464765,DLPFC,-0.0407726205503865,0.141556695984062,9.397940008672036,0.133354490096059,0.0407726205503865,9.397940008672036,0.5254110612855007,True
483,FRMD5,0.222161131676788,3.53449617612462e-07,PHG,-0.0158088390719611,0.533976076283834,11.397940008672036,0.222161131676788,0.0158088390719611,11.397940008672036,0.5254110612855007,False
484,GAK,0.147969338636641,0.0019522590714976,TCX,0.0242772237851148,0.133572771748813,13.0,0.147969338636641,0.0242772237851148,13.0,0.524813153961136,True
485,UBE2K,-0.215926477214719,1.10399238611936e-06,PHG,-0.0069942148997636,0.726598827011744,21.39794000867204,0.215926477214719,0.0069942148997636,21.39794000867204,0.5246636771300448,True
486,TAFA5,0.208955666464219,0.0007597500056465,TCX,-0.0150591195118812,0.723972210215783,12.69897000433602,0.208955666464219,0.0150591195118812,12.69897000433602,0.5242152466367712,False
487,IP6K1,0.12663447692639,0.0168628420791067,FP,0.0261826802539329,0.287556206991662,14.69897000433602,0.12663447692639,0.0261826802539329,14.69897000433602,0.5240657698056801,True
488,FRMPD4,-0.817087320318516,1.2869311193295e-09,TCX,-0.0130984958662758,0.617326994761656,6.698970004336019,0.817087320318516,0.0130984958662758,6.698970004336019,0.5236173393124065,True
489,ABCD2,-0.508771254109666,1.26047935378201e-12,PHG,-0.0157357025328294,0.629307717099291,7.522878745280337,0.508771254109666,0.0157357025328294,7.522878745280337,0.523168908819133,True
490,GGACT,0.283034437365639,0.0010715318777169,PHG,0.0427536003946534,0.328676380101843,6.045757490560675,0.283034437365639,0.0427536003946534,6.045757490560675,0.5219730941704036,True
491,NDRG2,0.204925030303325,0.0038014779701971,PHG,-0.133724151214312,0.0003375243016287,5.301029995663981,0.204925030303325,0.133724151214312,5.301029995663981,0.5218236173393124,False
492,TENM3,-0.360506488845144,4.59863112967592e-05,TCX,0.0012330993913705,0.967424516239703,11.69897000433602,0.360506488845144,0.0012330993913705,11.69897000433602,0.52152466367713,False
493,MRPL39,-0.176718204177454,0.000150820436251,STG,-0.0623365740058685,0.0516927788654225,6.522878745280337,0.176718204177454,0.0623365740058685,6.522878745280337,0.5204783258594917,True
494,NEK7,0.292316660138339,3.07277105422596e-05,PHG,0.0629315672451577,0.0170062810374885,5.221848749616356,0.292316660138339,0.0629315672451577,5.221848749616356,0.5200298953662182,True
495,THSD7A,-0.373744217011989,4.28314515452294e-05,TCX,0.0425090672549538,0.217042635245064,5.3979400086720375,0.373744217011989,0.0425090672549538,5.3979400086720375,0.519880418535127,False
496,VTI1A,-0.206115693489849,0.0010277904368156,TCX,0.0476120543254891,0.0558338009273108,7.0,0.206115693489849,0.0476120543254891,7.0,0.5197309417040359,False
497,LGMN,-0.241371789901732,2.7913209105222e-06,TCX,0.0086383858932243,0.896207708489559,13.397940008672036,0.241371789901732,0.0086383858932243,13.397940008672036,0.5195814648729447,False
498,CD34,0.687756533642382,6.84308993022579e-07,TCX,0.0089119226876534,0.89868131168325,7.522878745280337,0.687756533642382,0.0089119226876534,7.522878745280337,0.5192825112107623,True
499,MAD1L1,0.224031879537595,0.0133278362461448,STG,0.0589329664124653,0.0080962106265736,6.0,0.224031879537595,0.0589329664124653,6.0,0.5188340807174888,True
500,TNIP1,0.174970194226588,1.15913191444868e-06,TCX,0.0362519132643788,0.576739573238137,8.221848749616356,0.174970194226588,0.0362519132643788,8.221848749616356,0.5188340807174887,True
501,GPC5,-0.239107700155881,0.0002167856694327,PHG,0.115213181708779,0.0020288609698939,5.096910013008056,0.239107700155881,0.115213181708779,5.096910013008056,0.5186846038863976,False
502,TMEM106B,-0.0827447048128604,0.22105673824871,TCX,0.0386707008150076,0.725519880000926,13.0,0.0827447048128604,0.0386707008150076,13.0,0.5185351270553065,False
503,TRIM9,-0.184892367743154,3.73400482127174e-06,PHG,-0.0639209391412107,0.0001843379843145,6.221848749616356,0.184892367743154,0.0639209391412107,6.221848749616356,0.5185351270553065,True
504,PDE4B,0.103260719267563,0.0405666836412266,PHG,-0.0608191134942732,0.124288111681725,8.301029995663981,0.103260719267563,0.0608191134942732,8.301029995663981,0.5180866965620329,False
505,SASH1,0.581113573620222,6.51578370213524e-09,TCX,0.0363546276601665,0.237806699214412,5.096910013008056,0.581113573620222,0.0363546276601665,5.096910013008056,0.5171898355754858,True
506,ZBTB16,0.267621105556389,0.0072845919976456,TCX,0.081111132514991,0.0543418083381559,5.096910013008056,0.267621105556389,0.081111132514991,5.096910013008056,0.5171898355754858,True
507,SSBP3,-0.184362404689359,0.0017604737036478,PHG,0.0422835673540038,0.181784451758068,7.698970004336019,0.184362404689359,0.0422835673540038,7.698970004336019,0.5168908819133033,False
508,PDZD2,-0.153287799944568,0.0063177567885411,PHG,-0.0159038878899875,0.574787785072589,21.0,0.153287799944568,0.0159038878899875,21.0,0.5167414050822122,True
509,CCDC85C,0.266386764571114,1.46699953139935e-07,PCC,0.0488824496531352,0.256860722085415,5.698970004336019,0.266386764571114,0.0488824496531352,5.698970004336019,0.5156950672645739,True
510,ANTXR1,0.655161980666472,2.66835455993044e-14,PHG,0.0263890408955085,0.537471937315622,5.3979400086720375,0.655161980666472,0.0263890408955085,5.3979400086720375,0.5156950672645739,True
511,SAP30L,0.210105547937576,6.52836990520425e-06,TCX,0.0332499054010343,0.350754157026452,8.0,0.210105547937576,0.0332499054010343,8.0,0.5153961136023917,True
512,CLIC5,-0.139918634435371,0.0734411281416347,DLPFC,-0.0516081891544443,0.352053726417114,8.0,0.139918634435371,0.0516081891544443,8.0,0.5147982062780269,True
513,RAP1GAP2,-0.234052340432211,0.0002076399016085,PHG,0.0132629542237711,0.633040329191009,11.0,0.234052340432211,0.0132629542237711,11.0,0.5146487294469357,False
514,IPO7,-0.0820823797805739,0.11899244911744,TCX,-0.0317558669475107,0.103399514490654,18.0,0.0820823797805739,0.0317558669475107,18.0,0.5143497757847533,True
515,PCDH17,0.100288344983464,0.102484972692301,PCC,0.0294636818020688,0.199636600264467,14.69897000433602,0.100288344983464,0.0294636818020688,14.69897000433602,0.5127055306427504,True
516,GABRA2,-0.336801723719664,1.94684090614897e-10,PHG,-0.0103304621110745,0.786454987710866,9.0,0.336801723719664,0.0103304621110745,9.0,0.512406576980568,True
517,WAC,0.15976406832287,6.61146659439533e-08,ACC,0.0600647257991409,0.114617104294467,7.0,0.15976406832287,0.0600647257991409,7.0,0.5116591928251121,True
518,HACE1,-0.353303881944614,6.39806570805755e-08,TCX,0.0040850257576586,0.88010920772213,10.045757490560677,0.353303881944614,0.0040850257576586,10.045757490560677,0.510762331838565,False
519,NUTF2,-0.0828242436988127,0.0007744535072716,ACC,0.039019328395802,0.127379053150591,12.0,0.0828242436988127,0.039019328395802,12.0,0.510762331838565,False
520,REEP3,0.463595146185337,2.17215185811144e-09,PHG,-0.0190094257940963,0.786864502091055,6.698970004336019,0.463595146185337,0.0190094257940963,6.698970004336019,0.5104633781763827,False
521,QKI,0.322297704699604,1.93313392635628e-08,PHG,-0.0456742592924246,0.152936029553623,5.3979400086720375,0.322297704699604,0.0456742592924246,5.3979400086720375,0.5103139013452914,False
522,R3HCC1,-0.1525432171063,0.0004011127091833,FP,0.0223246783868871,0.7624474716032,12.0,0.1525432171063,0.0223246783868871,12.0,0.5098654708520178,False
523,TSPAN14,0.215634337808291,0.000632667550849,STG,0.0059967000257308,0.887164682597857,18.69897000433602,0.215634337808291,0.0059967000257308,18.69897000433602,0.5095665171898356,True
524,SHISA6,-0.357283075406716,0.0073548348576583,TCX,-0.0352593774359624,0.676275799373031,5.698970004336019,0.357283075406716,0.0352593774359624,5.698970004336019,0.5094170403587444,True
525,SLC24A2,-0.320531063633666,0.005902192343427,TCX,-0.0456179756488569,0.309949263405652,5.3979400086720375,0.320531063633666,0.0456179756488569,5.3979400086720375,0.509118086696562,True
526,SMARCA2,-0.182177012636955,2.00341966200078e-06,TCX,0.0209698208662745,0.454888962387718,10.096910013008056,0.182177012636955,0.0209698208662745,10.096910013008056,0.5089686098654709,False
527,CSTPP1,-0.23317085627554,3.0040716938168e-08,PHG,0.027663838482888,0.524475002447133,8.0,0.23317085627554,0.027663838482888,8.0,0.5076233183856502,False
528,CYCS,-0.341843490980858,2.61547042176226e-12,PHG,-0.0256638748051613,0.522223458156804,6.698970004336019,0.341843490980858,0.0256638748051613,6.698970004336019,0.5071748878923766,True
529,RMDN2,-0.255327310419339,1.00638301804692e-07,PHG,0.0240638828923176,0.287604340006522,8.0,0.255327310419339,0.0240638828923176,8.0,0.5070254110612855,False
530,ALCAM,0.235411733885121,5.00035732428909e-05,PHG,-0.0477657590035202,0.164923023679338,6.045757490560675,0.235411733885121,0.0477657590035202,6.045757490560675,0.5067264573991032,False
531,ZC3H14,-0.0348629427866909,0.167467925339352,IFG,0.0569319991318975,0.0480876800671696,10.0,0.0348629427866909,0.0569319991318975,10.0,0.5055306427503736,False
532,LIMA1,0.163269198363102,0.0032445540474543,PHG,0.0436147155662275,0.334944353527652,7.698970004336019,0.163269198363102,0.0436147155662275,7.698970004336019,0.5049327354260089,True
533,CNTN5,-0.803275703372589,3.9075904871609895e-11,TCX,0.021412053984512,0.521712985235842,5.3979400086720375,0.803275703372589,0.021412053984512,5.3979400086720375,0.5040358744394619,False
534,ZNF318,0.100247604540498,0.0586116183830675,TCX,0.0410993017840761,0.319160936066214,9.69897000433602,0.100247604540498,0.0410993017840761,9.69897000433602,0.5034379671150971,True
535,MVK,-0.127920681545933,0.113463490966731,TCX,-0.0437555675352091,0.371022751854296,8.397940008672037,0.127920681545933,0.0437555675352091,8.397940008672037,0.503288490284006,True
536,TMEM163,-0.339800252054998,2.52801035990147e-09,PHG,0.011444235997138,0.788963355067163,8.397940008672037,0.339800252054998,0.011444235997138,8.397940008672037,0.5032884902840059,False
537,PRPF40B,-0.16445932550125,0.0037493842832859,TCX,-0.0277459888531278,0.495652838348761,9.221848749616356,0.16445932550125,0.0277459888531278,9.221848749616356,0.5031390134529148,True
538,DCC,-0.471639600440909,8.02375591121086e-07,TCX,-0.0106731525114327,0.74536011737398,7.698970004336019,0.471639600440909,0.0106731525114327,7.698970004336019,0.5028400597907323,True
539,PREX2,0.274589441290738,8.74050598404657e-05,PHG,-0.0576913562655344,0.0635514746803425,5.221848749616356,0.274589441290738,0.0576913562655344,5.221848749616356,0.5017937219730941,False
540,CYB561,-0.153854983182582,0.0179480154042561,PHG,0.0127019662916165,0.831793682006943,20.69897000433602,0.153854983182582,0.0127019662916165,20.69897000433602,0.5010463378176382,False
541,KIAA2013,0.0931629821401083,0.0095989477031656,IFG,-0.0474877455387948,0.397523212590643,9.045757490560677,0.0931629821401083,0.0474877455387948,9.045757490560677,0.5008968609865471,False
542,AKAP6,-0.325701248225079,4.28351535067547e-07,TCX,-0.0475240661191278,0.169900293305455,5.221848749616356,0.325701248225079,0.0475240661191278,5.221848749616356,0.5008968609865471,True
543,SPOCK1,-0.197385216363216,0.0011697366709952,ACC,0.156157915878183,2.72438373960029e-08,5.154901959985743,0.197385216363216,0.156157915878183,5.154901959985743,0.5004484304932735,False
544,MARK2,0.112190209352709,0.0094280254985425,TCX,-0.070309291018308,0.308136870668884,7.522878745280337,0.112190209352709,0.070309291018308,7.522878745280337,0.4995515695067264,False
545,NUP155,-0.183660432731119,0.0001042807532307,TCX,0.0340979422348499,0.057878954530793,8.0,0.183660432731119,0.0340979422348499,8.0,0.49925261584454406,False
546,STMN4,-0.22572443072665,0.0038762340880815,PHG,-0.0462749997170139,0.168999006081043,6.096910013008056,0.22572443072665,0.0462749997170139,6.096910013008056,0.49850523168908817,True
547,MAP4,0.101805507120906,0.0160719655552845,PHG,0.147833445515218,0.0148523647985306,6.522878745280337,0.101805507120906,0.147833445515218,6.522878745280337,0.49805680119581464,True
548,TMEM178B,-0.41076909445988,5.44612955880601e-07,TCX,-0.0316886558032278,0.58132757079427,5.522878745280337,0.41076909445988,0.0316886558032278,5.522878745280337,0.49760837070254105,True
549,NFAT5,0.0869197632755014,0.0185807565897941,FP,0.0387457617785365,0.0249300908404009,10.522878745280336,0.0869197632755014,0.0387457617785365,10.522878745280336,0.49745889387144987,True
550,PPP1R9B,0.215782409426593,0.0009070764402093,TCX,-0.02573217537621,0.220454591467581,8.154901959985743,0.215782409426593,0.02573217537621,8.154901959985743,0.49730941704035875,False
551,SREBF2,0.0922326958645314,0.0855000214115146,TCX,0.0379941145096393,0.507325970700586,10.397940008672036,0.0922326958645314,0.0379941145096393,10.397940008672036,0.49701046337817634,True
552,LAMC3,0.274897403171187,0.0022554662459831,PHG,0.0115284727308866,0.852387921472075,9.096910013008056,0.274897403171187,0.0115284727308866,9.096910013008056,0.496711509715994,True
553,RNF220,0.249574797298718,2.6345540269069e-07,PHG,0.0352352846450059,0.189154787103891,6.522878745280337,0.249574797298718,0.0352352846450059,6.522878745280337,0.4965620328849028,True
554,NDUFAF7,-0.179106088492188,1.93780756582949e-05,IFG,-0.0819275404477213,0.0023463695893538,5.522878745280337,0.179106088492188,0.0819275404477213,5.522878745280337,0.4964125560538116,True
555,CLIP2,0.363341060866925,6.22449010306815e-11,TCX,-0.0057700261246231,0.718676885889921,9.0,0.363341060866925,0.0057700261246231,9.0,0.49596412556053815,False
556,KIF1B,0.154898018315949,0.0004743983550331,TCX,-0.0306412563700103,0.278589850462777,9.0,0.154898018315949,0.0306412563700103,9.0,0.49566517189835574,False
557,RPS6KA2,0.154522674317682,0.0004575023124651,STG,0.0824622499604385,4.84027718863128e-05,6.0,0.154522674317682,0.0824622499604385,6.0,0.49521674140508215,True
558,RAC1,0.0563179167903769,0.182078606079192,FP,-0.0830444216293617,0.0044095080014521,8.096910013008056,0.0563179167903769,0.0830444216293617,8.096910013008056,0.49402092675635273,False
559,STRADA,-0.337309974508323,6.35041600956602e-07,TCX,0.0316520613550407,0.146237013702658,6.0,0.337309974508323,0.0316520613550407,6.0,0.49282511210762325,False
560,ABRAXAS2,-0.142405575088397,0.0002453152697006,PHG,0.0163150247064059,0.379147757719981,16.045757490560675,0.142405575088397,0.0163150247064059,16.045757490560675,0.49267563527653213,False
561,NYAP2,-0.682776024465311,9.21908937013666e-07,TCX,0.0085447419189097,0.802973726130923,6.698970004336019,0.682776024465311,0.0085447419189097,6.698970004336019,0.4916292974588938,False
562,LUC7L,0.0771827987977849,0.144513209959128,ACC,0.0522185010507679,0.222287524873063,9.0,0.0771827987977849,0.0522185010507679,9.0,0.49147982062780265,True
563,ARMH3,0.0859634856182065,0.002198565077972,TCX,0.0328337867934443,0.103033728310854,12.30102999566398,0.0859634856182065,0.0328337867934443,12.30102999566398,0.4911808669656203,True
564,SLC4A1AP,-0.271563810102905,8.58783467106147e-12,TCX,0.0408377853770586,0.155907075737205,5.698970004336019,0.271563810102905,0.0408377853770586,5.698970004336019,0.4908819133034379,False
565,BCL2L1,0.287709435216671,5.20265701427876e-10,TCX,0.0175734566891816,0.685706201576744,8.0,0.287709435216671,0.0175734566891816,8.0,0.4905829596412556,True
566,CRBN,-0.126257862049438,0.0063320255867958,TCX,-0.0533530293801374,0.0091612706222373,7.698970004336019,0.126257862049438,0.0533530293801374,7.698970004336019,0.4905829596412556,True
567,AGAP1,0.146081687137279,0.0073957091788176,FP,0.0411808238779894,0.146480699293392,8.0,0.146081687137279,0.0411808238779894,8.0,0.49028400597907323,True
568,WWOX,0.272632901045669,8.65063579375501e-12,PHG,0.0184867306188672,0.655347811699779,8.0,0.272632901045669,0.0184867306188672,8.0,0.4887892376681614,True
569,TLE4,0.219250815995572,1.99453248074132e-06,PHG,0.0904179893382277,0.213899309121453,5.096910013008056,0.219250815995572,0.0904179893382277,5.096910013008056,0.48849028400597905,True
570,UNC13A,-0.383857906931272,5.92385992060072e-07,PHG,-0.0290180008948839,0.10123748290328,5.698970004336019,0.383857906931272,0.0290180008948839,5.698970004336019,0.48789237668161434,True
571,CACNG7,0.142962502862569,0.0001224955354369,ACC,-0.0267265011469424,0.426313230117209,9.69897000433602,0.142962502862569,0.0267265011469424,9.69897000433602,0.48699551569506727,False
572,CNTNAP5,-1.05851846528834,5.782123299156769e-13,TCX,-0.0084666091240285,0.778633537964916,6.221848749616356,1.05851846528834,0.0084666091240285,6.221848749616356,0.485949177877429,True
573,RGS14,-0.380420329288572,7.75517100644755e-06,ACC,0.0182781313347696,0.665886466127511,7.0,0.380420329288572,0.0182781313347696,7.0,0.4853512705530642,False
574,CLIP1,0.135053502640764,0.0006125982769948,TCX,0.0269408761941638,0.554397923945988,10.045757490560677,0.135053502640764,0.0269408761941638,10.045757490560677,0.4850523168908819,True
575,PDS5B,-0.150916900448022,0.0085460710271356,TCX,0.0915502058591839,0.020060213868148,5.698970004336019,0.150916900448022,0.0915502058591839,5.698970004336019,0.4849028400597907,False
576,RAB23,0.183493239140042,0.0785480612494651,TCX,0.0055042299706522,0.866492490792039,20.22184874961636,0.183493239140042,0.0055042299706522,20.22184874961636,0.48430493273542596,True
577,WNK2,-0.12404245170864,0.0657672648244488,PHG,-0.0183469973243828,0.127188715059164,15.397940008672036,0.12404245170864,0.0183469973243828,15.397940008672036,0.4840059790732436,True
578,SLC24A4,-0.198195388298148,0.0951597805961759,TCX,0.0018726461505174,0.970048473872185,24.22184874961636,0.198195388298148,0.0018726461505174,24.22184874961636,0.48370702541106125,False
579,KCNH1,-0.75431598644843,1.33828604963027e-06,TCX,0.0032344728299272,0.918994457090728,7.397940008672037,0.75431598644843,0.0032344728299272,7.397940008672037,0.4829596412556053,False
580,SLC7A10,0.216398190128355,0.0013577862321773,ACC,-0.0185822906451659,0.705894550447247,8.698970004336019,0.216398190128355,0.0185822906451659,8.698970004336019,0.48251121076233183,False
581,NCK2,0.207517076352241,8.35580811525402e-05,TCX,-0.0056828393983036,0.7586787525328,14.522878745280336,0.207517076352241,0.0056828393983036,14.522878745280336,0.48251121076233183,False
582,ADK,-0.146633471547309,3.5324975699487e-05,PHG,0.0140587693890901,0.569123644378963,15.154901959985745,0.146633471547309,0.0140587693890901,15.154901959985745,0.4820627802690583,False
583,CLEC3B,-0.30716158724261,0.0127165606988653,ACC,-0.0419407375358976,0.398959274024256,5.301029995663981,0.30716158724261,0.0419407375358976,5.301029995663981,0.4811659192825112,True
584,YAP1,0.812882873201121,1.09114472745276e-11,TCX,0.0122752099379843,0.866856556137512,6.0,0.812882873201121,0.0122752099379843,6.0,0.4811659192825112,True
585,ABCA7,0.175297423593566,0.0773097528281298,STG,0.0037136301167559,0.951513385852699,38.096910013008056,0.175297423593566,0.0037136301167559,38.096910013008056,0.4807174887892377,True
586,TMEM132B,-0.313722677424037,1.05805538689513e-11,PHG,-0.0103173145224497,0.693179047715488,8.301029995663981,0.313722677424037,0.0103173145224497,8.301029995663981,0.4807174887892376,True
587,SLC6A11,0.341104284820073,0.0080474180734723,TCX,0.0397366182042748,0.30117685452872,5.221848749616356,0.341104284820073,0.0397366182042748,5.221848749616356,0.4802690582959641,True
588,PCDHGA3,0.172701702362382,0.190107035995083,TCX,0.0208193774196325,0.56746766597701,9.397940008672036,0.172701702362382,0.0208193774196325,9.397940008672036,0.4802690582959641,True
589,FRMD4A,-0.244842021713337,1.43750318597804e-05,TCX,-0.0085304066978182,0.694027239967575,10.0,0.244842021713337,0.0085304066978182,10.0,0.4798206278026906,True
590,ANK1,-0.549882328691865,2.63016518170118e-06,TCX,0.0332532590682311,0.535251121141163,5.0,0.549882328691865,0.0332532590682311,5.0,0.47967115097159935,False
591,HMGN4,-0.0414661918177393,0.366762749382307,STG,0.0824600787224012,0.143396809784474,8.0,0.0414661918177393,0.0824600787224012,8.0,0.4792227204783258,False
592,CDH12,-0.64893914295823,2.51100256862339e-13,PHG,-0.0104462614956378,0.819079278408642,6.221848749616356,0.64893914295823,0.0104462614956378,6.221848749616356,0.4790732436472347,True
593,EIF4E3,-0.272765044291732,1.57221167042063e-07,TCX,0.042971879732545,0.0616879042153024,5.3979400086720375,0.272765044291732,0.042971879732545,5.3979400086720375,0.47892376681614346,False
594,HSCB,0.194983197949169,0.0003981181392529,TCX,-0.0143899925940093,0.563565013138851,10.221848749616356,0.194983197949169,0.0143899925940093,10.221848749616356,0.477727952167414,False
595,SS18,0.188429849808843,6.41547846694397e-08,PHG,-0.074329846379369,0.201953862526992,5.301029995663981,0.188429849808843,0.074329846379369,5.301029995663981,0.47727952167414045,False
596,CACNB2,-0.280783830236102,1.49814134394178e-10,PHG,0.012939298469072,0.505130600003478,8.221848749616356,0.280783830236102,0.012939298469072,8.221848749616356,0.47608370702541103,False
597,CIAO2A,0.0763347912235446,0.0777796059426695,PHG,0.0254533480368146,0.662747598958679,16.69897000433602,0.0763347912235446,0.0254533480368146,16.69897000433602,0.47578475336322873,True
598,GPC6,0.337356979175156,0.0385025855676903,TCX,0.0186052778576426,0.863955970309464,7.154901959985743,0.337356979175156,0.0186052778576426,7.154901959985743,0.4757847533632287,True
599,VAPA,-0.0879348703468317,0.0018048210210122,IFG,-0.0650132576583574,0.128108026181343,7.698970004336019,0.0879348703468317,0.0650132576583574,7.698970004336019,0.47503736920777273,True
600,PCDH7,-0.450886192848888,7.559972302119249e-12,PHG,0.0281975778172432,0.401091696371975,5.301029995663981,0.450886192848888,0.0281975778172432,5.301029995663981,0.4730941704035874,False
601,FAM151B,-0.110897065987947,0.0136351028648751,PHG,0.035057685594073,0.429269321985727,9.0,0.110897065987947,0.035057685594073,9.0,0.4717488789237668,False
602,PARN,-0.212379801601695,0.0002362627838149,TCX,-0.0292375482697372,0.263419635276741,7.522878745280337,0.212379801601695,0.0292375482697372,7.522878745280337,0.4717488789237668,True
603,SPRED2,-0.160354099395977,0.0008574404361859,PHG,-0.038707898635694,0.319812164106276,7.522878745280337,0.160354099395977,0.038707898635694,7.522878745280337,0.47085201793721976,True
604,USP13,-0.292813694667648,6.65637008363572e-07,TCX,-0.0353574403178451,0.252553026991186,5.522878745280337,0.292813694667648,0.0353574403178451,5.522878745280337,0.47070254110612847,True
605,GLRX,-0.256008673736171,0.0012956174797854,PHG,0.0532100523698507,0.0602140147724548,5.154901959985743,0.256008673736171,0.0532100523698507,5.154901959985743,0.47055306427503735,False
606,ACOX1,0.107380550749804,0.0011684264611765,PHG,-0.0610205744078423,0.0479023918268563,7.397940008672037,0.107380550749804,0.0610205744078423,7.397940008672037,0.47040358744394617,False
607,TMEM120B,-0.0627603804920254,0.121015577318489,DLPFC,-0.0486663644032655,0.217042635245064,9.0,0.0627603804920254,0.0486663644032655,9.0,0.470254110612855,True
608,GRM3,-0.193872424093107,0.0306162605099661,TCX,-0.10470142088221,4.99011195981794e-05,5.045757490560675,0.193872424093107,0.10470142088221,5.045757490560675,0.4701046337817638,True
609,TCF20,0.0722260826414605,0.0200614030407919,PCC,0.0312689538421979,0.538504716255313,12.69897000433602,0.0722260826414605,0.0312689538421979,12.69897000433602,0.46980568011958146,True
610,SNRPD1,-0.100345311551125,0.0072682572738017,TCX,0.0495922666021986,0.0859785723509591,8.0,0.100345311551125,0.0495922666021986,8.0,0.4696562032884903,False
611,PHACTR4,0.279647057287085,8.04525205169374e-08,PHG,-0.0091090139200433,0.886154122325167,8.522878745280337,0.279647057287085,0.0091090139200433,8.522878745280337,0.46950672645739905,False
612,ACSL6,-0.337972066508907,2.12237644995321e-09,PHG,-0.0187498892916421,0.410845016409299,6.698970004336019,0.337972066508907,0.0187498892916421,6.698970004336019,0.4692077727952167,True
613,PTPRS,0.0748277185594484,0.198388677901306,ACC,-0.0285990363916224,0.517374084228578,13.397940008672036,0.0748277185594484,0.0285990363916224,13.397940008672036,0.46875934230194316,False
614,NUDT12,-0.17718623343435,0.0114665817813911,TCX,-0.0426207296781277,0.19650156048903,6.522878745280337,0.17718623343435,0.0426207296781277,6.522878745280337,0.46875934230194316,True
615,MRPL58,-0.13451021237787,0.0093291464520645,FP,-0.043097681076923,0.147002512277527,7.698970004336019,0.13451021237787,0.043097681076923,7.698970004336019,0.4687593423019431,True
616,FAM135B,-0.26906740888274,0.0042435466404488,TCX,0.0318641274513582,0.429817760171038,6.045757490560675,0.26906740888274,0.0318641274513582,6.045757490560675,0.4684603886397608,False
617,HYI,0.160553944148852,0.0076209187925054,PCC,0.0530359154699119,0.120083059771475,6.154901959985743,0.160553944148852,0.0530359154699119,6.154901959985743,0.4683109118086696,True
618,ACTB,-0.16720154164862,0.0004376786680936,ACC,-0.0111512301064082,0.69898177245356,12.30102999566398,0.16720154164862,0.0111512301064082,12.30102999566398,0.4678624813153961,True
619,SHARPIN,0.155197073265318,0.0001224286168565,IFG,0.0060988248569371,0.901542342494057,21.522878745280337,0.155197073265318,0.0060988248569371,21.522878745280337,0.4656203288490284,True
620,SERINC5,0.388196222824806,9.77353337496903e-10,PHG,0.0383039856095176,0.48249227197157,5.045757490560675,0.388196222824806,0.0383039856095176,5.045757490560675,0.4656203288490284,True
621,F13A1,0.576715160628634,0.0008128904510163,PHG,0.0049374960961245,0.959608609508394,7.301029995663981,0.576715160628634,0.0049374960961245,7.301029995663981,0.465321375186846,True
622,CSE1L,-0.0738163253281234,0.084627649220046,IFG,-0.0349207377178208,0.0675037636337238,10.397940008672036,0.0738163253281234,0.0349207377178208,10.397940008672036,0.46412556053811654,True
623,USF2,0.277916729552899,2.22193351390018e-08,TCX,0.0314457160799173,0.609874891322405,6.0,0.277916729552899,0.0314457160799173,6.0,0.46412556053811654,True
624,NUP85,-0.0868659874956688,0.0005943623031099,DLPFC,0.0176345175562822,0.548478079674282,24.69897000433602,0.0868659874956688,0.0176345175562822,24.69897000433602,0.46397608370702537,False
625,SORBS2,-0.172496312733553,0.0006071583682004,ACC,-0.0855295691888622,0.176193903794316,5.221848749616356,0.172496312733553,0.0855295691888622,5.221848749616356,0.46382660687593424,True
626,ZC3H7B,0.194192977364445,9.74276718403056e-05,TCX,-0.020965947194802,0.331772265907289,8.301029995663981,0.194192977364445,0.020965947194802,8.301029995663981,0.463677130044843,False
627,PDCD6,-0.15869140703504,0.0024199373479724,TCX,-0.0370641315630437,0.236908881952978,7.522878745280337,0.15869140703504,0.0370641315630437,7.522878745280337,0.463677130044843,True
628,CDH18,-0.613601803876782,9.81473029294741e-09,TCX,0.0191306477934491,0.413585920346183,5.301029995663981,0.613601803876782,0.0191306477934491,5.301029995663981,0.4635276532137519,False
629,MTDH,0.0853353480199486,0.0003965049633161,PHG,-0.0375371746158205,0.11916753620969,9.397940008672036,0.0853353480199486,0.0375371746158205,9.397940008672036,0.4632286995515695,False
630,EPSTI1,0.251258452877659,0.0124102073481071,PHG,0.0105052446121014,0.958304413245666,8.698970004336019,0.251258452877659,0.0105052446121014,8.698970004336019,0.46218236173393124,True
631,KCNJ4,-0.410304411173242,1.0301980225548e-06,PHG,-0.0352474305271773,0.275189733879456,5.045757490560675,0.410304411173242,0.0352474305271773,5.045757490560675,0.46203288490284006,True
632,ATXN2L,0.124718412223316,0.0007681920283803,TCX,-0.0399552784183518,0.118116709703068,8.0,0.124718412223316,0.0399552784183518,8.0,0.4618834080717488,False
633,DGKQ,-0.148566659987809,0.0043542062131517,PHG,-0.0208884376510974,0.586916909302695,9.522878745280336,0.148566659987809,0.0208884376510974,9.522878745280336,0.4614349775784753,True
634,ECHDC2,0.296026597155129,1.08280407107481e-06,PHG,-0.0048138112019692,0.92553022747327,9.0,0.296026597155129,0.0048138112019692,9.0,0.4609865470852018,False
635,TMCC3,0.465600459067136,3.08538329874112e-09,PHG,-0.0041711190866509,0.960004752989315,7.698970004336019,0.465600459067136,0.0041711190866509,7.698970004336019,0.46098654708520176,False
636,PITPNM2,0.134867201462841,0.0532652849549669,STG,-0.0124601788984295,0.595626261561705,15.154901959985745,0.134867201462841,0.0124601788984295,15.154901959985745,0.4605381165919282,False
637,TGFBR3,0.639091266289342,4.80221447581207e-09,TCX,0.022478833804942,0.69754912768388,5.096910013008056,0.639091266289342,0.022478833804942,5.096910013008056,0.45919282511210757,True
638,SYT16,-0.659548509038472,3.64977479340055e-10,TCX,0.0120722640954903,0.767882368046592,5.698970004336019,0.659548509038472,0.0120722640954903,5.698970004336019,0.4582959641255605,False
639,ACBD5,0.122386339318107,0.0002757948176373,PHG,0.0207912507492721,0.808556676781494,11.0,0.122386339318107,0.0207912507492721,11.0,0.4581464872944694,True
640,TST,0.187976207008253,0.006981405615695,PHG,0.0392545485267711,0.39059913079918,6.301029995663981,0.187976207008253,0.0392545485267711,6.301029995663981,0.457847533632287,True
641,FNIP1,0.114301187540923,6.09079226163101e-05,PHG,0.0670024933484044,0.291761705650809,6.3979400086720375,0.114301187540923,0.0670024933484044,6.3979400086720375,0.4578475336322869,True
642,MIB1,0.103078357017444,0.003629830682824,PCC,0.0139439163078339,0.654412603826695,23.045757490560675,0.103078357017444,0.0139439163078339,23.045757490560675,0.4576980568011958,True
643,CLMN,0.546676380933878,1.19749477447212e-10,PHG,-6.48912115816407e-05,0.999137678941166,7.698970004336019,0.546676380933878,6.48912115816407e-05,7.698970004336019,0.4573991031390134,False
644,SEMA6D,-0.195458045936055,2.94932299181732e-05,PCC,-0.0142482638943741,0.723012999485437,9.397940008672036,0.195458045936055,0.0142482638943741,9.397940008672036,0.45635276532137514,True
645,USP12,-0.0752853159486397,0.0639173248262245,IFG,-0.0547230063778232,0.0644782372706522,8.0,0.0752853159486397,0.0547230063778232,8.0,0.45620328849028396,True
646,HMGN1,-0.201577206963862,0.012475799718839,TCX,0.0013581767142449,0.986649900029459,14.69897000433602,0.201577206963862,0.0013581767142449,14.69897000433602,0.45560538116591925,False
647,SEMA6B,-0.17475126206771,0.0119274702789065,PHG,-0.0349390085490189,0.464280476073526,7.301029995663981,0.17475126206771,0.0349390085490189,7.301029995663981,0.4554559043348281,True
648,SSBP4,0.216640329241574,0.0022321280385929,TCX,0.0054327429171418,0.938468864047859,11.0,0.216640329241574,0.0054327429171418,11.0,0.4554559043348281,True
649,RAP1A,0.240880527590986,3.33548399345133e-06,TCX,-0.0328280899998308,0.290512883306617,6.096910013008056,0.240880527590986,0.0328280899998308,6.096910013008056,0.4554559043348281,False
650,NKAIN3,0.118040842568369,0.0620382351121501,ACC,-0.037513068632687,0.866129434500961,8.096910013008056,0.118040842568369,0.037513068632687,8.096910013008056,0.4551569506726457,False
651,QDPR,0.691949422501224,1.33821500975498e-10,TCX,-0.0131331038134568,0.863357963548914,5.522878745280337,0.691949422501224,0.0131331038134568,5.522878745280337,0.45515695067264567,False
652,KCNQ2,-0.155950886361778,0.0633389850182051,PHG,-0.0253912297053371,0.312538032080868,8.397940008672037,0.155950886361778,0.0253912297053371,8.397940008672037,0.4548579970104633,True
653,NEO1,0.328882766999167,1.42118322177483e-08,TCX,0.0068820569578263,0.750439252687802,8.045757490560675,0.328882766999167,0.0068820569578263,8.045757490560675,0.45455904334828096,True
654,RAB21,0.153344113540657,7.21932339807921e-06,PHG,-0.0312057247366604,0.127328444704147,8.0,0.153344113540657,0.0312057247366604,8.0,0.4541106128550074,False
655,IGSF3,-0.740170623388342,1.7409994167819098e-11,TCX,-0.0039981056394496,0.93006751693314,6.301029995663981,0.740170623388342,0.0039981056394496,6.301029995663981,0.4530642750373692,True
656,CCDC32,-0.198080830657859,0.0007511296173179,TCX,-0.0163368201286602,0.838070255619398,8.698970004336019,0.198080830657859,0.0163368201286602,8.698970004336019,0.452914798206278,True
657,MYRIP,0.239087691183865,0.0017913246598582,TCX,0.0425838987680596,0.169853489894627,5.3979400086720375,0.239087691183865,0.0425838987680596,5.3979400086720375,0.45201793721973094,True
658,PITPNA,-0.179306770157541,4.307066412147e-06,TCX,-0.0424267503853394,0.0209069936332822,6.154901959985743,0.179306770157541,0.0424267503853394,6.154901959985743,0.45186846038863976,True
659,PDE8A,0.295904586534243,4.24937245994526e-06,PHG,-0.0151934149821492,0.872263624170036,7.522878745280337,0.295904586534243,0.0151934149821492,7.522878745280337,0.45171898355754847,False
660,CADPS2,-0.427936636313818,4.41018163489461e-09,PHG,-0.0157870765390711,0.465623140209574,6.096910013008056,0.427936636313818,0.0157870765390711,6.096910013008056,0.4515695067264574,True
661,SPATA13,0.79172526055989,2.62189712357165e-10,PHG,0.016325481964039,0.802973726130923,5.221848749616356,0.79172526055989,0.016325481964039,5.221848749616356,0.45097159940209264,True
662,RBFOX3,-0.206356002966497,0.004911454100991,PHG,0.0536690285651711,0.0565845673020109,5.301029995663981,0.206356002966497,0.0536690285651711,5.301029995663981,0.4506726457399103,False
663,EIF4EBP2,0.322014544726615,2.06889842296013e-08,PHG,-0.0076207028270818,0.870124439694104,8.0,0.322014544726615,0.0076207028270818,8.0,0.4505231689088191,False
664,SNX1,0.178094111447844,9.57310012081015e-07,PHG,0.0031406766755606,0.871966161427939,15.0,0.178094111447844,0.0031406766755606,15.0,0.4503736920777279,True
665,CERS4,0.303403425938318,4.0148322629673903e-10,TCX,-0.0163549499346194,0.703517793799968,7.301029995663981,0.303403425938318,0.0163549499346194,7.301029995663981,0.45007473841554557,False
666,PIP5K1C,0.217042886489088,0.0043401778642484,TCX,-0.0576667983662671,0.0017222941846529,5.154901959985743,0.217042886489088,0.0576667983662671,5.154901959985743,0.44992526158445434,False
667,MTM1,0.273981951366649,2.70544781485877e-05,TCX,0.0192828629924903,0.432079179631002,7.096910013008056,0.273981951366649,0.0192828629924903,7.096910013008056,0.4497757847533632,True
668,MGMT,-0.134776438230465,0.0733916486560514,TCX,0.0130313801644222,0.870178550888243,13.69897000433602,0.134776438230465,0.0130313801644222,13.69897000433602,0.44977578475336316,False
669,BORCS5,-0.330762188673773,9.45073762896411e-10,TCX,0.005824137430992,0.775739181103861,8.096910013008056,0.330762188673773,0.005824137430992,8.096910013008056,0.4491778774289985,False
670,COMMD1,-0.155430939226984,3.12689704941686e-06,PHG,0.013127960462522,0.677231072562479,11.096910013008056,0.155430939226984,0.013127960462522,11.096910013008056,0.44917787742899845,False
671,PIK3C2B,0.250550234349816,3.40816844428787e-06,PHG,0.0171369230645035,0.697165383074478,7.698970004336019,0.250550234349816,0.0171369230645035,7.698970004336019,0.44902840059790733,True
672,LMAN2,0.156586076473328,9.21054031308433e-06,TCX,-0.0396394011475168,0.0034463268247313,7.0,0.156586076473328,0.0396394011475168,7.0,0.44857997010463374,False
673,EXOSC4,-0.158172413595416,0.0018136198100602,PHG,0.0100869271083057,0.830885177590834,12.096910013008056,0.158172413595416,0.0100869271083057,12.096910013008056,0.44843049327354256,False
674,PRDX3,-0.140991715569496,0.0035065450253709,STG,-0.0067781552321494,0.807553635436309,18.69897000433602,0.140991715569496,0.0067781552321494,18.69897000433602,0.4470852017937219,True
675,SRCIN1,-0.102155857144252,0.147457361348028,TCX,-0.11034935595688,0.221092679735357,5.698970004336019,0.102155857144252,0.11034935595688,5.698970004336019,0.4463378176382661,True
676,TMUB2,-0.0962197710078305,1.08669238942375e-06,DLPFC,-0.0564382793224511,0.110697740841409,7.397940008672037,0.0962197710078305,0.0564382793224511,7.397940008672037,0.44618834080717484,True
677,ASCC1,0.23826294558896,9.339383352894028e-11,PHG,0.0068709858691036,0.87767394578761,9.221848749616356,0.23826294558896,0.0068709858691036,9.221848749616356,0.445440956651719,True
678,TOGARAM1,-0.196102035562562,0.0003074805099844,TCX,0.0633142445404234,0.0980728056751078,5.154901959985743,0.196102035562562,0.0633142445404234,5.154901959985743,0.4451420029895366,False
679,FABP6,-0.375713486127762,0.0013092282821581,TCX,-0.0058722594042232,0.911329184439283,7.698970004336019,0.375713486127762,0.0058722594042232,7.698970004336019,0.4442451420029895,True
680,SH3RF1,-0.137427060717206,0.0011641427062797,STG,-0.0529609484332494,0.188819088625056,6.221848749616356,0.137427060717206,0.0529609484332494,6.221848749616356,0.4440956651718983,True
681,RELN,-0.1461969993186,0.0854393528352352,DLPFC,0.0615797109780308,0.285503567657669,5.698970004336019,0.1461969993186,0.0615797109780308,5.698970004336019,0.4439461883408071,False
682,SUGT1,0.130089054136584,0.0012597535012598,FP,-0.0197184897561249,0.812169513308267,10.045757490560677,0.130089054136584,0.0197184897561249,10.045757490560677,0.443796711509716,False
683,SLC25A12,-0.475513990413425,1.28188578377471e-09,PHG,0.0241810722466551,0.277274405586431,5.154901959985743,0.475513990413425,0.0241810722466551,5.154901959985743,0.44334828101644236,False
684,ELMO1,0.201926593963894,7.60008800473639e-05,PHG,-0.0199806174957012,0.766123890617884,8.0,0.201926593963894,0.0199806174957012,8.0,0.44275037369207765,False
685,NOTCH1,0.383376111437117,6.6691664381115e-06,PHG,-0.0096375855456813,0.886781989090956,7.154901959985743,0.383376111437117,0.0096375855456813,7.154901959985743,0.4426008968609866,False
686,NDUFAF2,-0.193723496967844,7.62771575242219e-05,PHG,-0.005834870417696,0.869818881708293,11.221848749616356,0.193723496967844,0.005834870417696,11.221848749616356,0.4426008968609865,True
687,YWHAQ,-0.0563725194960565,0.255598492800105,STG,-0.0630452027264273,0.0182560873425586,7.698970004336019,0.0563725194960565,0.0630452027264273,7.698970004336019,0.4418535127055306,True
688,ARSA,0.0722437194922723,0.192951853861823,IFG,-0.063194704288216,0.230525070685463,7.522878745280337,0.0722437194922723,0.063194704288216,7.522878745280337,0.4415545590433483,False
689,ETFA,-0.164592361887411,0.0005048599216322,FP,-0.0231780867552977,0.360503292151346,8.096910013008056,0.164592361887411,0.0231780867552977,8.096910013008056,0.4414050822122571,True
690,DST,0.11300113445999,0.0008288258165425,DLPFC,0.0275090987968791,0.20887086460693,9.045757490560677,0.11300113445999,0.0275090987968791,9.045757490560677,0.44050822122571,True
691,FNBP4,-0.0682689976710495,0.148458307651945,FP,0.0287083985478877,0.550166372530618,11.154901959985745,0.0682689976710495,0.0287083985478877,11.154901959985745,0.4399103139013453,False
692,PPIL2,-0.136144096077467,0.0546884228841129,TCX,0.10401483654983,0.0289184657885936,5.221848749616356,0.136144096077467,0.10401483654983,5.221848749616356,0.43961136023916286,False
693,PTPN9,0.234992510068914,4.67239525964692e-05,TCX,0.0049091356618676,0.887350492216519,9.522878745280336,0.234992510068914,0.0049091356618676,9.522878745280336,0.43811659192825114,True
694,RIMBP2,-0.528207273203991,1.05330127371223e-08,TCX,-0.0165805945470198,0.508780229291441,5.3979400086720375,0.528207273203991,0.0165805945470198,5.3979400086720375,0.4379671150971599,True
695,CTNNA2,0.128959378244335,0.0460622097915876,TCX,-0.0331841419957024,0.134284082416394,8.0,0.128959378244335,0.0331841419957024,8.0,0.4373692077727952,False
696,CSMD1,-0.517019224015125,9.5388902245329e-09,TCX,-0.0057433611256473,0.813975922938708,6.522878745280337,0.517019224015125,0.0057433611256473,6.522878745280337,0.4367713004484305,True
697,SORD,0.129672680565592,0.0208937312631548,PHG,0.0677144627464672,0.0821984931063402,5.698970004336019,0.129672680565592,0.0677144627464672,5.698970004336019,0.4367713004484305,True
698,PYM1,-0.170765764205019,3.55106762681824e-05,STG,-0.0112834557082214,0.64010897196944,10.0,0.170765764205019,0.0112834557082214,10.0,0.43647234678624813,True
699,CLPP,0.100514359723537,0.0085376033501647,TCX,0.0096229300030587,0.757819904610049,30.30102999566398,0.100514359723537,0.0096229300030587,30.30102999566398,0.4364723467862481,True
700,MARCKS,-0.116909731528671,0.0193034947276804,TCX,0.0331193382194251,0.450901680801948,8.154901959985743,0.116909731528671,0.0331193382194251,8.154901959985743,0.4363228699551569,False
701,CSMD3,-0.391966614560731,1.29662882151591e-06,TCX,0.0092995787402073,0.816872783641301,6.698970004336019,0.391966614560731,0.0092995787402073,6.698970004336019,0.4351270553064275,False
702,DENND4A,-0.0498139643520945,0.0530580993726609,IFG,0.045868738718788,0.259670344370703,8.397940008672037,0.0498139643520945,0.045868738718788,8.397940008672037,0.4348281016442451,False
703,SELENOF,-0.0914316018367494,0.11316916197786,STG,-0.0321322450881627,0.105754312983011,9.0,0.0914316018367494,0.0321322450881627,9.0,0.43467862481315395,True
704,CPS1,0.268472828476689,3.11616466681286e-05,PHG,0.0331752860463852,0.254803785508277,5.3979400086720375,0.268472828476689,0.0331752860463852,5.3979400086720375,0.4346786248131539,True
705,FAM171A1,0.19498004848386,3.55660604524595e-07,PCC,0.0214770243706398,0.284223181080879,7.698970004336019,0.19498004848386,0.0214770243706398,7.698970004336019,0.4340807174887892,True
706,SORT1,0.263935855896372,1.6988482439091e-09,PHG,-0.0031036559258813,0.932407243743568,9.0,0.263935855896372,0.0031036559258813,9.0,0.4337817638266069,False
707,RPL23,0.0833046599859699,0.0839231571468841,PHG,-0.0191842295057068,0.28849336599001,13.69897000433602,0.0833046599859699,0.0191842295057068,13.69897000433602,0.4333333333333333,False
708,PDE1A,-0.41062384232948,1.0297220497922e-05,PHG,0.0169634475769415,0.617678605898042,5.698970004336019,0.41062384232948,0.0169634475769415,5.698970004336019,0.4331838565022421,False
709,DCAKD,0.184991064886362,8.3999241453684e-05,PHG,-0.0051117999203956,0.87683467705856,11.154901959985745,0.184991064886362,0.0051117999203956,11.154901959985745,0.4324364723467862,False
710,PSMC3,-0.165282637209555,1.21636520841137e-07,PHG,-0.0065992499933357,0.639908941318427,12.0,0.165282637209555,0.0065992499933357,12.0,0.4324364723467862,True
711,USP32,-0.102952949245641,0.0489621598772054,TCX,-0.0250890819297916,0.123571559678358,9.522878745280336,0.102952949245641,0.0250890819297916,9.522878745280336,0.4321375186846038,True
712,RTF2,0.084415584707795,0.0061162620948669,TCX,0.0680903278562636,0.0491787601398575,6.522878745280337,0.084415584707795,0.0680903278562636,6.522878745280337,0.4319880418535127,True
713,PNPLA7,0.12766970425295,0.127578770714249,STG,0.0430848585544652,0.283122108636599,7.096910013008056,0.12766970425295,0.0430848585544652,7.096910013008056,0.4315396113602391,True
714,ADH5,0.10218307063577,0.0294733178919931,TCX,0.0296270391499115,0.320523193321194,8.698970004336019,0.10218307063577,0.0296270391499115,8.698970004336019,0.43049327354260086,True
715,MROH1,-0.132733917827366,0.0780760154531321,TCX,-0.0207339981127238,0.418783238972665,9.221848749616356,0.132733917827366,0.0207339981127238,9.221848749616356,0.4301943198804185,True
716,EPHA4,-0.501340976991003,1.1634009957935902e-09,PHG,-0.0032702918085071,0.933918743465911,7.0,0.501340976991003,0.0032702918085071,7.0,0.43004484304932733,True
717,STXBP6,-0.329221230356891,3.38670604514131e-07,TCX,-0.025961694675691,0.577168866916624,5.3979400086720375,0.329221230356891,0.025961694675691,5.3979400086720375,0.4298953662182362,True
718,CMTM5,-0.513513049813602,0.000468650971787,TCX,-0.0141909606447411,0.856982084100502,5.522878745280337,0.513513049813602,0.0141909606447411,5.522878745280337,0.4294469357249626,True
719,PPP4R3A,0.263184042107195,1.60713957597859e-10,TCX,0.0237301145497517,0.358801783110051,6.096910013008056,0.263184042107195,0.0237301145497517,6.096910013008056,0.42914798206278026,True
720,VRK1,-0.237253680755823,0.0005244319266671,TCX,0.0298166368796207,0.692030981760675,6.0,0.237253680755823,0.0298166368796207,6.0,0.42914798206278026,False
721,EPHX2,-0.110104835297061,0.070149824345677,PCC,-0.0209540010917397,0.812169513308267,10.0,0.110104835297061,0.0209540010917397,10.0,0.4289985052316891,True
722,MAP2K5,-0.116161721534119,0.0034662925947775,TCX,-0.140732138182661,0.0289184657885936,5.221848749616356,0.116161721534119,0.140732138182661,5.221848749616356,0.42855007473841555,True
723,SPIRE2,-0.147394725874044,0.0033975990006116,PHG,0.0168028105809236,0.76327831256438,9.397940008672036,0.147394725874044,0.0168028105809236,9.397940008672036,0.42765321375186843,False
724,SBF2,0.203545002274944,6.59124154622884e-05,TCX,0.0408504367100752,0.0130757093440245,5.522878745280337,0.203545002274944,0.0408504367100752,5.522878745280337,0.42675635276532137,True
725,OPTN,-0.0796629606852779,0.0253435027359709,PHG,0.100546647279256,0.155907075737205,6.0,0.0796629606852779,0.100546647279256,6.0,0.426457399103139,False
726,ANAPC1,-0.198068570230293,4.9447493707536e-05,TCX,0.0050743807449325,0.822379594001676,10.154901959985745,0.198068570230293,0.0050743807449325,10.154901959985745,0.4254110612855007,False
727,ARHGEF28,-0.247210324391951,7.54755681533918e-06,PHG,0.0343050356832201,0.10241961393922,5.3979400086720375,0.247210324391951,0.0343050356832201,5.3979400086720375,0.42481315396113595,False
728,VLDLR,-0.293898448931733,0.000248773626633,TCX,0.0319154197668221,0.222552855483718,5.221848749616356,0.293898448931733,0.0319154197668221,5.221848749616356,0.4246636771300448,False
729,ROBO1,-0.146275614061534,0.0306253245074319,TCX,-0.007373347903828,0.785119194211935,12.522878745280336,0.146275614061534,0.007373347903828,12.522878745280336,0.4242152466367713,True
730,SMYD3,-0.297337785814225,3.75771744592385e-06,TCX,-0.0025355857497015,0.942452751505845,8.221848749616356,0.297337785814225,0.0025355857497015,8.221848749616356,0.4240657698056801,True
731,GMPPB,-0.0909281310793983,0.0716242336635992,FP,0.0154438262710367,0.606512876666944,14.69897000433602,0.0909281310793983,0.0154438262710367,14.69897000433602,0.42391629297458894,False
732,SCARB2,0.217954220590313,7.13040383487351e-06,PHG,-0.010722025927097,0.732865467262939,8.301029995663981,0.217954220590313,0.010722025927097,8.301029995663981,0.4239162929745889,False
733,DENND1A,0.0986421118532732,0.0329324767828798,STG,-0.0257443093970646,0.145213168738839,9.397940008672036,0.0986421118532732,0.0257443093970646,9.397940008672036,0.4234678624813154,False
734,ABHD17A,0.143880439011727,0.0193483726880794,IFG,0.0213449059508867,0.496252547045239,8.397940008672037,0.143880439011727,0.0213449059508867,8.397940008672037,0.423168908819133,True
735,TBL1XR1,-0.168989515462438,5.72139230820096e-07,TCX,0.0089524245159529,0.751482798391653,10.0,0.168989515462438,0.0089524245159529,10.0,0.4230194319880418,False
736,SF3B3,0.100418381423706,0.0004997599801273,FP,0.0337124936302603,0.202447298009819,8.154901959985743,0.100418381423706,0.0337124936302603,8.154901959985743,0.4225710014947683,True
737,TIAM1,-0.236322975642862,3.64294045782331e-08,TCX,0.0148141415656797,0.741722423060006,7.698970004336019,0.236322975642862,0.0148141415656797,7.698970004336019,0.4224215246636771,False
738,DAB1,-0.297307759487821,1.69894293807842e-07,PHG,0.0015529634542434,0.978702942653821,8.301029995663981,0.297307759487821,0.0015529634542434,8.301029995663981,0.4218236173393124,False
739,HPCAL1,-0.180238194315408,0.0037325601163242,PHG,-0.0496762443259959,0.11869823391202,5.301029995663981,0.180238194315408,0.0496762443259959,5.301029995663981,0.42137518684603886,True
740,SLC38A1,-0.110444495286774,0.0640864152369248,PCC,0.0483201238566411,0.18446968302864,6.522878745280337,0.110444495286774,0.0483201238566411,6.522878745280337,0.41913303437967114,False
741,PTPRD,-0.164467053660958,0.0208177531844402,TCX,-0.0236276714504425,0.506158001863352,7.698970004336019,0.164467053660958,0.0236276714504425,7.698970004336019,0.41913303437967114,True
742,HGH1,-0.107262726642116,0.0883262413095472,FP,-0.0066323209301448,0.915395959148151,21.69897000433602,0.107262726642116,0.0066323209301448,21.69897000433602,0.4186846038863976,True
743,ABHD12,-0.0991521030126741,0.0526902368727943,TCX,-0.0314210156943168,0.081587498170561,8.397940008672037,0.0991521030126741,0.0314210156943168,8.397940008672037,0.41868460388639755,True
744,NFIX,0.152841638367057,0.0021888096410987,TCX,0.0335887092692437,0.560979635951401,7.0,0.152841638367057,0.0335887092692437,7.0,0.41808669656203284,True
745,MSH2,-0.271481930112011,6.25087654509781e-10,TCX,0.020411878907191,0.530878759694363,6.096910013008056,0.271481930112011,0.020411878907191,6.096910013008056,0.4177877428998505,False
746,TTC33,-0.200463015613782,0.0011919598023364,PHG,0.0501421580102488,0.126013320083071,5.154901959985743,0.200463015613782,0.0501421580102488,5.154901959985743,0.4176382660687593,False
747,PARP10,0.312303105818488,1.46038475578438e-06,PHG,0.0163239288846465,0.762804998305798,6.154901959985743,0.312303105818488,0.0163239288846465,6.154901959985743,0.41659192825112107,True
748,SQSTM1,0.208130075775971,4.5198466100748e-05,TCX,0.0286658413785597,0.550641907468677,6.154901959985743,0.208130075775971,0.0286658413785597,6.154901959985743,0.41599402092675636,True
749,MPP7,-0.312272760312604,8.170661854871e-05,PHG,0.0338905599885233,0.0451293472107533,5.045757490560675,0.312272760312604,0.0338905599885233,5.045757490560675,0.41599402092675636,False
750,MACIR,-0.134709557393099,0.001750200316533,PHG,0.0779704181233154,0.130238546306789,5.221848749616356,0.134709557393099,0.0779704181233154,5.221848749616356,0.4159940209267563,False
751,DDAH1,0.109808586838773,0.136433085357879,TCX,0.0109748955272918,0.628579824881543,13.69897000433602,0.109808586838773,0.0109748955272918,13.69897000433602,0.4159940209267563,True
752,RNF123,-0.173897779959006,0.0002601130549691,PHG,0.0024634603134346,0.92368619823207,12.0,0.173897779959006,0.0024634603134346,12.0,0.41569506726457395,False
753,CACNA2D3,-0.434858856562104,5.03909704177175e-07,TCX,-0.0124083200398515,0.672133518096418,5.698970004336019,0.434858856562104,0.0124083200398515,5.698970004336019,0.41524663677130036,True
754,LARP6,0.157381012504898,0.0030458454776344,PHG,-0.0563524599280383,0.0503832361982835,5.301029995663981,0.157381012504898,0.0563524599280383,5.301029995663981,0.41509715994020924,False
755,OPCML,-0.514453308530515,1.52111701783015e-09,PHG,-0.0090760860416932,0.750047583291423,5.698970004336019,0.514453308530515,0.0090760860416932,5.698970004336019,0.4143497757847533,True
756,CPNE8,-0.1894599418784,0.0011416111051442,IFG,0.0342335523723858,0.224535661031627,6.0,0.1894599418784,0.0342335523723858,6.0,0.4139013452914798,False
757,AP2A2,0.0926181840000897,0.0895673524780475,FP,-0.0481703409291319,0.110697740841409,7.221848749616356,0.0926181840000897,0.0481703409291319,7.221848749616356,0.41375186846038864,False
758,PAK2,0.235183247815877,8.21774014407173e-09,PHG,0.0155501854848206,0.397624926316784,7.522878745280337,0.235183247815877,0.0155501854848206,7.522878745280337,0.4137518684603886,True
759,DDX27,0.0444112466260727,0.327323285788404,STG,0.0566607329399039,0.052181373545558,7.522878745280337,0.0444112466260727,0.0566607329399039,7.522878745280337,0.4122571001494768,True
760,BAZ1B,0.156726539156004,1.37640771217837e-11,PHG,0.0190005599187008,0.669297729293424,8.154901959985743,0.156726539156004,0.0190005599187008,8.154901959985743,0.4118086696562033,True
761,PTPRF,-0.0876218912422679,0.0059261586243675,DLPFC,-0.0280013149802742,0.0894724402542148,9.0,0.0876218912422679,0.0280013149802742,9.0,0.4116591928251121,True
762,RERE,0.162800984976959,6.10089242299312e-06,TCX,-0.0065647498861199,0.94362036368906,10.522878745280336,0.162800984976959,0.0065647498861199,10.522878745280336,0.4116591928251121,False
763,CTNNA3,0.199316861450308,0.0593459231907136,PHG,-0.0194831501331021,0.838891160317754,7.522878745280337,0.199316861450308,0.0194831501331021,7.522878745280337,0.4110612855007474,False
764,PPIG,-0.121634114870017,0.0163652462943446,TCX,0.0039032748216391,0.96097198325486,19.30102999566398,0.121634114870017,0.0039032748216391,19.30102999566398,0.4110612855007474,False
765,CTNNBIP1,-0.116532173302604,0.0320207230901723,TCX,0.010801344544511,0.802893909048508,12.522878745280336,0.116532173302604,0.010801344544511,12.522878745280336,0.41076233183856503,False
766,DVL2,0.13394571015695,0.001305293518591,PHG,0.0631323988051955,0.265052370817215,5.3979400086720375,0.13394571015695,0.0631323988051955,5.3979400086720375,0.41046337817638257,True
767,PLPP7,-0.135750304040975,0.0027193079678845,PHG,-0.018780918838981,0.663740238073675,8.698970004336019,0.135750304040975,0.018780918838981,8.698970004336019,0.4098654708520179,True
768,MOB1B,0.146822068974041,0.0080775385130803,STG,0.0303720628154985,0.322482646733061,7.397940008672037,0.146822068974041,0.0303720628154985,7.397940008672037,0.40971599402092673,True
769,UBXN6,-0.125171012572515,0.0028579042442958,PHG,0.0030092857124165,0.902027664439314,19.22184874961636,0.125171012572515,0.0030092857124165,19.22184874961636,0.4086696562032885,False
770,UQCRFS1,-0.322770926031134,1.08079892490611e-10,PHG,-0.025603575207873,0.199593367148101,5.221848749616356,0.322770926031134,0.025603575207873,5.221848749616356,0.4076233183856502,True
771,DYM,-0.0699839307561305,0.0769901206505702,TCX,0.0368015505134444,0.401384113087504,8.221848749616356,0.0699839307561305,0.0368015505134444,8.221848749616356,0.40702541106128554,False
772,EFNA5,-0.306093843586257,4.47351398156882e-06,PHG,0.0152180545872186,0.748716101892075,6.154901959985743,0.306093843586257,0.0152180545872186,6.154901959985743,0.4067264573991031,False
773,RBCK1,0.171555543291476,0.0002768670946455,PHG,0.0042478762182995,0.909465468737821,10.522878745280336,0.171555543291476,0.0042478762182995,10.522878745280336,0.40657698056801195,True
774,UFC1,0.105945811375655,0.0019440888252172,TCX,0.034527299430244,0.0214373039032109,7.698970004336019,0.105945811375655,0.034527299430244,7.698970004336019,0.40657698056801195,True
775,GJB6,0.310972637814696,0.0882934428594248,TCX,-0.0331818951052814,0.636102460662273,5.0,0.310972637814696,0.0331818951052814,5.0,0.4064275037369208,False
776,RFC3,-0.285222776498367,0.0006270060362885,STG,-0.0158959567402895,0.699371292855958,6.221848749616356,0.285222776498367,0.0158959567402895,6.221848749616356,0.40582959641255606,True
777,OGA,-0.126948837074648,0.0004301884806983,ACC,-0.0162818403324596,0.588793806336864,9.522878745280336,0.126948837074648,0.0162818403324596,9.522878745280336,0.405829596412556,True
778,GABBR1,-0.135405363979629,0.0093896335531115,PHG,-0.0077264565358882,0.754984530680269,11.69897000433602,0.135405363979629,0.0077264565358882,11.69897000433602,0.40433482810164423,True
779,CENPE,-0.435762097868224,0.0001309746192145,TCX,-0.0029977140694328,0.9509458725714,6.522878745280337,0.435762097868224,0.0029977140694328,6.522878745280337,0.4029895366218236,True
780,LCMT1,-0.178198490861545,1.96601807610783e-05,PHG,0.0214488488115186,0.178073915368801,7.397940008672037,0.178198490861545,0.0214488488115186,7.397940008672037,0.40224215246636763,False
781,SRC,-0.11762829161168,0.0248778611415376,PHG,0.0178880059285641,0.318778967948762,9.397940008672036,0.11762829161168,0.0178880059285641,9.397940008672036,0.40074738415545585,False
782,GLCCI1,-0.271556074875274,2.52479791695557e-08,PHG,-0.0090875263603217,0.735847927264448,7.397940008672037,0.271556074875274,0.0090875263603217,7.397940008672037,0.40074738415545585,True
783,PFDN1,-0.16588521622027,4.0329235817573415e-09,PHG,-0.0026320057688094,0.902863762426987,11.0,0.16588521622027,0.0026320057688094,11.0,0.40014947683109114,True
784,TRIP4,0.252519842325492,9.18646827716398e-07,TCX,0.017000434392885,0.676415713222247,6.3979400086720375,0.252519842325492,0.017000434392885,6.3979400086720375,0.40014947683109114,True
785,FGGY,-0.217746351563425,0.0023191822810349,TCX,0.035209409193347,0.567324530542083,5.301029995663981,0.217746351563425,0.035209409193347,5.301029995663981,0.3998505231689088,False
786,TPD52,-0.258311130920541,3.0091902172958e-05,PHG,0.0223777730555785,0.662212117799697,5.698970004336019,0.258311130920541,0.0223777730555785,5.698970004336019,0.39970104633781756,False
787,FHOD3,-0.354020281422856,0.0002179355870563,TCX,-0.0148458884021681,0.902863762426987,5.698970004336019,0.354020281422856,0.0148458884021681,5.698970004336019,0.3994020926756352,True
788,BLOC1S3,0.0599076870486361,0.193703725969462,TCX,0.0100230462115423,0.831170378275422,42.15490195998574,0.0599076870486361,0.0100230462115423,42.15490195998574,0.3991031390134529,True
789,CAMK1D,-0.265817398223428,0.000626975140781,TCX,-0.0023870077846505,0.937721738538274,8.096910013008056,0.265817398223428,0.0023870077846505,8.096910013008056,0.3989536621823617,True
790,CUL3,0.0573232051250141,0.0639059101158973,ACC,-0.0290821768260532,0.0184789916982553,9.397940008672036,0.0573232051250141,0.0290821768260532,9.397940008672036,0.3989536621823617,False
791,MSRB2,-0.107662910465122,0.0021227033736642,STG,0.0207045013160398,0.290512883306617,9.0,0.107662910465122,0.0207045013160398,9.0,0.39880418535127055,False
792,SFXN1,-0.144044990529762,3.34989832940481e-07,PHG,-0.0244603487525915,0.130894259447063,7.698970004336019,0.144044990529762,0.0244603487525915,7.698970004336019,0.3988041853512705,True
793,TTC8,-0.262912323095295,1.40380006923798e-05,PHG,0.0353097602453585,0.679523645314509,5.045757490560675,0.262912323095295,0.0353097602453585,5.045757490560675,0.39865470852017937,False
794,CCDC25,-0.160688017377092,8.17604300266398e-05,TCX,0.0359426435458179,0.182340227491592,6.0,0.160688017377092,0.0359426435458179,6.0,0.39865470852017937,False
795,PDZD8,0.0826775122184671,0.0025600556315896,PHG,-0.029333826125553,0.0666346339069482,8.522878745280337,0.0826775122184671,0.029333826125553,8.522878745280337,0.3986547085201793,False
796,FHIP2A,-0.0946725182196175,0.0435312200744359,TCX,0.0204255790574521,0.202016475803933,9.522878745280336,0.0946725182196175,0.0204255790574521,9.522878745280336,0.398355754857997,False
797,BCCIP,0.16458535221689,0.0005534860591017,TCX,0.0107301925868763,0.827270117400269,8.698970004336019,0.16458535221689,0.0107301925868763,8.698970004336019,0.39701046337817636,True
798,LSM2,0.152386428382976,0.0009196558698513,TCX,-0.0027739303984314,0.940938049269421,12.154901959985745,0.152386428382976,0.0027739303984314,12.154901959985745,0.3968609865470852,False
799,NMT1,0.172541927670313,1.11307856703224e-06,TCX,0.000567145750275,0.986649900029459,11.154901959985745,0.172541927670313,0.000567145750275,11.154901959985745,0.3965620328849028,True
800,NLGN4X,-0.337279269499893,2.80881633744806e-14,PHG,0.0155034639976201,0.481896556360528,5.698970004336019,0.337279269499893,0.0155034639976201,5.698970004336019,0.3955156950672646,False
801,INPP4B,-0.210597182065744,0.0320539933335209,TCX,0.0266921599574675,0.138873570059024,6.0,0.210597182065744,0.0266921599574675,6.0,0.39417040358744393,False
802,FBXO21,-0.15746864678914,1.15504790482838e-05,TCX,0.038828558867065,0.148604000171158,5.698970004336019,0.15746864678914,0.038828558867065,5.698970004336019,0.39312406576980563,False
803,FAM20B,-0.163560572273656,1.2598092287593e-05,PHG,-0.0071751603758118,0.883135448256194,9.397940008672036,0.163560572273656,0.0071751603758118,9.397940008672036,0.3929745889387145,True
804,AGT,0.299169564335632,0.004620034351535,TCX,-0.0120404599872114,0.869046806956961,6.221848749616356,0.299169564335632,0.0120404599872114,6.221848749616356,0.39267563527653215,False
805,RBM5,-0.122536062123429,0.0085077849061971,TCX,0.0006312399309361,0.988551239534728,18.69897000433602,0.122536062123429,0.0006312399309361,18.69897000433602,0.39237668161434974,False
806,GIGYF1,0.124960360862539,0.0372093413827163,TCX,0.0276308227520445,0.236973639583123,7.698970004336019,0.124960360862539,0.0276308227520445,7.698970004336019,0.39222720478325857,True
807,PTDSS2,0.138076457110795,0.0166132113630839,TCX,0.0213580133396057,0.517065772437379,8.0,0.138076457110795,0.0213580133396057,8.0,0.39222720478325857,True
808,SCN8A,-0.52436604614052,1.12037733444542e-08,TCX,-0.011796928266478,0.69754912768388,5.221848749616356,0.52436604614052,0.011796928266478,5.221848749616356,0.3920777279521674,True
809,ATP5PF,-0.255104829383105,4.21106315896319e-08,PHG,-0.0260217551584448,0.34522467215243,5.3979400086720375,0.255104829383105,0.0260217551584448,5.3979400086720375,0.39162929745889385,True
810,RHOBTB3,0.421394978885909,1.8040343694379e-07,PHG,-0.0176239037741989,0.724858754968253,5.154901959985743,0.421394978885909,0.0176239037741989,5.154901959985743,0.3916292974588938,False
811,ANXA2,1.00321790850616,7.61253658107115e-13,TCX,0.0066194061910607,0.931944070032667,5.154901959985743,1.00321790850616,0.0066194061910607,5.154901959985743,0.39133034379671144,True
812,HADHA,0.156941860833347,0.0002516274361709,PHG,-0.0200451162924448,0.497644235301174,7.698970004336019,0.156941860833347,0.0200451162924448,7.698970004336019,0.3907324364723468,False
813,FKBPL,-0.167773842062211,0.0395904811463413,PHG,-0.0383452312071538,0.564819941175144,5.522878745280337,0.167773842062211,0.0383452312071538,5.522878745280337,0.39058295964125556,True
814,SNX19,0.16050645439037,9.58875047728286e-08,PHG,-0.0127954416296024,0.765879094423763,8.397940008672037,0.16050645439037,0.0127954416296024,8.397940008672037,0.3902840059790732,False
815,ANO4,-0.201184005530972,0.0639884152019486,TCX,-0.0222044736503183,0.662212117799697,6.3979400086720375,0.201184005530972,0.0222044736503183,6.3979400086720375,0.3902840059790732,True
816,RIC8B,0.100212309986012,0.0027527501649667,TCX,0.03307541275728,0.276735357635006,7.698970004336019,0.100212309986012,0.03307541275728,7.698970004336019,0.390134529147982,True
817,CAMTA1,-0.346465691979472,2.0263087259476097e-11,TCX,0.007101186464546,0.934295162584948,6.301029995663981,0.346465691979472,0.007101186464546,6.301029995663981,0.38998505231689085,False
818,ARID1A,0.187676105057628,1.18757877679546e-05,PHG,-0.012294380599776,0.641531867912573,8.0,0.187676105057628,0.012294380599776,8.0,0.38983557548579967,False
819,ADAM17,0.0717189383062227,0.0209702340902413,ACC,0.0254838927957773,0.496001792267713,9.30102999566398,0.0717189383062227,0.0254838927957773,9.30102999566398,0.38938714499252614,True
820,LIG4,-0.292663789467647,2.04366953671613e-06,TCX,-0.0207778891993845,0.619870152448168,5.3979400086720375,0.292663789467647,0.0207778891993845,5.3979400086720375,0.3892376681614349,True
821,TMEM41B,-0.0693709453658649,0.0242337689309275,ACC,0.0104685293139175,0.783128630506084,18.0,0.0693709453658649,0.0104685293139175,18.0,0.3890881913303438,False
822,ADGRL2,-0.309145353279598,9.00235639126496e-08,PHG,-0.0282113662786587,0.333228530152972,5.045757490560675,0.309145353279598,0.0282113662786587,5.045757490560675,0.3890881913303438,True
823,ANAPC10,-0.220444130028711,4.43165585154547e-06,PHG,0.0103796403941591,0.741722423060006,7.698970004336019,0.220444130028711,0.0103796403941591,7.698970004336019,0.3889387144992526,False
824,HECW1,-0.572649933625361,4.22476588706187e-09,TCX,-0.0001417913760449,0.99507974770143,6.0,0.572649933625361,0.0001417913760449,6.0,0.3878923766816143,True
825,EPRS1,-0.0817700383074849,0.0104649786730837,PCC,-0.0334365334946184,0.0249484647392685,8.0,0.0817700383074849,0.0334365334946184,8.0,0.38744394618834077,True
826,ATAD3A,-0.058145410632696,0.203779361989248,PHG,-0.0232322944950585,0.214187424983135,10.0,0.058145410632696,0.0232322944950585,10.0,0.3865470852017937,True
827,NOLC1,-0.152607944856655,0.0001045422434469,PHG,-0.0032161444527887,0.951433692370463,11.0,0.152607944856655,0.0032161444527887,11.0,0.3863976083707025,True
828,DAZAP1,0.190426574155302,2.61407623961439e-05,PHG,-0.001127437228121,0.974523970392746,9.522878745280336,0.190426574155302,0.001127437228121,9.522878745280336,0.3849028400597907,False
829,CTNND2,0.203548366625986,7.148907416672571e-10,ACC,0.0245401848358093,0.864410271150479,6.045757490560675,0.203548366625986,0.0245401848358093,6.045757490560675,0.3832585949177877,True
830,RAB40C,-0.20844261585887,0.0002116534995608,PHG,-0.0066271054860562,0.836860958868648,8.154901959985743,0.20844261585887,0.0066271054860562,8.154901959985743,0.38310911808669657,True
831,CELF2,-0.168485599139875,0.0013323093723429,TCX,-0.0228787514375119,0.356583813562012,6.698970004336019,0.168485599139875,0.0228787514375119,6.698970004336019,0.3813153961136024,True
832,CCDC85B,-0.409815506478433,1.28671302050789e-06,PHG,-0.0002861562928739,0.993684591068952,6.522878745280337,0.409815506478433,0.0002861562928739,6.522878745280337,0.3811659192825112,True
833,SCAMP4,0.181283276152623,0.0006079319799323,TCX,0.0075599905985418,0.684182807769736,8.397940008672037,0.181283276152623,0.0075599905985418,8.397940008672037,0.38041853512705526,True
834,MKRN1,-0.0636170549278967,0.0187194005513233,STG,-0.0079401392803889,0.806427137455273,21.0,0.0636170549278967,0.0079401392803889,21.0,0.37922272047832584,True
835,SNX29,0.212914047461236,4.89110080191022e-06,PHG,-0.0166202261422431,0.590810924114096,6.698970004336019,0.212914047461236,0.0166202261422431,6.698970004336019,0.3792227204783258,False
836,SQOR,0.609316101297578,1.65645960848237e-06,TCX,-0.0119693309388231,0.794836149402539,5.0,0.609316101297578,0.0119693309388231,5.0,0.3789237668161435,False
837,MANBAL,-0.126336119605493,0.0006279067251342,PHG,0.028562288462825,0.5157256551213,7.397940008672037,0.126336119605493,0.028562288462825,7.397940008672037,0.3786248131539611,False
838,CABLES1,0.238165753920971,0.0739567060530628,TCX,0.0211462552361076,0.39059913079918,5.698970004336019,0.238165753920971,0.0211462552361076,5.698970004336019,0.3784753363228699,True
839,TCF4,0.037633705906897,0.238360304160222,DLPFC,0.0697498967053017,0.23952125129515,6.045757490560675,0.037633705906897,0.0697498967053017,6.045757490560675,0.3784753363228699,True
840,ANKH,0.074521640750457,0.0376236278734026,FP,-0.0172319043127805,0.508780229291441,10.522878745280336,0.074521640750457,0.0172319043127805,10.522878745280336,0.37817638266068754,False
841,ELAVL1,0.141448498557166,0.0002945921933256,FP,0.0246786891828234,0.516966354177727,7.397940008672037,0.141448498557166,0.0246786891828234,7.397940008672037,0.37742899850523165,True
842,FHIT,-0.333880717881334,7.58653069768774e-09,TCX,-0.0237439210182534,0.225836196526104,5.045757490560675,0.333880717881334,0.0237439210182534,5.045757490560675,0.3771300448430493,True
843,NCOR2,0.117641333497096,0.0168725075209883,ACC,-0.0080229818625673,0.841757273547929,10.69897000433602,0.117641333497096,0.0080229818625673,10.69897000433602,0.3768310911808669,False
844,RBM27,-0.10168964792782,0.0712970068751125,STG,0.0293096611866735,0.671896297234737,7.698970004336019,0.10168964792782,0.0293096611866735,7.698970004336019,0.37668161434977576,False
845,CLINT1,-0.0938769255466738,0.0008349468435507,PHG,-0.0229751198337115,0.12866725283327,8.397940008672037,0.0938769255466738,0.0229751198337115,8.397940008672037,0.37653213751868453,True
846,CAMSAP1,-0.148427921518422,3.05274931313842e-05,TCX,-0.0346123753732313,0.0077620927798763,6.0,0.148427921518422,0.0346123753732313,6.0,0.37623318385650223,True
847,ITSN2,0.0321468318465428,0.16630880204718,PHG,-0.0411819914345742,0.0104724214782696,7.698970004336019,0.0321468318465428,0.0411819914345742,7.698970004336019,0.37608370702541105,False
848,ERCC2,-0.15818192377864,0.0001631285281755,PHG,0.0015027544286609,0.976006567758206,10.30102999566398,0.15818192377864,0.0015027544286609,10.30102999566398,0.3756352765321375,False
849,NUBP1,0.133301829477674,0.0016880343048478,PHG,0.0250558653949396,0.521176376842218,7.522878745280337,0.133301829477674,0.0250558653949396,7.522878745280337,0.37548579970104634,True
850,KAZN,-0.271031031603868,8.02375591121086e-07,TCX,-0.0169809878255969,0.596978752278244,5.698970004336019,0.271031031603868,0.0169809878255969,5.698970004336019,0.375186846038864,True
851,SDHB,-0.145237543903007,0.000477970828263,STG,-0.0197026402137457,0.34066925284606,7.698970004336019,0.145237543903007,0.0197026402137457,7.698970004336019,0.37518684603886393,True
852,RAB1A,-0.107167273146677,0.0006964774046858,PHG,0.0160922764999336,0.436534384866656,9.221848749616356,0.107167273146677,0.0160922764999336,9.221848749616356,0.3745889387144993,False
853,SCFD2,-0.222084522666492,1.69134012636432e-05,TCX,-0.0227841623537314,0.250600467276367,5.698970004336019,0.222084522666492,0.0227841623537314,5.698970004336019,0.37458893871449916,True
854,DHX8,-0.0488337665232441,0.0206822977522069,PCC,0.0209602488185859,0.765467337192352,10.045757490560677,0.0488337665232441,0.0209602488185859,10.045757490560677,0.3741405082212257,False
855,SBNO1,-0.114834035960344,0.002092766930575,TCX,0.0091993635108958,0.851713668896257,10.30102999566398,0.114834035960344,0.0091993635108958,10.30102999566398,0.373542600896861,False
856,TACC2,-0.0999781740430619,0.02372632419763,TCX,0.010512067621584,0.754396703253433,11.0,0.0999781740430619,0.010512067621584,11.0,0.3732436472346786,False
857,CHMP7,-0.0856882914410608,0.0015309894094652,PHG,0.0113659213802583,0.559635115462822,12.0,0.0856882914410608,0.0113659213802583,12.0,0.3732436472346786,False
858,ASPSCR1,0.140089539525063,0.0249576156570796,IFG,0.0204355409776666,0.202447298009819,7.698970004336019,0.140089539525063,0.0204355409776666,7.698970004336019,0.3730941704035874,True
859,KCNN2,-0.378159709115002,8.270223117277629e-12,PHG,-0.0056133555928612,0.934295162584948,6.045757490560675,0.378159709115002,0.0056133555928612,6.045757490560675,0.37279521674140503,True
860,MYOM2,-0.202977463591997,0.0070720230619244,PHG,0.0327565547026717,0.764157036946989,5.301029995663981,0.202977463591997,0.0327565547026717,5.301029995663981,0.3726457399103139,False
861,THOC1,-0.086314594757896,0.0095263433083083,DLPFC,0.0376748702913574,0.235671908346753,7.301029995663981,0.086314594757896,0.0376748702913574,7.301029995663981,0.3723467862481315,False
862,KLHL3,-0.120917415611773,0.0057961879894364,TCX,-0.063486183492992,0.105754312983011,5.154901959985743,0.120917415611773,0.063486183492992,5.154901959985743,0.37189835575485797,True
863,CTSB,0.148021627318798,0.0023974368803856,PHG,0.0049860212828984,0.90388128690161,9.69897000433602,0.148021627318798,0.0049860212828984,9.69897000433602,0.3704035874439462,True
864,PRKCH,0.602797933238614,4.29131720245187e-10,TCX,-0.0068379536485271,0.961619860240486,5.154901959985743,0.602797933238614,0.0068379536485271,5.154901959985743,0.37040358744394614,False
865,SNX8,-0.103442605505633,0.0479899674941221,TCX,-0.0179069995666453,0.576510149068147,8.698970004336019,0.103442605505633,0.0179069995666453,8.698970004336019,0.3701046337817638,True
866,PEX14,-0.165832905402371,0.0001605358127253,PHG,-0.0001996925349467,0.994192814916856,10.0,0.165832905402371,0.0001996925349467,10.0,0.3698056801195815,True
867,SCARB1,0.202065621112273,0.0009514379294836,PHG,-0.0034060969067808,0.931841492829396,8.397940008672037,0.202065621112273,0.0034060969067808,8.397940008672037,0.36905829596412554,False
868,LINGO2,-0.534417199185058,2.6624026840531794e-11,PHG,0.0005539089768113,0.988712894745568,5.698970004336019,0.534417199185058,0.0005539089768113,5.698970004336019,0.3689088191330343,False
869,PRKN,-0.415612460598609,1.32223647691307e-08,TCX,-0.0069957139099915,0.899471801259342,5.522878745280337,0.415612460598609,0.0069957139099915,5.522878745280337,0.36786248131539606,True
870,GNPNAT1,-0.128710933324763,0.0042681470472649,PHG,0.006075607156401,0.91816156522645,10.30102999566398,0.128710933324763,0.006075607156401,10.30102999566398,0.3663677130044843,False
871,RABGEF1,-0.145231208533962,0.0115268684906786,FP,-0.0135210340822195,0.284697874563923,8.154901959985743,0.145231208533962,0.0135210340822195,8.154901959985743,0.3657698056801196,True
872,DRG2,0.0910193767238674,0.0376612530903667,TCX,0.0161106354461929,0.466579534629178,9.522878745280336,0.0910193767238674,0.0161106354461929,9.522878745280336,0.3657698056801195,True
873,ADCY8,0.320782008059619,1.01722554698151e-05,TCX,-0.0109101224774326,0.740076885313326,5.698970004336019,0.320782008059619,0.0109101224774326,5.698970004336019,0.3650224215246637,False
874,DEPTOR,0.221078466680268,2.66925847842043e-05,PHG,0.0275070854101247,0.509549383332553,5.301029995663981,0.221078466680268,0.0275070854101247,5.301029995663981,0.3645739910313901,True
875,ABLIM2,-0.307857294150792,4.59668061126399e-06,PHG,-0.013973422765773,0.826804225030619,5.522878745280337,0.307857294150792,0.013973422765773,5.522878745280337,0.3645739910313901,True
876,LARS1,-0.0912416141886547,6.18696459384085e-05,PCC,-0.0333171770136848,0.0614227394698357,7.397940008672037,0.0912416141886547,0.0333171770136848,7.397940008672037,0.3633781763826607,True
877,PPID,-0.0986097546101075,0.0941620551101559,PHG,-0.0370535539243056,0.436808784757783,6.522878745280337,0.0986097546101075,0.0370535539243056,6.522878745280337,0.3632286995515695,True
878,PAK5,-0.443592395272458,1.83180108323231e-10,PHG,-0.0148778393264141,0.582816914497413,5.045757490560675,0.443592395272458,0.0148778393264141,5.045757490560675,0.36307922272047827,True
879,MRM1,-0.0747666169490468,0.0264671471485783,DLPFC,-0.0652414571084619,0.23230827343749,5.522878745280337,0.0747666169490468,0.0652414571084619,5.522878745280337,0.36158445440956644,True
880,LRP1B,-0.157589328446143,1.99040508162715e-05,PHG,-0.0203653941652205,0.265895395864077,7.0,0.157589328446143,0.0203653941652205,7.0,0.360388639760837,True
881,LRRC4C,-0.370707022114356,1.10851608038764e-10,TCX,0.0167164319886046,0.645172898991634,5.096910013008056,0.370707022114356,0.0167164319886046,5.096910013008056,0.3602391629297459,False
882,DISC1,0.204702486560349,0.0004387017820067,PHG,-0.0368348262609675,0.715541154749328,5.045757490560675,0.204702486560349,0.0368348262609675,5.045757490560675,0.35949177877428995,False
883,KIF3B,-0.0741538272932951,0.0787115600083721,TCX,-0.0264157565828219,0.0897951492334576,8.154901959985743,0.0741538272932951,0.0264157565828219,8.154901959985743,0.35949177877428995,True
884,ERBB4,-0.262390697226773,0.0004014721526576,TCX,0.0170774881830335,0.456946061159039,5.522878745280337,0.262390697226773,0.0170774881830335,5.522878745280337,0.3579970104633782,False
885,PTPRM,-0.339135733864877,0.0020163074954695,TCX,0.0117295901660911,0.718574844214136,5.3979400086720375,0.339135733864877,0.0117295901660911,5.3979400086720375,0.35724962630792223,False
886,GDAP2,0.0914616207210019,0.17186305117964,TCX,-0.0275132383197001,0.094132532170615,7.698970004336019,0.0914616207210019,0.0275132383197001,7.698970004336019,0.3566517189835575,False
887,RCN2,-0.21731625302549,8.40043566490187e-06,TCX,-0.0183658742502482,0.526444571888711,6.0,0.21731625302549,0.0183658742502482,6.0,0.356203288490284,True
888,DNAJA2,-0.23486953088638,1.88737664290844e-07,PHG,0.0072132855166406,0.713900996382265,7.301029995663981,0.23486953088638,0.0072132855166406,7.301029995663981,0.356203288490284,False
889,FLRT2,-0.223984903367534,5.518207036617e-05,PHG,-0.0014672102596314,0.96568044620989,8.0,0.223984903367534,0.0014672102596314,8.0,0.3548579970104634,True
890,PARVB,-0.263463713395397,8.8902457122213e-05,TCX,-0.0079183202673871,0.883135448256194,6.301029995663981,0.263463713395397,0.0079183202673871,6.301029995663981,0.3538116591928251,True
891,DGKB,-0.816761013765231,1.28330997095341e-12,TCX,0.0037192470083509,0.962603980984965,5.045757490560675,0.816761013765231,0.0037192470083509,5.045757490560675,0.3538116591928251,False
892,LSM12,-0.123615267787165,0.038876166293653,IFG,-0.0199190401768342,0.322910631111711,7.698970004336019,0.123615267787165,0.0199190401768342,7.698970004336019,0.35156950672645737,True
893,AKAP10,-0.0303211023071208,0.327209362473749,IFG,0.0135485849538622,0.454767676990199,12.0,0.0303211023071208,0.0135485849538622,12.0,0.3514200298953662,False
894,COG7,0.0738725557767692,0.120788438289072,TCX,-0.0346129414809162,0.0644782372706522,7.397940008672037,0.0738725557767692,0.0346129414809162,7.397940008672037,0.3514200298953662,False
895,RAB7A,0.1071134373448,0.0001823633699606,TCX,-0.0225367868341013,0.143735412676935,7.698970004336019,0.1071134373448,0.0225367868341013,7.698970004336019,0.35097159940209266,False
896,PPP6R2,0.0469466014016184,0.254684864614684,TCX,-0.0161210994404818,0.253904124924441,10.522878745280336,0.0469466014016184,0.0161210994404818,10.522878745280336,0.35097159940209266,False
897,MPZL1,0.251495802545827,2.64653098769554e-07,TCX,-0.0132306134445562,0.628579824881543,6.0,0.251495802545827,0.0132306134445562,6.0,0.3508221225710014,False
898,CDH7,-0.468465734620459,2.04285944712182e-08,PHG,0.0020181041284609,0.966262557749385,5.522878745280337,0.468465734620459,0.0020181041284609,5.522878745280337,0.3508221225710014,False
899,ERCC1,0.0596070890463416,0.0699638653206278,TCX,-0.005335267324715,0.948767309899381,18.0,0.0596070890463416,0.005335267324715,18.0,0.35052316890881907,False
900,SMYD2,-0.55315207569474,9.99852597130577e-15,PHG,-0.0051980918535626,0.944995566697773,5.154901959985743,0.55315207569474,0.0051980918535626,5.154901959985743,0.3503736920777279,True
901,INTS14,-0.0966299399854367,0.149746254766308,TCX,0.0343110211489654,0.710536208455992,6.522878745280337,0.0966299399854367,0.0343110211489654,6.522878745280337,0.34947683109118083,False
902,EFL1,-0.0411932641213673,0.325752526728472,FP,0.0247349511325062,0.161918571713104,8.522878745280337,0.0411932641213673,0.0247349511325062,8.522878745280337,0.3490284005979073,False
903,LRBA,-0.0682563302054282,0.145255225888894,TCX,0.0180947697396565,0.372693009464533,9.397940008672036,0.0682563302054282,0.0180947697396565,9.397940008672036,0.3484304932735426,False
904,CANX,0.129537871605352,0.0011460723092045,PHG,0.008076398671367,0.870258559042292,9.0,0.129537871605352,0.008076398671367,9.0,0.34828101644245146,True
905,HERC2,-0.0736881852131992,0.0229002798174583,TCX,0.0370594780260027,0.0349608246467474,7.0,0.0736881852131992,0.0370594780260027,7.0,0.3478325859491779,False
906,HAGHL,-0.215501202540462,0.0033700440116368,FP,0.0192244239550641,0.5157256551213,5.698970004336019,0.215501202540462,0.0192244239550641,5.698970004336019,0.34768310911808664,False
907,CLNS1A,-0.0877701994597135,0.0161549239873676,FP,0.0404256306133602,0.0499000142418197,6.154901959985743,0.0877701994597135,0.0404256306133602,6.154901959985743,0.3475336322869955,False
908,TRA2B,0.0732865841122017,0.0216674865068177,PHG,0.0539485175891949,0.0745064707455228,5.698970004336019,0.0732865841122017,0.0539485175891949,5.698970004336019,0.3473841554559043,True
909,TIAM2,-0.225390811583456,9.66405181769535e-05,PHG,0.0284785195719277,0.525626408301157,5.096910013008056,0.225390811583456,0.0284785195719277,5.096910013008056,0.3464872944693572,False
910,CORO2B,-0.120845286692043,0.0080164061701185,ACC,-0.0453909397882012,0.0153064986498561,5.301029995663981,0.120845286692043,0.0453909397882012,5.301029995663981,0.34484304932735427,True
911,SNX9,0.161995524341871,2.43410804849582e-05,TCX,-0.016191536289216,0.355427838676076,7.221848749616356,0.161995524341871,0.016191536289216,7.221848749616356,0.3440956651718983,False
912,ZFYVE1,0.0654454952750791,0.007754212335996,PHG,0.0183466939810088,0.313595439856289,9.154901959985745,0.0654454952750791,0.0183466939810088,9.154901959985745,0.3436472346786248,True
913,PNMA1,-0.243113104926842,8.29196619566194e-08,PHG,0.0185709088072053,0.679523645314509,5.3979400086720375,0.243113104926842,0.0185709088072053,5.3979400086720375,0.34349775784753367,False
914,SPG11,0.145652148640923,5.04451968805949e-07,PHG,-0.0102463384944642,0.802428205605409,8.045757490560675,0.145652148640923,0.0102463384944642,8.045757490560675,0.3430493273542601,False
915,RAPGEF2,-0.139476604712454,8.46203654039942e-05,PHG,-0.017839362140746,0.599273392618361,7.522878745280337,0.139476604712454,0.017839362140746,7.522878745280337,0.34289985052316885,True
916,SNX18,0.294137406348195,1.3973894985101e-10,PHG,-0.018816731153481,0.496765782937855,5.096910013008056,0.294137406348195,0.018816731153481,5.096910013008056,0.3426008968609865,False
917,CHID1,-0.151117612657385,9.02142386395695e-10,DLPFC,0.0071617007865079,0.802007573381496,8.301029995663981,0.151117612657385,0.0071617007865079,8.301029995663981,0.3426008968609865,False
918,FARP1,-0.0696914156304738,0.0505154604332906,DLPFC,-0.0068776713162771,0.815918754431186,13.154901959985745,0.0696914156304738,0.0068776713162771,13.154901959985745,0.3415545590433482,True
919,CACNA1E,-0.255215303755929,0.0005406601301032,PHG,0.0007944299228589,0.982205327192484,7.397940008672037,0.255215303755929,0.0007944299228589,7.397940008672037,0.338863976083707,False
920,MVD,-0.117187106176273,0.0366529085283099,PCC,-0.0314833989321343,0.269762344634237,6.154901959985743,0.117187106176273,0.0314833989321343,6.154901959985743,0.338863976083707,True
921,CELF1,0.0947635796136401,0.0047206207709853,PCC,-0.0200774703769556,0.831170378275422,8.0,0.0947635796136401,0.0200774703769556,8.0,0.3381165919282511,False
922,SLMAP,0.115583318000546,0.0040358914852394,TCX,-0.0086636830882179,0.857523522922836,9.0,0.115583318000546,0.0086636830882179,9.0,0.33662182361733933,False
923,UBAP2,-0.132114324200119,0.0002620690801577,TCX,-0.0070537570198832,0.830885177590834,8.698970004336019,0.132114324200119,0.0070537570198832,8.698970004336019,0.3366218236173393,True
924,SUSD5,-0.337114868834888,5.31702596040397e-07,TCX,0.008055391786762,0.886551089236189,5.3979400086720375,0.337114868834888,0.008055391786762,5.3979400086720375,0.33602391629297457,False
925,PRKAA1,-0.153247031913837,0.028903093414579,TCX,0.0251399581216424,0.139582430040953,6.0,0.153247031913837,0.0251399581216424,6.0,0.335575485799701,False
926,RPL6,-0.065889223483742,0.0342553710265622,ACC,0.0112369994843416,0.690103449760539,10.522878745280336,0.065889223483742,0.0112369994843416,10.522878745280336,0.3354260089686098,False
927,ARIH2,-0.147493226819761,0.0006105399735108,TCX,-0.0037274269653284,0.927734997438971,8.698970004336019,0.147493226819761,0.0037274269653284,8.698970004336019,0.3345291479820628,True
928,GRAMD1B,-0.146929764166365,0.0010527259583325,PHG,0.0094322584524521,0.729241749851289,8.0,0.146929764166365,0.0094322584524521,8.0,0.33423019431988044,False
929,MARCHF1,-0.161605049070977,0.0492255174222049,TCX,0.0271180890803105,0.497988290641463,5.522878745280337,0.161605049070977,0.0271180890803105,5.522878745280337,0.33378176382660685,False
930,FIBP,-0.255232909927133,6.58465814070647e-08,PHG,0.0039795107356335,0.869046806956961,6.522878745280337,0.255232909927133,0.0039795107356335,6.522878745280337,0.33153961136023913,False
931,STK24,-0.06780949661424,0.0658573446176102,IFG,-0.0207492512100736,0.1639912080749,8.301029995663981,0.06780949661424,0.0207492512100736,8.301029995663981,0.33064275037369206,True
932,CLPX,-0.105125091215143,0.0052698354058396,TCX,0.0291086866577976,0.30285168908845,6.3979400086720375,0.105125091215143,0.0291086866577976,6.3979400086720375,0.3304932735426009,False
933,DDX18,-0.0640392339973621,0.116203176607708,STG,-0.0147700694607444,0.627484753602316,9.522878745280336,0.0640392339973621,0.0147700694607444,9.522878745280336,0.3301943198804185,True
934,LSAMP,-0.102428098647215,0.0087148419724711,PHG,0.0171280562982349,0.319976080531462,8.0,0.102428098647215,0.0171280562982349,8.0,0.3291479820627803,False
935,MKLN1,0.203419038512434,4.81681617629829e-08,PHG,-0.0232930688030442,0.447793323442247,5.301029995663981,0.203419038512434,0.0232930688030442,5.301029995663981,0.3289985052316891,False
936,RBMS3,0.175882219284071,0.0008484077123886,PHG,-0.0232644464979613,0.586437279380196,5.522878745280337,0.175882219284071,0.0232644464979613,5.522878745280337,0.328101644245142,False
937,RABEP1,-0.0691179577169549,0.21907022081099,TCX,-0.0133575900859785,0.376528657836946,9.522878745280336,0.0691179577169549,0.0133575900859785,9.522878745280336,0.3275037369207773,True
938,UBFD1,-0.15490527991494,6.52073836228516e-06,TCX,-0.0048707539825005,0.895990389717157,8.154901959985743,0.15490527991494,0.0048707539825005,8.154901959985743,0.324813153961136,True
939,RASIP1,0.251875479266934,7.44024026712789e-05,TCX,-0.0056639161945252,0.876019200440348,6.221848749616356,0.251875479266934,0.0056639161945252,6.221848749616356,0.324813153961136,False
940,USP8,-0.0626548039353558,0.0856998513453292,TCX,0.019970922463695,0.162650160853496,8.301029995663981,0.0626548039353558,0.019970922463695,8.301029995663981,0.3222720478325859,False
941,ADRA1A,0.337179834026127,7.73113502037021e-10,PHG,-0.0084464268623578,0.927514898926935,5.221848749616356,0.337179834026127,0.0084464268623578,5.221848749616356,0.31883408071748875,False
942,ARPC4,-0.104328769429564,0.0039328060161843,ACC,-0.0095873147247051,0.66244113669849,8.522878745280337,0.104328769429564,0.0095873147247051,8.522878745280337,0.3185351270553064,True
943,SYMPK,-0.0558186582929876,0.159261975108467,ACC,0.0072560605812547,0.863357963548914,11.397940008672036,0.0558186582929876,0.0072560605812547,11.397940008672036,0.3179372197309417,False
944,ATP11B,0.120155907099433,0.0001164846492133,PHG,0.0430294705554523,0.205048930352142,5.154901959985743,0.120155907099433,0.0430294705554523,5.154901959985743,0.3177877428998505,True
945,CACNA1A,-0.207216203111297,0.0014014947677779,PHG,0.01874084848965,0.340785911165729,5.3979400086720375,0.207216203111297,0.01874084848965,5.3979400086720375,0.3174887892376681,False
946,NCKIPSD,-0.138183791919448,0.0152882037820403,PHG,0.0050668831221028,0.891351363654625,8.397940008672037,0.138183791919448,0.0050668831221028,8.397940008672037,0.317339312406577,False
947,FGFR3,0.159983721970841,0.16429936535459,IFG,-0.0209729671258547,0.592891223813324,5.698970004336019,0.159983721970841,0.0209729671258547,5.698970004336019,0.3142002989536622,False
948,SNX6,0.0929876100663858,0.0727852593744809,PHG,-0.0056857288207636,0.780290917446767,9.69897000433602,0.0929876100663858,0.0056857288207636,9.69897000433602,0.3130044843049328,False
949,PPM1L,-0.302163469134516,2.91379119564854e-05,TCX,-0.0118193128116863,0.562607041503964,5.154901959985743,0.302163469134516,0.0118193128116863,5.154901959985743,0.3130044843049327,True
950,TUSC2,-0.195707112777195,4.86691681973008e-07,PHG,-0.0042892235875055,0.864681609260047,7.397940008672037,0.195707112777195,0.0042892235875055,7.397940008672037,0.31225710014947683,True
951,CKAP5,-0.0823921766564055,0.0002961768161754,PHG,-0.0046304952566425,0.76327831256438,10.522878745280336,0.0823921766564055,0.0046304952566425,10.522878745280336,0.3106128550074738,True
952,RNF130,0.245597377786728,1.68257248802813e-09,PHG,0.0187321322067493,0.716481304409709,5.096910013008056,0.245597377786728,0.0187321322067493,5.096910013008056,0.31031390134529147,True
953,PHACTR2,0.146761823865442,0.0001538453599272,ACC,0.0201383540031127,0.527607991399078,6.045757490560675,0.146761823865442,0.0201383540031127,6.045757490560675,0.3100149476831091,True
954,NUMB,0.144634193208979,4.97069845152914e-05,PHG,-0.0306513766040561,0.0698449814534072,5.301029995663981,0.144634193208979,0.0306513766040561,5.301029995663981,0.3095665171898356,False
955,DMD,-0.118986319711819,0.0006183966682652,PHG,0.0273818648972221,0.169900293305455,6.0,0.118986319711819,0.0273818648972221,6.0,0.30926756352765317,False
956,CBX4,-0.0972228170182659,0.0126825904426631,PHG,-0.0402335276429423,0.470898856312462,5.3979400086720375,0.0972228170182659,0.0402335276429423,5.3979400086720375,0.3088191330343797,True
957,CHST1,0.112713565020655,0.016370830632161,ACC,0.0229473433023189,0.690302086875643,6.3979400086720375,0.112713565020655,0.0229473433023189,6.3979400086720375,0.30866965620328846,True
958,WNK3,-0.186627606288917,0.0010350712674137,TCX,-0.014552315105276,0.617879958826666,6.0,0.186627606288917,0.014552315105276,6.0,0.3077727952167414,True
959,NID2,0.380868557310148,1.40593067378932e-05,PHG,-0.0002632117063155,0.994167438004413,5.3979400086720375,0.380868557310148,0.0002632117063155,5.3979400086720375,0.30762331838565016,False
960,STX8,-0.100501226015,0.0095977687637659,IFG,0.046329001718089,0.0367678571335933,5.154901959985743,0.100501226015,0.046329001718089,5.154901959985743,0.30762331838565016,False
961,PUS1,-0.0796871689152852,0.0168140801557945,DLPFC,-0.0445229436154688,0.0410907531402616,5.3979400086720375,0.0796871689152852,0.0445229436154688,5.3979400086720375,0.305829596412556,True
962,EIF4E2,-0.0933211355266392,0.0038722791696668,IFG,0.0302315836015451,0.135564436570968,6.096910013008056,0.0933211355266392,0.0302315836015451,6.096910013008056,0.30388639760837066,False
963,NPEPPS,0.116504180523744,0.0001124415372375,ACC,0.0429363301952823,0.0044095080014521,5.096910013008056,0.116504180523744,0.0429363301952823,5.096910013008056,0.3037369207772795,True
964,CTBP2,0.206678924596118,2.65888771642057e-07,PHG,0.0131495449789801,0.732893568706848,5.698970004336019,0.206678924596118,0.0131495449789801,5.698970004336019,0.3037369207772795,True
965,CHD2,0.120204349182862,3.33903886757871e-05,PHG,0.0185900376727965,0.531602325928865,6.698970004336019,0.120204349182862,0.0185900376727965,6.698970004336019,0.3035874439461883,True
966,CAPZA2,-0.116089417804849,0.0278975421721995,STG,-0.0012881372077159,0.948104516632389,9.397940008672036,0.116089417804849,0.0012881372077159,9.397940008672036,0.30328849028400595,True
967,GABRB3,-0.423520137024651,4.8351795193763e-08,PHG,0.0004552962902629,0.989459311086377,5.221848749616356,0.423520137024651,0.0004552962902629,5.221848749616356,0.30328849028400595,False
968,DYNLT1,0.319800996298479,3.0364824633345e-09,TCX,0.0001771472852574,0.997399268702519,5.698970004336019,0.319800996298479,0.0001771472852574,5.698970004336019,0.30224215246636765,True
969,IARS2,-0.0852572579223665,0.0098313175841564,IFG,-0.0205016945176198,0.202280143219165,7.522878745280337,0.0852572579223665,0.0205016945176198,7.522878745280337,0.30194319880418535,True
970,DARS2,0.084178536576589,0.0120398122518409,PHG,0.02051584236429,0.552764624581647,7.522878745280337,0.084178536576589,0.02051584236429,7.522878745280337,0.3007473841554559,True
971,PEX6,0.244571327086667,0.001244553376953,IFG,0.016167946580633,0.707422195566184,5.154901959985743,0.244571327086667,0.016167946580633,5.154901959985743,0.30044843049327347,True
972,CDR2L,0.227389872410938,0.0010948651381356,PHG,-0.0063969678343904,0.922441307850544,6.045757490560675,0.227389872410938,0.0063969678343904,6.045757490560675,0.2998505231689088,False
973,MPDZ,0.131884637360828,2.77982190376569e-06,PHG,0.017901403114624,0.43887200999942,6.3979400086720375,0.131884637360828,0.017901403114624,6.3979400086720375,0.296711509715994,True
974,PRRC2A,0.16924755179056,4.00721086272629e-05,TCX,0.0168928356319044,0.430253063313671,5.698970004336019,0.16924755179056,0.0168928356319044,5.698970004336019,0.2965620328849028,True
975,CDH4,0.127862550696736,0.0592368940819306,TCX,0.0294065504080724,0.238908978872737,5.3979400086720375,0.127862550696736,0.0294065504080724,5.3979400086720375,0.29626307922272044,True
976,SPTBN1,0.0887954268082485,0.0259693739786979,TCX,0.0527777161641475,0.706770404769077,5.045757490560675,0.0887954268082485,0.0527777161641475,5.045757490560675,0.29611360239162926,True
977,VAV2,0.104173410929613,0.0549616891542026,IFG,0.046140050226706,0.134985464005867,5.045757490560675,0.104173410929613,0.046140050226706,5.045757490560675,0.29611360239162926,True
978,TMEM132C,0.0974581565502346,0.0616178881932134,PHG,0.0057032168842872,0.898060357791586,9.0,0.0974581565502346,0.0057032168842872,9.0,0.2956651718983557,True
979,BTBD9,-0.126510790745097,0.0049364348947047,PHG,0.0116922119364907,0.808425055052573,7.522878745280337,0.126510790745097,0.0116922119364907,7.522878745280337,0.29476831091180866,False
980,MYDGF,-0.097793493495506,0.0007166778180197,DLPFC,-0.0041152782091349,0.864823621689269,9.154901959985745,0.097793493495506,0.0041152782091349,9.154901959985745,0.29372197309417036,True
981,EPHB1,0.174984943284423,0.0571262178620054,TCX,0.0276524131515602,0.478376343170579,5.045757490560675,0.174984943284423,0.0276524131515602,5.045757490560675,0.293423019431988,True
982,CNTN4,-0.414946339648299,2.12237644995321e-09,PHG,0.0037583502690994,0.92368619823207,5.045757490560675,0.414946339648299,0.0037583502690994,5.045757490560675,0.29252615844544094,False
983,ADGRB3,-0.269508638786189,1.43457149188621e-14,PHG,-0.0006980156145338,0.979002632224455,6.0,0.269508638786189,0.0006980156145338,6.0,0.29252615844544094,True
984,PIK3R1,-0.270495190403402,4.28745630930765e-13,PHG,0.0075210718205859,0.600135198851667,5.301029995663981,0.270495190403402,0.0075210718205859,5.301029995663981,0.2916292974588939,False
985,CDC5L,-0.0722353329876517,0.0824766104569222,TCX,0.0254740199124121,0.415294242626764,7.0,0.0722353329876517,0.0254740199124121,7.0,0.2913303437967115,False
986,ITGB1BP1,-0.150872625025474,8.55787154976804e-06,PHG,-0.0085018101893581,0.878459265949496,7.301029995663981,0.150872625025474,0.0085018101893581,7.301029995663981,0.2910313901345291,True
987,GATB,-0.283067603987991,9.05678784026532e-11,PHG,-0.0076035662578215,0.850778208466357,5.221848749616356,0.283067603987991,0.0076035662578215,5.221848749616356,0.2910313901345291,True
988,MAP1S,-0.175241719078896,0.00502659772511,PHG,0.0268513201025686,0.216618486997909,5.045757490560675,0.175241719078896,0.0268513201025686,5.045757490560675,0.2904334828101644,False
989,CCDC134,-0.149523598428482,0.0055184936828477,FP,-0.0174770500900975,0.664561225704091,6.0,0.149523598428482,0.0174770500900975,6.0,0.28953662182361734,True
990,FKBP8,0.241709611092439,0.0004523743523393,TCX,-0.0179943470790418,0.649377485596575,5.0,0.241709611092439,0.0179943470790418,5.0,0.28863976083707027,False
991,CDC23,-0.0780313484544051,0.031125492366735,IFG,-0.0105725320985281,0.630893187716218,8.397940008672037,0.0780313484544051,0.0105725320985281,8.397940008672037,0.28834080717488786,True
992,CIAO3,0.0934863765602429,0.0964556492974122,TCX,0.0315212364021578,0.203958434176872,5.698970004336019,0.0934863765602429,0.0315212364021578,5.698970004336019,0.2881913303437966,True
993,HSD17B4,0.102096611209694,0.0059591815554057,PHG,0.0334347171110042,0.167320822190031,5.3979400086720375,0.102096611209694,0.0334347171110042,5.3979400086720375,0.287593423019432,True
994,UBE2G2,0.0944589185420339,2.80862872336154e-05,PHG,-0.017415678279633,0.684675844577344,7.397940008672037,0.0944589185420339,0.017415678279633,7.397940008672037,0.2862481315396114,False
995,CNTN6,-0.376485860294259,2.41334420545459e-05,PHG,9.92253421811529e-05,0.998669283610203,5.221848749616356,0.376485860294259,9.92253421811529e-05,5.221848749616356,0.28535127055306425,False
996,KHSRP,0.153593886019257,2.09841787694573e-08,TCX,0.0122019549410037,0.787578402225216,6.221848749616356,0.153593886019257,0.0122019549410037,6.221848749616356,0.2835575485799701,True
997,STAU1,0.129808831164871,2.06459555906853e-07,TCX,-0.0088188377954504,0.661038276988169,7.522878745280337,0.129808831164871,0.0088188377954504,7.522878745280337,0.28340807174887894,False
998,AARS2,-0.18670744085043,0.0014908354839749,TCX,-0.0034800259353483,0.928893534948127,6.698970004336019,0.18670744085043,0.0034800259353483,6.698970004336019,0.2832585949177877,True
999,MTMR14,0.119433820914626,2.1876614073708e-05,PHG,-0.0213138105834112,0.60947747219786,6.0,0.119433820914626,0.0213138105834112,6.0,0.2820627802690583,False
1000,ENOPH1,-0.213491085537467,2.65505330550713e-07,TCX,0.0062821202906473,0.810573937571951,6.0,0.213491085537467,0.0062821202906473,6.0,0.28056801195814646,False
1001,APBA1,-0.186244661482032,0.0022823776129186,TCX,0.0042168676273211,0.836083927552817,6.522878745280337,0.186244661482032,0.0042168676273211,6.522878745280337,0.2804185351270553,False
1002,ARID1B,0.118358254109189,2.49586624760945e-07,PHG,0.0261420693918016,0.433178361602688,5.522878745280337,0.118358254109189,0.0261420693918016,5.522878745280337,0.27997010463378175,True
1003,GFPT1,-0.109657409832511,0.0104930429964298,STG,-0.0317658970443931,0.19120478097946,5.301029995663981,0.109657409832511,0.0317658970443931,5.301029995663981,0.27847533632286997,True
1004,GUCY1A2,-0.293363665321351,1.43832975237242e-05,PHG,-0.0102865563034802,0.631605769671385,5.0,0.293363665321351,0.0102865563034802,5.0,0.2781763826606876,True
1005,SEC11C,0.165691379970235,0.0029098209509449,PHG,-0.024216754201312,0.436426522922273,5.096910013008056,0.165691379970235,0.024216754201312,5.096910013008056,0.2780269058295964,False
1006,NMD3,-0.0815407182283554,0.0978349805477269,IFG,0.0359122068047749,0.0997111261781655,5.3979400086720375,0.0815407182283554,0.0359122068047749,5.3979400086720375,0.27683109118086696,False
1007,CBR4,-0.0583601822112394,0.14370002088923,IFG,-0.0116408521927227,0.739983928334921,8.397940008672037,0.0583601822112394,0.0116408521927227,8.397940008672037,0.2763826606875934,True
1008,PCCA,-0.0845092247903239,0.0498110657288704,FP,-0.0165773503996607,0.417441174242325,7.522878745280337,0.0845092247903239,0.0165773503996607,7.522878745280337,0.2762331838565022,True
1009,ELAVL3,0.0613892396691984,0.320433084615302,FP,-0.006174435655177,0.910089025922079,9.397940008672036,0.0613892396691984,0.006174435655177,9.397940008672036,0.2748878923766816,False
1010,BPNT1,-0.0489818215182973,0.318808645364083,STG,0.0163795332843586,0.245438286255619,8.0,0.0489818215182973,0.0163795332843586,8.0,0.2747384155455904,False
1011,IL1RAP,-0.376420521224347,7.23623281385035e-05,TCX,0.0028950666204556,0.961684049338424,5.045757490560675,0.376420521224347,0.0028950666204556,5.045757490560675,0.27428998505231683,False
1012,MID1,0.276942118982074,0.0010448167690633,TCX,0.0069858422142217,0.87061397215442,5.154901959985743,0.276942118982074,0.0069858422142217,5.154901959985743,0.27294469357249623,True
1013,SIPA1L2,0.10074920330902,0.0144007826399059,ACC,-0.0197146848830203,0.471995268091194,6.221848749616356,0.10074920330902,0.0197146848830203,6.221848749616356,0.27070254110612857,False
1014,NELFA,0.228315074005657,1.38752840761563e-05,TCX,0.0122839263144152,0.813373078891732,5.154901959985743,0.228315074005657,0.0122839263144152,5.154901959985743,0.26965620328849027,True
1015,COBL,0.246299116575604,2.45727200619816e-05,TCX,0.0116675964772741,0.741795517723125,5.096910013008056,0.246299116575604,0.0116675964772741,5.096910013008056,0.2693572496263079,True
1016,UBE2R2,0.104373649134429,6.4058446646108e-05,TCX,0.0263505738725703,0.192405885196773,5.522878745280337,0.104373649134429,0.0263505738725703,5.522878745280337,0.2677130044843049,True
1017,MTMR2,-0.0787352040255929,0.146164074595987,TCX,-0.007577631306182,0.727439812040292,8.301029995663981,0.0787352040255929,0.007577631306182,8.301029995663981,0.266965620328849,True
1018,MKNK1,-0.0870708563488449,0.0383071911706524,PCC,-0.0360696641891403,0.41415722450262,5.221848749616356,0.0870708563488449,0.0360696641891403,5.221848749616356,0.26681614349775784,True
1019,ARHGAP26,-0.305998730047065,6.52836990520425e-06,TCX,0.0037284623228896,0.881503822728242,5.154901959985743,0.305998730047065,0.0037284623228896,5.154901959985743,0.26636771300448425,False
1020,PRKAG2,-0.0754668423684901,0.0392775606488695,ACC,0.0308899082210112,0.0519582223837406,5.698970004336019,0.0754668423684901,0.0308899082210112,5.698970004336019,0.2660687593423019,False
1021,LARP4,0.121952669029099,0.0254631091328646,TCX,0.0024500707118925,0.96289662055811,8.0,0.121952669029099,0.0024500707118925,8.0,0.26337817638266064,True
1022,PRKAR2B,-0.389013041916726,4.56817569235297e-07,PHG,0.0008878349401399,0.986341550935792,5.0,0.389013041916726,0.0008878349401399,5.0,0.26203288490284005,False
1023,ILRUN,0.0811294192190468,0.0282319368786108,ACC,-0.0094554807841375,0.830818283719137,8.0,0.0811294192190468,0.0094554807841375,8.0,0.26098654708520175,False
1024,TXNL1,-0.140383667773776,1.02863009735169e-06,TCX,0.0065999826463463,0.832777144582044,7.045757490560675,0.140383667773776,0.0065999826463463,7.045757490560675,0.2602391629297459,False
1025,RRAGC,0.17842275357838,2.26213295123902e-05,TCX,0.0174970297839822,0.419972814001618,5.154901959985743,0.17842275357838,0.0174970297839822,5.154901959985743,0.25949177877428997,True
1026,NDUFAF6,-0.0859790166036776,0.007769894945523,PHG,0.0024323832037738,0.941818385834214,8.698970004336019,0.0859790166036776,0.0024323832037738,8.698970004336019,0.2591928251121076,False
1027,PRRC2C,0.142088124876086,5.89511200991074e-06,PHG,0.0122076199219888,0.5157256551213,6.045757490560675,0.142088124876086,0.0122076199219888,6.045757490560675,0.2579970104633782,True
1028,FEM1B,-0.135593155717531,0.0058413301867316,TCX,-0.0182253213986524,0.691981607719875,5.522878745280337,0.135593155717531,0.0182253213986524,5.522878745280337,0.25545590433482807,True
1029,ARFGEF3,-0.141389569155898,0.024847721963933,TCX,-0.0252921130586955,0.0853386720813681,5.096910013008056,0.141389569155898,0.0252921130586955,5.096910013008056,0.2544095665171898,True
1030,IGSF11,0.200334494212419,0.0186813705406072,TCX,0.0017674047552082,0.980446944640667,6.096910013008056,0.200334494212419,0.0017674047552082,6.096910013008056,0.25366218236173393,True
1031,DDX10,-0.186792350681628,0.0002059194629341,TCX,-0.0067518443924219,0.948104516632389,5.698970004336019,0.186792350681628,0.0067518443924219,5.698970004336019,0.25351270553064276,True
1032,NTM,-0.141394103818048,0.0011761707622715,TCX,0.0124622891085465,0.620844846303064,6.0,0.141394103818048,0.0124622891085465,6.0,0.2527653213751868,False
1033,ATG13,0.0700973129097502,0.0748386602136039,FP,0.0150626674988424,0.642949981965329,7.522878745280337,0.0700973129097502,0.0150626674988424,7.522878745280337,0.2514200298953662,True
1034,SPRY2,0.163403955295625,0.0022330274018949,TCX,0.006803313668902,0.857864632599462,6.045757490560675,0.163403955295625,0.006803313668902,6.045757490560675,0.25082212257100145,True
1035,FNIP2,0.0984345137267191,0.0041562222331116,PHG,-0.0149755149364649,0.78154029030674,6.522878745280337,0.0984345137267191,0.0149755149364649,6.522878745280337,0.24872944693572496,False
1036,SZT2,0.143089433018479,0.0067194659614137,PHG,0.0088185891324263,0.84535691231194,6.154901959985743,0.143089433018479,0.0088185891324263,6.154901959985743,0.24857997010463379,True
1037,SLCO1C1,0.226523323144193,0.0122920769125145,ACC,-0.010109830676822,0.916748201015955,5.096910013008056,0.226523323144193,0.010109830676822,5.096910013008056,0.24813153961136022,False
1038,POLR3B,-0.152103647443917,0.0288048622009621,TCX,-0.0045047420103498,0.926969161387966,6.522878745280337,0.152103647443917,0.0045047420103498,6.522878745280337,0.2475336322869955,True
1039,IGF2R,0.201964222484805,9.73157915089062e-08,PHG,-0.00719443500706,0.664831081986439,5.3979400086720375,0.201964222484805,0.00719443500706,5.3979400086720375,0.24633781763826604,False
1040,GRIK3,-0.266410318436397,0.00735205384483,TCX,0.0001164494578238,0.997399268702519,5.301029995663981,0.266410318436397,0.0001164494578238,5.301029995663981,0.24588938714499248,False
1041,CRYL1,0.0845469505131282,0.0753105547681779,PHG,0.0400730612935396,0.274399441526706,5.0,0.0845469505131282,0.0400730612935396,5.0,0.24499252615844544,True
1042,TBC1D13,0.0520284904818249,0.361845801831023,STG,-0.0412963814355513,0.0325827687145507,5.154901959985743,0.0520284904818249,0.0412963814355513,5.154901959985743,0.24424514200298952,False
1043,DCAF7,0.126117991313476,0.0005473549161705,FP,0.0115632609804962,0.444094755141081,6.154901959985743,0.126117991313476,0.0115632609804962,6.154901959985743,0.24319880418535128,True
1044,DMXL1,-0.184467943071899,0.0017997397924129,TCX,-0.002362909910172,0.892841399127274,6.045757490560675,0.184467943071899,0.002362909910172,6.045757490560675,0.24245142002989534,True
1045,GORAB,0.0689070435988159,0.129762892840587,PCC,0.0223008882809004,0.662606689374294,6.096910013008056,0.0689070435988159,0.0223008882809004,6.096910013008056,0.23991031390134526,True
1046,YTHDC2,-0.205837830076642,2.67985643597346e-06,STG,0.0133916424740978,0.726229544847952,5.045757490560675,0.205837830076642,0.0133916424740978,5.045757490560675,0.23931240657698055,False
1047,ZZEF1,0.0884023282964339,0.0040656848444333,PHG,0.0068673833996991,0.662311298047351,7.698970004336019,0.0884023282964339,0.0068673833996991,7.698970004336019,0.238863976083707,True
1048,NRP1,-0.111630434908393,0.0470989057894019,DLPFC,0.0022012154729019,0.95964096882728,7.698970004336019,0.111630434908393,0.0022012154729019,7.698970004336019,0.23617339312406574,False
1049,AP4M1,0.112188501720789,0.0010133392471519,ACC,-0.0064606438434347,0.903539713179028,7.301029995663981,0.112188501720789,0.0064606438434347,7.301029995663981,0.2357249626307922,False
1050,NTRK3,-0.127034955447039,0.0010188508599085,PHG,0.0123508819947678,0.722899391202473,6.0,0.127034955447039,0.0123508819947678,6.0,0.23572496263079218,False
1051,CCNY,-0.0526226677740924,0.0324597136944971,PHG,-0.0013670900902405,0.975832896265312,9.045757490560677,0.0526226677740924,0.0013670900902405,9.045757490560677,0.23482810164424514,True
1052,PTPRG,0.088686679446198,0.171479454305986,TCX,0.0091764037938711,0.778633537964916,7.397940008672037,0.088686679446198,0.0091764037938711,7.397940008672037,0.2348281016442451,True
1053,BLOC1S4,0.156399532181547,0.0011044812403402,TCX,0.0066728634596789,0.895393926763063,6.0,0.156399532181547,0.0066728634596789,6.0,0.2348281016442451,True
1054,DNAL1,-0.0824819479106269,0.0275371245295317,IFG,-0.0267612084717473,0.190178282459553,5.3979400086720375,0.0824819479106269,0.0267612084717473,5.3979400086720375,0.23318385650224213,True
1055,ABCF3,-0.0938526908402144,0.0157467442309306,TCX,0.0108876037788114,0.682550592000707,6.698970004336019,0.0938526908402144,0.0108876037788114,6.698970004336019,0.2309417040358744,False
1056,JAKMIP3,0.151802308124045,0.0678763499699315,STG,0.0010588341165321,0.96568044620989,6.522878745280337,0.151802308124045,0.0010588341165321,6.522878745280337,0.22869955156950672,True
1057,FLNB,0.240825459107864,0.0003994791898636,IFG,0.0019701243729112,0.959608609508394,5.221848749616356,0.240825459107864,0.0019701243729112,5.221848749616356,0.22615844544095665,True
1058,CSTF1,-0.0341838074870053,0.317444758674759,TCX,0.0131906395468136,0.673966459894774,7.522878745280337,0.0341838074870053,0.0131906395468136,7.522878745280337,0.22600896860986547,False
1059,NCS1,-0.143895172694341,0.0255029748042731,PHG,0.0049642825132642,0.88717249907141,6.154901959985743,0.143895172694341,0.0049642825132642,6.154901959985743,0.22376681614349775,False
1060,CARS1,-0.0647503613179516,0.151583182038871,PCC,-0.0323732899819204,0.0122476220763667,5.221848749616356,0.0647503613179516,0.0323732899819204,5.221848749616356,0.22376681614349775,True
1061,ARFGEF2,-0.118230528929122,0.0014169973091935,PHG,-0.0060232069902317,0.768175019460416,6.522878745280337,0.118230528929122,0.0060232069902317,6.522878745280337,0.22062780269058296,True
1062,PBX1,-0.195232114478606,1.3115099477373e-05,TCX,0.0022461080092106,0.972014232251844,5.522878745280337,0.195232114478606,0.0022461080092106,5.522878745280337,0.21988041853512702,False
1063,UBE2F,0.0716511321969633,0.0456819236600589,ACC,0.0322513607473858,0.0229391849155932,5.154901959985743,0.0716511321969633,0.0322513607473858,5.154901959985743,0.21883408071748875,True
1064,TBC1D15,0.0905260607140486,0.0022081516058397,PHG,0.0001062829610514,0.99567753110842,8.0,0.0905260607140486,0.0001062829610514,8.0,0.21644245142002988,True
1065,SDK2,0.105475244216981,0.210604165000652,FP,0.0179955911771458,0.593227158889073,5.3979400086720375,0.105475244216981,0.0179955911771458,5.3979400086720375,0.214050822122571,True
1066,NARS2,-0.074584578541701,0.189256534611899,STG,0.0219389340566147,0.387412705104506,5.522878745280337,0.074584578541701,0.0219389340566147,5.522878745280337,0.2139013452914798,False
1067,RCBTB1,0.132070557514421,0.0009948146065902,PHG,0.0156863546290465,0.7115607671788,5.301029995663981,0.132070557514421,0.0156863546290465,5.301029995663981,0.21360239162929745,True
1068,CABLES2,-0.106504408120111,0.0058919275843458,PCC,-0.0008935001881003,0.986649900029459,7.522878745280337,0.106504408120111,0.0008935001881003,7.522878745280337,0.2125560538116592,True
1069,TMEM186,-0.101716922399723,0.0208551562964684,PHG,-0.0234880903716792,0.594936528650472,5.154901959985743,0.101716922399723,0.0234880903716792,5.154901959985743,0.21225710014947682,True
1070,GFOD1,0.133370055382809,0.0818115107343024,FP,0.0036205138016358,0.876019200440348,6.301029995663981,0.133370055382809,0.0036205138016358,6.301029995663981,0.21210762331838562,True
1071,NBAS,-0.0893868639919022,0.0135025564524699,TCX,-0.0214720551693485,0.100857487194397,5.301029995663981,0.0893868639919022,0.0214720551693485,5.301029995663981,0.20941704035874437,True
1072,ASTN2,-0.0649295446274092,0.287404522164715,TCX,-0.0156907819796921,0.556005392016293,6.301029995663981,0.0649295446274092,0.0156907819796921,6.301029995663981,0.209118086696562,True
1073,PA2G4,-0.08623797268306,0.0096326076599013,STG,-0.0069727898750971,0.767312312043466,7.154901959985743,0.08623797268306,0.0069727898750971,7.154901959985743,0.2076233183856502,True
1074,GABPA,0.24300929340929,2.02399200359573e-05,TCX,-0.0029816563260582,0.969526841406855,5.045757490560675,0.24300929340929,0.0029816563260582,5.045757490560675,0.20732436472346788,False
1075,RPTOR,0.118537380502238,0.0191492894378786,STG,-0.0035817542481705,0.794529664983968,6.522878745280337,0.118537380502238,0.0035817542481705,6.522878745280337,0.20717488789237667,False
1076,MAP3K4,-0.0323580938268107,0.244466320735707,IFG,0.034780188589979,0.157265042333,5.096910013008056,0.0323580938268107,0.034780188589979,5.096910013008056,0.20568011958146487,False
1077,CCT3,-0.17814702802359,0.0006076165319659,PHG,0.0090212981155873,0.623497416786511,5.096910013008056,0.17814702802359,0.0090212981155873,5.096910013008056,0.2029895366218236,False
1078,TLK2,0.0724787119483752,0.0015125250735304,PHG,0.0075843222431152,0.859468196587723,7.301029995663981,0.0724787119483752,0.0075843222431152,7.301029995663981,0.20104633781763825,True
1079,TMOD1,-0.222362409500004,7.43508648495471e-05,PHG,-0.0049811887330241,0.859326526857061,5.0,0.222362409500004,0.0049811887330241,5.0,0.19925261584454412,True
1080,SUDS3,-0.108139858070362,0.000618891387105,IFG,0.0195072537496898,0.6401979625877,5.154901959985743,0.108139858070362,0.0195072537496898,5.154901959985743,0.19910313901345292,False
1081,RAB3D,0.104035355598308,0.0004896033882217,ACC,-0.0078192328010053,0.913847645339124,6.096910013008056,0.104035355598308,0.0078192328010053,6.096910013008056,0.198355754857997,False
1082,GGPS1,0.0792856441836323,0.0178054939968459,TCX,0.0237740813341815,0.296647746779935,5.221848749616356,0.0792856441836323,0.0237740813341815,5.221848749616356,0.1977578475336323,True
1083,WDR41,-0.135221571395676,0.0001075955461173,TCX,-0.001042741204585,0.968243030317975,6.154901959985743,0.135221571395676,0.001042741204585,6.154901959985743,0.1923766816143498,True
1084,EXOC4,-0.0438986288401155,0.0827701586298125,IFG,-0.0076148636363345,0.596643650772184,7.397940008672037,0.0438986288401155,0.0076148636363345,7.397940008672037,0.19088191330343796,True
1085,ZFYVE28,0.0761687848735777,0.249028380486242,TCX,-0.0266179531776184,0.50434741442976,5.096910013008056,0.0761687848735777,0.0266179531776184,5.096910013008056,0.19043348281016442,False
1086,ACSF3,0.118009602316421,0.0188265074840375,STG,-0.0098048209958734,0.873185697799094,5.522878745280337,0.118009602316421,0.0098048209958734,5.522878745280337,0.18938714499252612,False
1087,KCTD15,0.215269045240952,0.0020909685569132,TCX,0.0043629604017373,0.95479379879677,5.0,0.215269045240952,0.0043629604017373,5.0,0.18789237668161435,True
1088,GPX4,-0.0533334690603633,0.253834504613132,PHG,-0.0301975748801822,0.157265042333,5.096910013008056,0.0533334690603633,0.0301975748801822,5.096910013008056,0.18774289985052314,True
1089,GPBP1,0.0730060399097381,0.0055387234938682,PHG,-0.0283432115794065,0.872263624170036,5.045757490560675,0.0730060399097381,0.0283432115794065,5.045757490560675,0.18669656203288487,False
1090,ZMIZ1,0.208787535490879,0.0005145981053264,PHG,0.001620531245418,0.957696117966014,5.096910013008056,0.208787535490879,0.001620531245418,5.096910013008056,0.18295964125560538,True
1091,TMEM94,-0.139196856087956,0.0084472140513098,ACC,0.014656223837257,0.437361995794285,5.045757490560675,0.139196856087956,0.014656223837257,5.045757490560675,0.18161434977578475,False
1092,TOP1,0.0713775040469784,0.0930208234218312,TCX,0.0186156424157978,0.576739573238137,5.3979400086720375,0.0713775040469784,0.0186156424157978,5.3979400086720375,0.17847533632286994,True
1093,PTPRJ,0.0887670420977456,0.0045555743113061,PHG,-0.0051919241355285,0.878302210828611,6.3979400086720375,0.0887670420977456,0.0051919241355285,6.3979400086720375,0.17832585949177876,False
1094,GGA3,0.111326066929057,0.0196708657405916,FP,-0.0191177235346838,0.390180422147401,5.0,0.111326066929057,0.0191177235346838,5.0,0.1774289985052317,False
1095,BLTP3A,0.0744564049941836,0.0255919299639866,FP,0.0140781940486358,0.513697810443845,5.698970004336019,0.0744564049941836,0.0140781940486358,5.698970004336019,0.17518684603886397,True
1096,UBR5,0.120239553138775,2.24646743698344e-06,PHG,0.0080921394527642,0.838070255619398,5.3979400086720375,0.120239553138775,0.0080921394527642,5.3979400086720375,0.17458893871449924,True
1097,PACS2,0.200157228260597,0.0095163060693841,STG,-0.0013463326490348,0.95964096882728,5.096910013008056,0.200157228260597,0.0013463326490348,5.096910013008056,0.17219730941704034,False
1098,XPR1,-0.0912499813774366,0.033310514060545,IFG,0.013740945847349,0.687385676159861,5.3979400086720375,0.0912499813774366,0.013740945847349,5.3979400086720375,0.17159940209267563,False
1099,DDX6,0.0594504564638552,0.0477680492861294,PHG,0.0022557524091041,0.94187002047507,7.522878745280337,0.0594504564638552,0.0022557524091041,7.522878745280337,0.17070254110612854,True
1100,PCNX1,-0.108115950542564,0.0205777068455507,TCX,0.0119398738366523,0.862637275513878,5.221848749616356,0.108115950542564,0.0119398738366523,5.221848749616356,0.16367713004484302,False
1101,PUF60,0.0864135929215335,0.0501942113520863,IFG,-0.0109908275832432,0.705894550447247,5.522878745280337,0.0864135929215335,0.0109908275832432,5.522878745280337,0.1624813153961136,False
1102,NSUN2,-0.12889149223411,0.00019383616492,DLPFC,-0.0093098711839009,0.78806198494037,5.154901959985743,0.12889149223411,0.0093098711839009,5.154901959985743,0.16053811659192826,True
1103,SH3RF3,-0.0547159579944316,0.24836328040425,ACC,0.0236880169728373,0.736722992483102,5.096910013008056,0.0547159579944316,0.0236880169728373,5.096910013008056,0.15904334828101643,False
1104,RBM19,0.0950334196845279,0.0391098327033124,PHG,0.0177400729511042,0.659443083014916,5.045757490560675,0.0950334196845279,0.0177400729511042,5.045757490560675,0.1553064275037369,True
1105,GSTCD,-0.0855972310985318,0.191362183030518,TCX,-0.0186705495672122,0.812691527137266,5.045757490560675,0.0855972310985318,0.0186705495672122,5.045757490560675,0.15052316890881914,True
1106,OSBPL5,-0.0528715072700567,0.110787382580766,DLPFC,0.0183152373250525,0.766715191770727,5.221848749616356,0.0528715072700567,0.0183152373250525,5.221848749616356,0.1451420029895366,False
1107,GTF2F1,-0.0728636697053426,0.0646221275904868,PHG,0.0034997404935708,0.924877444910082,6.221848749616356,0.0728636697053426,0.0034997404935708,6.221848749616356,0.14334828101644245,False
1108,PRICKLE2,-0.134394513725652,0.0005864594260298,PHG,0.0028345770738569,0.933391176545643,5.301029995663981,0.134394513725652,0.0028345770738569,5.301029995663981,0.14304932735426007,False
1109,ATG2A,0.0537462667502666,0.40106887479229,IFG,-0.0215981226596105,0.723194593276209,5.045757490560675,0.0537462667502666,0.0215981226596105,5.045757490560675,0.14275037369207771,False
1110,TFAM,-0.115200156086362,0.0133278362461448,STG,0.0047172497801627,0.892866832038634,5.301029995663981,0.115200156086362,0.0047172497801627,5.301029995663981,0.13467862481315396,False
1111,ABAT,0.0686599223635636,0.119536461030332,IFG,-0.0160435369402932,0.550641907468677,5.154901959985743,0.0686599223635636,0.0160435369402932,5.154901959985743,0.12944693572496263,False
1112,AKAP1,0.0640987764944008,0.132815542138647,FP,0.0096084865446813,0.64735201358073,5.154901959985743,0.0640987764944008,0.0096084865446813,5.154901959985743,0.09387144992526159,True
1113,CTNNBL1,0.0748718007459912,0.0211271057339719,TCX,0.0022150988662976,0.964556906662267,5.3979400086720375,0.0748718007459912,0.0022150988662976,5.3979400086720375,0.08759342301943199,True
1114,POLR2E,0.054457302440599,0.225235751944115,IFG,-0.008315122111234,0.810598623904747,5.096910013008056,0.054457302440599,0.008315122111234,5.096910013008056,0.07234678624813154,False
1115,ARIH1,-0.0601603400538409,0.023657372870844,TCX,0.0001119106248353,0.996237121599952,5.221848749616356,0.0601603400538409,0.0001119106248353,5.221848749616356,0.045291479820627804,False
