gene	log2fc	pval
A1BG	-0.0309562442243502	0.705168797707549
A2M	0.0105981874580651	0.912490299138209
AAAS	0.0450374875077944	0.0607152461439509
AACS	-0.0536770171137573	0.11916753620969
AADAT	-0.0662547342921694	0.0683930232533805
AAGAB	0.0241616764264898	0.569799211153126
AAK1	-0.0550622237951228	0.000644733898862276
AAMDC	0.0292764963898361	0.676283951119379
AAMP	0.0992671986629252	9.54115739636547e-06
AARS1	-0.00358356024634013	0.884919969405559
AARS2	-0.00348002593534838	0.928893534948127
AARSD1	0.0252905741119714	0.406716928321595
AASDHPPT	0.013092333688696	0.520666917768975
AASS	0.0256702055338489	0.437808768264891
AATK	-0.0619426819894926	0.00326077963539442
ABAT	-0.0160435369402932	0.550641907468677
ABCA2	-0.0312921990538938	0.340366886398496
ABCA3	0.0371544031934854	0.114695186271575
ABCA5	-0.00950065709169909	0.7586787525328
ABCA7	0.00371363011675599	0.951513385852699
ABCA8	-0.0356575477600205	0.603103170759695
ABCB1	-0.0388516380276811	0.155843225565224
ABCB10	-0.0251377664083445	0.340026747787445
ABCB6	0.0179400386152509	0.600425643023003
ABCB7	0.00901356217244142	0.670980374607937
ABCB8	-0.0175791533718355	0.570088533544694
ABCB9	-0.042982353589531	0.25987085050179
ABCC1	0.000598116530200213	0.988466309101587
ABCC10	-0.275278860978065	0.00337489147303225
ABCC4	0.0456792414647829	0.213322534208501
ABCC5	0.142494691463464	2.01325665149186e-05
ABCC8	-0.0226105690768864	0.388514968496756
ABCC9	0.0520567953537177	0.33495935195701
ABCD2	-0.0157357025328294	0.629307717099291
ABCD3	-0.044642016246821	0.0141111562425153
ABCE1	-0.0288764971763487	0.0261471138847385
ABCF1	-0.0099132848288474	0.669403079071304
ABCF2	0.0187099160216054	0.28125003536611
ABCF3	0.0108876037788114	0.682550592000707
ABCG1	0.147835555595697	0.00265447312075987
ABCG2	0.016754502125304	0.774497391307636
ABCG4	-0.0393640598750926	0.609894985019435
ABHD10	-0.0270735681051403	0.309949263405652
ABHD11	-0.0673306686932413	0.0559667264481042
ABHD12	-0.0314210156943168	0.081587498170561
ABHD14B	0.0197199827957745	0.679629938758631
ABHD16A	-0.026480848882789	0.0701791425918645
ABHD17A	0.0213449059508867	0.496252547045239
ABHD17B	0.00915628224417562	0.793909294317729
ABHD17C	-0.0542500622996984	0.39973893158838
ABHD6	-0.00119657997921051	0.970897230415574
ABHD8	0.0320221991850609	0.637961384646409
ABI1	0.0131160675532105	0.487298077503449
ABI2	-0.0469559156152343	0.0156395282439033
ABI3	0.00662605372161702	0.90388128690161
ABL1	0.0303527109436983	0.447138127832597
ABL2	-0.00223376553929665	0.930243080812931
ABLIM1	0.0340707383564901	0.201741738380825
ABLIM2	-0.013973422765773	0.826804225030619
ABLIM3	0.0283387422608702	0.401918008683202
ABR	-0.0727917989942955	0.00417000355424013
ABRACL	-0.0311539175706299	0.764157036946989
ABRAXAS1	0.0906731453035955	0.687538002855959
ABRAXAS2	0.0163150247064059	0.379147757719981
ABTB3	-0.00394512844964742	0.927150906004937
ACAA1	-0.0257113802865818	0.399428119610692
ACAA2	-0.061282553814111	0.0279615893560627
ACACA	-0.00948057527766452	0.674454769107642
ACAD10	-0.0610801353175841	0.143207762262626
ACAD11	-0.0551737310517746	0.0935254590200427
ACAD8	0.0466522540032648	0.100857487194397
ACAD9	-0.0379492398585602	0.376471761685074
ACADM	-0.0246801089311966	0.665886466127511
ACADS	-0.044758653385765	0.487665311987258
ACADSB	-0.0554312762607299	0.189066101397498
ACADVL	0.0214446198640053	0.515973814372308
ACAN	0.0528810151387716	0.401918008683202
ACAP2	-0.0432680168577845	0.38465309890623
ACAP3	-0.0552327842599026	0.0031822214790245
ACAT1	0.00262970924514521	0.924915153770622
ACAT2	0.0639672697769629	0.0186426821644629
ACBD3	-0.0389116230514316	0.012387355485665
ACBD5	0.0207912507492721	0.808556676781494
ACBD6	0.00489730918361103	0.833925818961742
ACBD7	0.0111405103822498	0.902863762426987
ACE	0.051782209156123	0.263877389014718
ACIN1	0.0485164159724629	0.160056214058317
ACLY	-0.10031085504448	0.133534101231247
ACO1	-0.00622923257863001	0.876019200440348
ACO2	-0.00989917107669547	0.688496895056615
ACOT1	0.0818525884300674	0.238200185924278
ACOT11	0.0226660744855299	0.725532750675381
ACOT13	-0.00801474918789492	0.874244468740788
ACOT4	0.0878388119185452	0.311131765895119
ACOT7	-0.053578984662604	0.0312684668204041
ACOT8	0.0181516532878952	0.591722967862355
ACOT9	0.0382492803702067	0.0614227394698357
ACOX1	-0.0610205744078423	0.0479023918268563
ACOX2	0.0107089973581738	0.851713668896257
ACOX3	0.0192731015124191	0.640600894322292
ACP1	0.100209231965787	0.371821375080185
ACP2	-0.0194322829957405	0.487298077503449
ACP6	0.0679725021400982	0.507325970700586
ACSBG1	-0.00157892173124741	0.972014232251844
ACSF2	-0.0328161726004697	0.252687444099038
ACSF3	-0.0098048209958734	0.873185697799094
ACSL1	0.0309440006960581	0.387526736224527
ACSL3	0.00293197541168494	0.899258797137287
ACSL4	-0.0164631877825897	0.369119194952349
ACSL6	-0.0187498892916421	0.410845016409299
ACSS1	-0.0530256488354919	0.026603057858515
ACSS2	-0.0133189094091942	0.661038276988169
ACSS3	0.028671847727972	0.424416866992143
ACTA2	-0.0682809895465037	0.11081026705365
ACTB	-0.0111512301064082	0.69898177245356
ACTBL2	0.0458234943246331	0.534222180296347
ACTG1	0.173970997655556	0.102927948830191
ACTL6A	0.0185143436384082	0.687697255089404
ACTL6B	0.0508703917095852	0.132785337265342
ACTN1	-0.0657642675592538	0.050578596759036
ACTN2	-0.0941079823761022	0.0872773291889285
ACTN3	0.0293040375650782	0.913847645339124
ACTN4	-0.159931318486249	0.000298804636586901
ACTR10	-0.0307141613089526	0.0709802499726594
ACTR1A	0.00241680783220954	0.912585335267028
ACTR1B	-0.0194972720613017	0.436735792954536
ACTR2	-0.045310144843773	0.165102600619718
ACTR3	0.0245078010063889	0.029662815434943
ACTR3B	-0.0467848456852196	0.0579239309762135
ACTR5	0.0270028868326	0.682684154547752
ACVR1	0.0350704984851232	0.203063390052786
ACVR1B	0.0810324356079869	0.0402473826489179
ACVR2A	0.085127529614436	0.0142265516113863
ACY1	0.0353591579295839	0.0902954902962774
ACY3	0.040148432354171	0.570163328904822
ACYP1	0.00558338582076945	0.913847645339124
ACYP2	0.027813346746381	0.396279291171204
ADA	-0.0150142323242096	0.79028559171925
ADAM10	-0.014502655159022	0.816559530343947
ADAM11	-0.0542333793038978	0.00124538762222708
ADAM15	-0.0504203031884441	0.320833905309367
ADAM17	0.0254838927957773	0.496001792267713
ADAM22	0.0244760995254103	0.594873241931297
ADAM23	-0.0387706108717011	0.262812929874467
ADAM9	-0.0327022537575249	0.0334967762355101
ADAP1	-0.0308664682991172	0.131193943143116
ADAR	0.00890630044013031	0.785119194211935
ADARB1	0.0706376118479253	0.0894724402542148
ADCK1	-0.0340056444909342	0.427187341929126
ADCK5	0.0204489337961184	0.515301312758069
ADCY1	-0.0583792914486632	0.00689798808423792
ADCY2	-0.0482695790619784	0.0580238032280627
ADCY3	-0.0161884587351454	0.671292412108208
ADCY5	-0.00232456300000031	0.917451750398526
ADCY6	0.00246419940635723	0.960944290080904
ADCY8	-0.0109101224774326	0.740076885313326
ADCY9	0.032934284785783	0.129372594263517
ADCYAP1	-0.0829436100507383	0.270247456139033
ADCYAP1R1	0.0668156812847314	0.0485614098029237
ADD1	0.0408908182866448	0.430253063313671
ADD2	-0.042075782326412	0.0338410516562062
ADD3	0.0480562984954428	0.0486989104063681
ADGRA1	-0.0517616437347597	0.018312654726205
ADGRA3	-0.0748123097632614	0.103875889924533
ADGRB1	-0.049041810068829	0.0209587368256484
ADGRB2	-0.0630897231702468	0.00728727632398019
ADGRB3	-0.000698015614533892	0.979002632224455
ADGRF5	0.0275895346668235	0.803442160140948
ADGRG1	0.194555770125324	0.000182205251540456
ADGRL1	-0.0258066841579491	0.206332105384562
ADGRL2	-0.0282113662786587	0.333228530152972
ADGRL3	-0.0338935061065819	0.515027432992394
ADH1B	0.0715267702733184	0.493756774719608
ADH5	0.0296270391499115	0.320523193321194
ADHFE1	-0.0828232606245398	0.154854669936167
ADI1	-0.0923021510009374	0.230774625257938
ADIPOR1	0.0214558893927219	0.798723737425121
ADIRF	0.137412908612297	0.0696207006143679
ADISSP	-0.025393577498583	0.309949263405652
ADK	0.0140587693890901	0.569123644378963
ADNP	0.0325161337185814	0.413150193364255
ADO	-0.0169648944815476	0.505480487293625
ADORA1	-0.0809173381836763	0.0250779742917315
ADPGK	0.0350849967931791	0.408387770505313
ADPRHL1	0.00619452295724504	0.933189075253571
ADPRS	0.0258428072966276	0.312004217821514
ADRA1A	-0.0084464268623578	0.927514898926935
ADRA1B	0.0563159901814413	0.404533682861027
ADRA2A	-0.0300042020780644	0.541017772982599
ADRM1	-0.0399872164216115	0.0980728056751078
ADSL	0.0417288832230828	0.188708505757075
ADSS1	-0.0565428022999115	0.260349474392942
ADSS2	-0.0285597728192716	0.131977578772627
AEBP1	-0.0695197037854531	0.184851896170317
AFAP1	-0.0649678611382207	0.0256019385233346
AFAP1L2	-0.038332721699115	0.0693637297140629
AFDN	-0.0265192211703073	0.467633359744602
AFF4	0.104436244462683	0.0539795329794962
AFG1L	-0.0273429886171928	0.284423546084836
AFG2A	0.0898416528895176	0.00334197152501626
AFG2B	0.118444244300892	0.00582389019486479
AFG3L2	-0.0211461830547679	0.216618486997909
AFM	-0.0978067471757734	0.146237013702658
AFTPH	-0.00945087343955653	0.632270181909086
AGAP1	0.0411808238779894	0.146480699293392
AGAP2	-0.0328100936691343	0.0815258463887175
AGAP3	0.0029635284896033	0.934295162584948
AGBL4	-0.0241855431290124	0.50487738474657
AGFG1	-7.62223594084066e-05	0.997538314540765
AGFG2	0.0653660901153725	0.00514793852571498
AGK	-0.026114364206589	0.25987085050179
AGL	-0.0380911615117298	0.257575557727924
AGO1	0.0334282866371812	0.148965305775481
AGO2	0.0200063584504165	0.470898856312462
AGO3	-0.0110524568807302	0.71032838285237
AGPAT1	-0.0601845995035991	0.000426631209855362
AGPAT3	-0.0291288577290908	0.0908610961131714
AGPAT4	-0.0349654090485243	0.163031037550782
AGPAT5	-0.0191683767373083	0.351557708026854
AGPS	-0.0216031663855852	0.186800832555372
AGRN	0.0404932082436942	0.0199409590685718
AGT	-0.0120404599872114	0.869046806956961
AGTPBP1	-0.0047533684039212	0.830885177590834
AGTRAP	-0.0990535285717256	0.19343327436994
AHCTF1	0.0482278370859801	0.153512194766674
AHCY	0.0046974481375571	0.842114301074729
AHCYL1	-0.0790762887718725	0.00124538762222708
AHCYL2	-0.046910419530172	0.12243674398061
AHDC1	0.0428917039178384	0.783726240385057
AHNAK	0.0821747699398953	0.0541639369088897
AHNAK2	-0.100810900455631	0.00238060759856421
AHSA1	-0.00313967842561197	0.933113084279461
AHSG	-0.121649261776592	0.144026600222582
AHSP	-0.175777928377917	0.0463353610252077
AIDA	0.0567426782323096	0.00271742285569469
AIF1	-0.0346894767509569	0.570492061332769
AIF1L	-0.0400980394105346	0.58426234286271
AIFM1	-0.0115060044667852	0.52236373884426
AIFM2	0.0129517791494079	0.787639701872138
AIFM3	-0.0499859491426586	0.468323534725627
AIG1	0.0777565098962447	0.594936528650472
AIMP1	-0.0239925826007058	0.177157455972167
AIMP2	-0.045770138877603	0.00807350727528221
AIP	0.0358306020570291	0.0261071846231095
AJAP1	0.0524056945271013	0.0693637297140629
AJM1	0.00143238730876534	0.953696628629287
AK1	0.0841772733560677	5.27401827228108e-05
AK2	-0.0299306106872087	0.159340968536361
AK3	0.0153751382232195	0.727439812040292
AK4	0.0176386446473926	0.505940823393807
AK5	-0.00191846471097137	0.964068371958125
AKAP1	0.0096084865446813	0.64735201358073
AKAP10	0.0135485849538622	0.454767676990199
AKAP11	-0.085244962443679	0.512695196770713
AKAP12	0.0592493012706041	0.00400520033969389
AKAP13	0.0175219274032469	0.64020998681403
AKAP17A	0.0452868833964568	0.382619939028557
AKAP19	0.0534752188200411	0.129336831621697
AKAP5	-0.0509573858882245	0.288347297776616
AKAP6	-0.0475240661191278	0.169900293305455
AKAP7	0.0170447647333542	0.758609576721379
AKAP8	0.114971264464993	0.0141033801284142
AKAP8L	0.0625946769075974	0.0598931086594659
AKAP9	0.00945370731549666	0.736610261480779
AKR1A1	0.0331879951614956	0.373284910642552
AKR1B1	0.0454777474658672	0.0116462027424916
AKR1B15	0.063423367957598	0.096842982610187
AKR1C1	0.110095832415781	0.0210813605027958
AKR1C2	0.0890478297376973	0.418545553814466
AKR1C3	0.0448661558401119	0.241813106715521
AKR7A2	0.0117396369728358	0.685923286501755
AKR7A3	-0.0167059045965384	0.750501897780265
AKT1	0.00498218153653572	0.826120853077346
AKT1S1	-0.0507648487851293	0.153746570597291
AKT2	0.0362641901624325	0.357620795366138
AKT3	-0.0251915305683816	0.160056214058317
AKTIP	-0.0334711016404368	0.345399734417997
ALAD	0.0415649247407777	0.184694219290618
ALB	-0.12935435301622	0.120518656903213
ALCAM	-0.0477657590035202	0.164923023679338
ALDH16A1	0.0473711972845205	0.207066594067176
ALDH18A1	0.0156576869457842	0.639908941318427
ALDH1A1	-0.05858896087767	0.500150632094527
ALDH1A3	0.0769610404639334	0.13552489357524
ALDH1B1	-0.00771961133828725	0.953286552114604
ALDH1L1	0.0760945966927932	0.0334967762355101
ALDH1L2	0.0241080788011769	0.725921332083151
ALDH2	-0.0298742829799549	0.376528657836946
ALDH3A2	0.0392826721121592	0.0275439082657851
ALDH4A1	-0.105238939392792	0.0143017457297903
ALDH5A1	-0.0201385763489363	0.547463290414625
ALDH6A1	-0.0391146924885043	0.121273456164966
ALDH7A1	0.122613904549596	0.416763930648195
ALDH9A1	0.0154966976656226	0.677126979063946
ALDOA	0.0253620716653415	0.307933263181176
ALDOB	0.0409085862900151	0.81470225579058
ALDOC	0.0158110721845837	0.583956879615877
ALG1	0.0368521485579722	0.19787108480804
ALG11	-0.00146237832475329	0.969046074219213
ALG13	0.0374328079799269	0.101816471064431
ALG14	0.0138872121909022	0.691981607719875
ALG2	0.0148288085609964	0.579469315488036
ALG5	-0.00172251759491129	0.961528508868999
ALG8	-0.041741116326378	0.423792055574372
ALG9	-0.0122117908833563	0.677126979063946
ALKBH4	0.0176335600790115	0.678837140067948
ALKBH5	0.0224143898434802	0.631417761116612
ALKBH7	0.00216020536013894	0.974455904380654
ALOX5	0.0958337300006008	0.253625726556324
ALOX5AP	0.0352590221738184	0.728949385417755
ALPL	-0.11937336389037	0.0278339715901323
ALS2	0.044117226872575	0.0402707669945689
ALYREF	0.00120697228673416	0.986636907033946
AMACR	-0.0295278050693461	0.747896774025372
AMBP	0.0945456589220652	0.21340635663374
AMD1	0.17927993587449	0.00371213500044054
AMDHD2	-0.0138637630436674	0.683873330036775
AMER2	0.0440081696015763	0.470742021807705
AMER3	0.0539056856149269	0.156247173163386
AMFR	-0.000657160897232389	0.986712592587214
AMIGO1	-0.00997803981935544	0.68274510343414
AMN1	0.00208634936803301	0.953286552114604
AMOT	-0.0418340995819135	0.133343594062394
AMOTL2	-0.00583567582828275	0.927842226546579
AMPD2	0.0904620959490717	1.83581827979869e-05
AMPD3	-0.048070813428763	0.257621264453804
AMPH	0.0269099634815241	0.250686387410228
AMT	0.0249895359069656	0.469925955976937
AMZ2	0.0424813018467172	0.567650224583462
ANAPC1	0.00507438074493258	0.822379594001676
ANAPC10	0.0103796403941591	0.741722423060006
ANAPC4	0.0361998942612393	0.257621264453804
ANAPC5	-0.011039354612138	0.790076589753558
ANAPC7	0.0316154938117284	0.496331543984069
ANGEL1	-0.0389469183764905	0.436426522922273
ANGEL2	0.0433350729363579	0.0468177226642501
ANK1	0.0332532590682311	0.535251121141163
ANK2	0.0824326566496572	0.0532680607813625
ANK3	-0.0963445141008932	0.14824411067265
ANKFY1	0.00868178168920145	0.63408350919523
ANKH	-0.0172319043127805	0.508780229291441
ANKHD1	-0.0067270649328599	0.838070255619398
ANKIB1	-0.0231875933838178	0.124442505184433
ANKLE2	0.0300375402229581	0.146237013702658
ANKMY2	-0.0135381003916038	0.70571613887594
ANKRD10	0.184937671371373	0.0908305136271449
ANKRD13A	0.0153912929733783	0.784479042642911
ANKRD13D	-0.0141277421920071	0.44444387987312
ANKRD16	0.0185110133007402	0.701753401621306
ANKRD17	-0.00867255962088569	0.698060233502152
ANKRD18A	0.194005351239923	0.0591081964209517
ANKRD20A3P	0.18172711244043	0.286083862985332
ANKRD24	-0.0561453801871819	0.0234863113760528
ANKRD27	-0.0387352892532551	0.0766929086263546
ANKRD28	-0.0396406454913179	0.00545365084608793
ANKRD29	0.0480637476042638	0.176360544152022
ANKRD34A	-0.0193758224964758	0.590810924114096
ANKRD35	0.0171149701696087	0.725921332083151
ANKRD36C	-0.0505358549569126	0.274360070310086
ANKRD39	-0.0121578685644673	0.858564258200852
ANKRD40	-0.0137704065348527	0.802196879920225
ANKRD44	0.0161012839688293	0.391693121515901
ANKRD45	0.0735395787957968	0.108608423998272
ANKRD46	-0.0131801952473526	0.666390695365035
ANKRD50	-0.035250898318446	0.430943922677133
ANKRD54	-0.0014374341138422	0.98055709553838
ANKRD63	0.0352773719454588	0.553522842771039
ANKRD65	-0.0329713246923153	0.263587301087332
ANKS1A	0.0153799120218873	0.678764524130838
ANKS1B	-0.0613133782156536	0.253005961203525
ANLN	-0.0446261792084836	0.732521943528019
ANO10	-0.018095500128575	0.537471937315622
ANO3	-0.00774739872278304	0.905663035463776
ANO4	-0.0222044736503183	0.662212117799697
ANO5	0.093806643789833	0.128709259450426
ANO6	0.137532573936772	3.19098195400195e-05
ANO8	0.0076028976752175	0.792788372550451
ANP32A	0.0305583555788231	0.520711056995975
ANP32B	0.0664741629664602	0.0218218599754392
ANP32E	0.00809929471017512	0.938468864047859
ANPEP	-0.0116689687339455	0.813373078891732
ANTXR1	0.0263890408955085	0.537471937315622
ANTXR2	0.0920995112740436	0.0149433520741174
ANXA1	0.0196771883635096	0.741413904680211
ANXA11	0.0135287859779146	0.683114728872101
ANXA2	0.00661940619106074	0.931944070032667
ANXA3	-0.0212131890040447	0.656479616334963
ANXA4	0.0260303029536263	0.44804216205614
ANXA5	0.0444162795841222	0.411616265762717
ANXA6	-0.0786457088915979	0.0226164208749874
ANXA7	-0.00753491543696903	0.769995317389761
AOC3	-0.162631609449976	0.0343353973676659
AP1AR	0.0758482169155933	0.455829614272353
AP1B1	-0.0354449828508969	0.0501412543932821
AP1G1	-0.039602935276356	0.0189890056366795
AP1M1	-0.00463830896310113	0.780290917446767
AP1S1	-0.0558506708015409	0.0077975569137224
AP1S2	0.032070490844717	0.555960832684846
AP2A1	-0.042425426640335	0.0338410516562062
AP2A2	-0.0481703409291319	0.110697740841409
AP2B1	-0.032053031679644	0.0999454876178785
AP2M1	-0.0164166298211921	0.392270802506569
AP2S1	-0.0134008211423081	0.538296933805834
AP3B1	-0.00599645370776276	0.804176669288363
AP3B2	-0.0304800793577662	0.114695186271575
AP3D1	-0.0847225699238878	0.627321219425333
AP3M1	-0.0104214955820537	0.659774298814894
AP3M2	-0.0308432076136895	0.164200286359194
AP3S1	-0.0205584679645983	0.478899087708074
AP3S2	0.0102750473167081	0.725322766235303
AP4B1	-0.0256058642649463	0.695386556458698
AP4E1	0.0100315744237178	0.76327831256438
AP4M1	-0.00646064384343476	0.903539713179028
AP4S1	0.0201218721978671	0.618259190903946
AP5B1	0.0568150141174105	0.718545312093845
AP5M1	-0.011911359428912	0.816559530343947
AP5S1	-0.0245751558411034	0.697165383074478
AP5Z1	0.0196062008240286	0.434075542514742
APBA1	0.00421686762732119	0.836083927552817
APBA2	-0.000211722897866445	0.99345914833297
APBB1	-0.000356558443283639	0.989632750110376
APBB1IP	0.0372137238777129	0.557311200167994
APBB2	0.00348890040035879	0.969526841406855
APBB3	-0.0811294833116403	0.150572432281251
APC	-0.00233925693409792	0.894059219196007
APC2	-0.00446707705357992	0.93821685108963
APCS	0.436657961319704	3.78131291419236e-05
APEH	-0.0172716763336567	0.456044879874474
APEX1	0.0152225965293867	0.718330833915439
API5	0.0271966331864981	0.512636729215686
APIP	0.028558994404634	0.787578402225216
APLNR	0.0998615797197114	0.0675034056702658
APLP1	-0.0421587457799353	0.466377152173385
APLP2	0.0360401372918399	0.0608326375369777
APMAP	0.0172998499300274	0.473708268019891
APOA1	-0.172150596434288	0.110279154287679
APOA2	-0.17202369279426	0.191768504329901
APOA4	-0.1496524534209	0.130351204354638
APOB	0.12624230366462	0.0952342709055852
APOC1	-0.228524981026124	0.00841525005447333
APOC2	-0.03522537615444	0.788963355067163
APOC3	0.0289815793576277	0.84942961058706
APOD	0.00383980642095999	0.964068371958125
APOE	0.107356933101995	0.0475604114796511
APOH	-0.0154892641495677	0.899525043525681
APOL1	0.00251661562557007	0.986712592587214
APOL2	0.0490905734234746	0.256206047457076
APOLTP	0.00389215842305032	0.92774817013816
APOO	-0.0316199498392577	0.222287524873063
APOOL	-0.0335432536809767	0.214610366022627
APP	0.657275693134546	2.98163431357195e-16
APPBP2	0.0342629655261326	0.414989884293257
APPL1	0.00574196557195313	0.723194593276209
APPL2	-0.00592797260608011	0.876019200440348
APRT	0.0463661127590819	0.0651635398697073
APTX	0.125415458582368	0.0159695132445081
AQP1	0.118565399081348	0.355458288308713
AQP4	0.116869585182955	0.0264455630430349
AQR	0.00441582276531047	0.941818385834214
ARAF	-0.0263296779224376	0.571367899326051
ARAP1	0.0626108603248491	0.0100681881828022
ARAP2	-0.00104838230924506	0.973189989903992
ARB2A	0.00953589196761093	0.758699111628895
ARC	-0.0782450317159493	0.0034952605197278
ARCN1	-0.00269826096924997	0.876702056643819
ARF3	0.111469444624589	0.254902788064858
ARF4	-0.000871904281166902	0.989632750110376
ARF5	-0.0348429289176675	0.256206047457076
ARF6	-0.000128489450345576	0.99743457962613
ARFGAP1	-0.0124588941329775	0.604177714161751
ARFGAP2	-0.0550094397531822	0.00216112517958961
ARFGAP3	0.0353466867675423	0.0700241189949186
ARFGEF1	-0.0324697825605983	0.0505231476085112
ARFGEF2	-0.0060232069902317	0.768175019460416
ARFGEF3	-0.0252921130586955	0.0853386720813681
ARFIP1	0.0224794100472866	0.237806699214412
ARFIP2	-0.0115160100817077	0.521176376842218
ARFRP1	-0.0106185522821205	0.833196316760109
ARG2	0.0620739088405659	0.239372902732163
ARGLU1	0.0232958593194583	0.570597045748245
ARHGAP1	0.00958839030515135	0.754099026377962
ARHGAP10	0.00600530424010831	0.934400127650668
ARHGAP12	0.00932885559191832	0.684423696365629
ARHGAP17	0.0240832293568587	0.567923564899121
ARHGAP18	0.0503233142308469	0.376528657836946
ARHGAP20	-0.0425538391269787	0.389715585108886
ARHGAP21	0.0216428060171732	0.162933503831249
ARHGAP22	0.0878782568123359	0.214492357235612
ARHGAP23	0.0248603730567852	0.166267236506696
ARHGAP25	-0.0190259085751973	0.713142689429973
ARHGAP26	0.00372846232288968	0.881503822728242
ARHGAP27	-0.0282063281225096	0.603897727533373
ARHGAP31	0.0276474996783905	0.686498892322817
ARHGAP32	-0.0242803456366796	0.300584353233459
ARHGAP33	-0.0165863993497945	0.715241453375681
ARHGAP35	-0.0129354765282182	0.445622047553924
ARHGAP39	-0.00913759502425315	0.575466318221736
ARHGAP4	0.0217680313778349	0.800351949265434
ARHGAP44	-0.0460192293786372	0.00100691310027426
ARHGAP45	0.0240739416409027	0.722305833140146
ARHGAP5	-0.00277141318573309	0.895465736114958
ARHGDIA	-0.0451955145177956	0.0662211689007996
ARHGDIB	-0.0495204962492015	0.169303922877583
ARHGDIG	-0.049278502314824	0.384754675924413
ARHGEF1	0.0489292558315565	0.297907639134094
ARHGEF10	0.0297081877834383	0.58941084407179
ARHGEF10L	0.0346901236069003	0.345399734417997
ARHGEF11	0.0285199714951483	0.480245118026119
ARHGEF12	0.0141345788503196	0.281057720786635
ARHGEF17	0.0339786090050699	0.114398446889908
ARHGEF18	-0.013900694679447	0.41811120155838
ARHGEF2	-0.109092437021161	0.0291699916049023
ARHGEF25	0.0394489637849986	0.123499349176619
ARHGEF26	0.0130407299726125	0.68520992333756
ARHGEF28	0.0343050356832201	0.10241961393922
ARHGEF37	0.0295258008979482	0.376528657836946
ARHGEF4	0.102359527159033	0.0884168077680621
ARHGEF40	0.0218722193798983	0.612890906460988
ARHGEF6	0.0313396623283639	0.0545214550926124
ARHGEF7	0.00727747110286212	0.826804225030619
ARHGEF9	-0.0320622107237105	0.107251132978455
ARID1A	-0.012294380599776	0.641531867912573
ARID1B	0.0261420693918016	0.433178361602688
ARID4B	0.0510834158180514	0.57211177852337
ARID5B	-0.0726540319798327	0.555050761927629
ARIH1	0.000111910624835301	0.996237121599952
ARIH2	-0.00372742696532845	0.927734997438971
ARK2N	0.0083122731706286	0.824436620023114
ARL1	-0.0275442590585624	0.39982490295833
ARL10	0.0474732992007987	0.119295246574723
ARL15	-0.0431685443501242	0.192611603026389
ARL2	-0.00195309332241531	0.96809813167098
ARL2BP	0.00508299483832567	0.848953442549255
ARL3	0.0401458415999595	0.0565602048086042
ARL4C	-0.00381221299169154	0.940021897599503
ARL5A	0.00293653078099118	0.948104516632389
ARL6	0.00603959527189946	0.812169513308267
ARL6IP4	0.221888649762052	0.00772604603747744
ARL6IP5	-0.000582047186581724	0.987908050980515
ARL8A	-0.00657247457370266	0.869046806956961
ARL8B	0.00857219715008556	0.767312312043466
ARLN	0.0161777415849614	0.791340311941771
ARMC1	-0.0169022334779306	0.384271733810868
ARMC10	-0.107006578174232	0.0193034933090653
ARMC6	-0.0225715621618242	0.392332156373356
ARMC8	-0.0660620361612249	0.000292880333538732
ARMC9	-0.00566725847381547	0.878459265949496
ARMCX1	0.0279461025710375	0.45507145922696
ARMCX2	0.00887179718016692	0.881187998650369
ARMCX3	-0.0151911439497659	0.399281471761411
ARMCX4	0.0238038638040903	0.493960706551511
ARMH3	0.0328337867934443	0.103033728310854
ARNT2	0.0049800103417233	0.884963660620665
ARPC1A	0.0044140656769896	0.828634434227728
ARPC1B	-0.0213214090811086	0.550613717538814
ARPC2	-0.0208979697042362	0.233243339597918
ARPC3	-0.0343762745728541	0.268205420419526
ARPC4	-0.00958731472470511	0.66244113669849
ARPC5	-0.00974273990478887	0.68287899520254
ARPC5L	-0.0199251937340509	0.389366264821879
ARPIN	0.0159923564179971	0.428276385625075
ARPP19	-0.128429259739397	0.0031822214790245
ARPP21	-0.0661912663981062	0.341544034408871
ARRB1	0.0337750483439948	0.0668708524899263
ARRB2	-0.0335214262294684	0.250656187022819
ARRDC1	-0.0489889802158516	0.0821984931063402
ARSA	-0.063194704288216	0.230525070685463
ARSB	-0.00392265460455699	0.954733606386785
ARSD	0.0848553576469629	0.0504266532243967
ART3	0.0706345693239059	0.0899490621873469
ARVCF	0.0657496673156509	0.0166799017045624
AS3MT	-0.0499222275341039	0.49926336382489
ASAH1	-0.00698126719622948	0.896207708489559
ASAP1	-0.0855872803780213	0.000210572732257224
ASAP2	-0.0526802871507018	0.00136380738466873
ASAP3	-0.006562207511761	0.857864632599462
ASB1	0.0337601434193031	0.270822424921756
ASB6	0.0240918413909212	0.517209033107446
ASCC1	0.00687098586910369	0.87767394578761
ASCC3	-0.00489673484702607	0.899258797137287
ASF1A	0.0122388220650606	0.776155833259003
ASH2L	0.0352131314589436	0.234042431961497
ASIC1	-0.0291452240064546	0.242263692970122
ASIC2	-0.0485331636233012	0.14435228010885
ASL	0.061286241368893	0.0567396996502302
ASMTL	0.00377747167116181	0.9509458725714
ASNS	-0.0965030927017762	0.0498580821275806
ASNSD1	0.00736996119194935	0.866129434500961
ASPA	-0.0599549169386713	0.496001792267713
ASPH	-0.0726292015085211	0.056540733085626
ASPHD1	-0.173147933884373	0.0311297578754521
ASPHD2	0.0265342038440388	0.256286070233388
ASPNAT	-0.0860716311587457	0.00050565640875999
ASPSCR1	0.0204355409776666	0.202447298009819
ASRGL1	-0.0232538834869871	0.61595663001629
ASS1	0.045909233671042	0.12496327459036
ASTN1	-0.0500168680198665	0.0245486943062263
ASTN2	-0.0156907819796921	0.556005392016293
ATAD1	-0.0636852625545834	0.00407035708815785
ATAD3A	-0.0232322944950585	0.214187424983135
ATAT1	-0.00470486014352584	0.814457445003173
ATCAY	-0.0107285800272291	0.776155833259003
ATE1	0.0204971784665984	0.343961123707124
ATF2	0.0243869170854053	0.60291291857649
ATG101	0.0126986053513587	0.606973518030929
ATG12	-0.00948612354767586	0.802007573381496
ATG13	0.0150626674988424	0.642949981965329
ATG14	-0.0421629879065176	0.289198449772081
ATG16L1	0.0193950459148923	0.37914645964727
ATG2A	-0.0215981226596105	0.723194593276209
ATG2B	-0.0108401820067566	0.402118857955762
ATG3	0.0306292713311472	0.0673085439151383
ATG4B	-0.00515165378642091	0.862526864012544
ATG4C	0.00937048313748162	0.813177389121449
ATG4D	0.00237166041887571	0.970429521190726
ATG5	-0.0203020967946913	0.35483443646605
ATG7	-0.0115069994374913	0.555050761927629
ATG9A	0.0589661663351106	0.0190317124559437
ATIC	0.00249620457232058	0.940021897599503
ATL1	-0.0476408800948503	0.0256189794546544
ATL2	0.0294655858771735	0.614415966393153
ATL3	-0.0349855166695561	0.274561330908328
ATM	0.0218458498081922	0.806403162146345
ATN1	-0.0118279390737624	0.815519881334375
ATOX1	0.00263193712916007	0.948971774952993
ATP11A	0.0299840046712671	0.169900293305455
ATP11B	0.0430294705554523	0.205048930352142
ATP11C	0.120700175720767	0.00422275784177055
ATP13A1	-0.0030227329104387	0.883135448256194
ATP13A2	0.0298438665992154	0.164932490756866
ATP13A3	-0.029867144466394	0.634154762912535
ATP1A1	-0.0611698092689272	0.00139108848793041
ATP1A2	-0.0743662080559487	0.00185889505177983
ATP1A3	-0.0450569022297405	0.0100914470094774
ATP1B1	-0.0538215303867287	0.0259012070236492
ATP1B2	-0.0551123681169912	0.0773306956267002
ATP1B3	0.0383984868916011	0.396578347158296
ATP23	-0.0629480446228934	0.249040406428438
ATP2A2	-0.0521233644262586	0.00884840462586894
ATP2A3	0.231770141164161	0.256918672903122
ATP2B1	-0.0316107937841128	0.173015774146089
ATP2B2	-0.0568673980461459	0.00189243754355139
ATP2B3	-0.0281546699812562	0.510175290149705
ATP2B4	0.0415191586791494	0.503952142465274
ATP2C1	0.00817705078099971	0.696613120365614
ATP4A	-0.0163650698669626	0.791340311941771
ATP5F1A	-0.0312065240141914	0.151843476367322
ATP5F1B	-0.0481857453895793	0.324127530274899
ATP5F1C	-0.0629346236717252	0.765050882374895
ATP5F1D	-0.0177414704506423	0.420506320152525
ATP5F1E	-0.0133435321524208	0.726678519129926
ATP5IF1	0.0136801442572833	0.824436620023114
ATP5ME	-0.0381521388739292	0.159301968647756
ATP5MF-PTCD1	0.121910774287571	0.404533682861027
ATP5MG	-0.0137811541592847	0.651802347899125
ATP5MJ	-0.0562832943755088	0.173494059350163
ATP5MK	-0.0862049932052246	0.0654060209159112
ATP5PB	-0.0217495216268753	0.265742650160378
ATP5PD	-0.0258662511907158	0.340785911165729
ATP5PF	-0.0260217551584448	0.34522467215243
ATP5PO	-0.022766779813393	0.41528293357078
ATP6AP1	-0.00147745200907773	0.973902220048697
ATP6AP2	0.0510273963572333	0.0226164208749874
ATP6V0A1	0.00569396802273725	0.922441307850544
ATP6V0A2	-0.0757480580657235	0.184768136362738
ATP6V0C	-0.0551508157505208	0.515572799416625
ATP6V0D1	0.00564161158272913	0.87767394578761
ATP6V1A	-0.021810744641841	0.30740438276756
ATP6V1B2	-0.0081627018090801	0.691187511243353
ATP6V1C1	-0.0295096433491234	0.154744889855869
ATP6V1D	-0.0273934449069932	0.164200286359194
ATP6V1E1	-0.0415928091198562	0.0614227394698357
ATP6V1F	-0.022705942189969	0.285594155102808
ATP6V1G1	0.000534514787880136	0.990123113594481
ATP6V1G2	-0.0221468249957248	0.397991571125962
ATP6V1H	-0.0315600111479741	0.131657691620281
ATP7A	-0.0469299614829194	0.170948237365444
ATP8A1	0.122862302771744	4.62585034742859e-05
ATP8A2	0.0376416492318968	0.0311245402228597
ATP9A	0.0172867310771407	0.404771515291284
ATP9B	-0.0205978576473371	0.716677153173705
ATPAF1	-0.0137936396262562	0.515308684226162
ATPAF2	0.0276109627162062	0.257470759224366
ATRN	-0.0154737520285957	0.465007567655054
ATRNL1	0.0539192406569202	0.133118253552021
ATRX	0.0502661353373426	0.137391174604859
ATXN1	0.00219366527689011	0.96289662055811
ATXN10	-0.0646521799492107	0.00318582709909361
ATXN1L	0.0822452044513122	0.0724255171087707
ATXN2	-0.0482893000024247	0.0097378075087121
ATXN2L	-0.0399552784183518	0.118116709703068
ATXN3	0.0145869129800171	0.669547583412341
ATXN7L3B	0.0190448349000149	0.558261595112038
AUH	-0.0199109788893233	0.361127832419066
AUP1	0.0271245949949481	0.166267236506696
AURKAIP1	-0.0888241396509933	0.0216949445923073
AVEN	0.0237569593363565	0.470898856312462
AVL9	-0.0271103370794971	0.374505959011636
AXIN1	0.019291086109594	0.800500990546591
AZGP1	0.0698540362125415	0.328138207095859
AZI2	-0.0322573968683807	0.187487224094718
B2M	0.0768545000389043	0.161710818035099
B3GALNT1	0.0442472881173356	0.413585920346183
B3GAT3	0.00103550503178262	0.972014232251844
B3GLCT	0.0343433266154355	0.467963119585464
B4GALNT1	0.0506469681311288	0.0582630525114927
B4GAT1	0.0593661913054425	0.0137760120380964
B9D1	0.0979780709022445	0.0791170504914792
BAALC	-0.0110728133296753	0.726598827011744
BABAM1	-0.00832005665682246	0.728715157349453
BABAM2	-0.0319947675670944	0.0210813605027958
BACC1	-0.0123875501444254	0.8182452859342
BACE1	0.0652913312688407	0.0045042119536956
BAD	-0.0470379170008465	0.198467475515285
BAG1	0.0298453362544219	0.249040406428438
BAG2	0.0287179337326567	0.28849336599001
BAG3	0.100189797465347	0.0506025112698441
BAG4	0.0315885344045994	0.239257461030082
BAG5	0.00106549068027195	0.969526841406855
BAG6	0.00424741323489902	0.794836149402539
BAIAP2	-0.0600388200720816	0.0319921928742208
BAIAP2L2	-0.0336300536935406	0.533986000521722
BAIAP3	-0.0279542970640979	0.630757863693267
BANF1	0.0696119633326835	0.495248037982362
BASP1	-0.0262638942883213	0.609894985019435
BAX	-0.000348097468334002	0.992311332530617
BAZ1B	0.0190005599187008	0.669297729293424
BBLN	0.0802921156948111	0.0305039218479841
BBOX1	0.187040857865039	0.000183563917280693
BBS1	0.0169317629314237	0.490225644024174
BBS2	0.0507678182530165	0.0119391056305605
BBS4	0.0252533204658042	0.320159730574613
BBS5	0.0203338497559934	0.572669903695613
BBS7	0.0366793538738708	0.0507804583931821
BBS9	0.0814609245760287	0.00144686135508196
BCAM	-0.00999371383506037	0.776082059875056
BCAN	-0.0197857488417315	0.528039808243565
BCAP29	-0.0470215270748374	0.0700241189949186
BCAP31	0.00416977726731282	0.892866832038634
BCAR1	0.00752955844092339	0.777426899645768
BCAR3	0.0528938882403669	0.127875763865244
BCAS1	-0.0996276034503609	0.317707387032869
BCAS2	0.0424950342921751	0.172879578604548
BCAS3	-0.0246908885095111	0.576510149068147
BCAT1	-0.0440814118772216	0.120400872604094
BCAT2	-0.1057807439194	0.00146565726225206
BCCIP	0.0107301925868763	0.827270117400269
BCKDHB	-0.0994800639406877	0.000206612128720666
BCKDK	-0.0293913952658688	0.241650101021289
BCL10	0.0512732449936337	0.192611603026389
BCL11A	-0.0248404753905616	0.647273410434039
BCL2L1	0.0175734566891816	0.685706201576744
BCL2L13	-0.00301921911866584	0.948104516632389
BCL2L2	-0.0538829964364154	0.00727230110964785
BCL7A	0.0513423137213025	0.188518349075016
BCL7B	-0.0304133266389199	0.655927532076681
BCL9L	0.0623042078675954	0.489897743667178
BCLAF1	0.0457508881428595	0.202296739321063
BCR	-0.0242801198250765	0.146237013702658
BCS1L	-0.0131192728151444	0.455081628856599
BDH1	-0.0883084355577864	0.000615080487548701
BDH2	0.122902974573798	0.00134859845939117
BECN1	-0.0240162844249586	0.159911801556516
BEGAIN	-0.00680344787845066	0.881831649936913
BET1	0.0626601590637333	0.402950059669825
BGN	-0.169446204535574	0.344395140040979
BHMT	0.0166983767987272	0.883135448256194
BICD1	-0.00361714524556692	0.894162873854136
BICD2	-0.00570928575936551	0.886551089236189
BID	0.00280107447025962	0.936811052118951
BIN1	-0.0803775405883022	0.432979052964545
BIN2	-0.0461296091850596	0.582816914497413
BIN3	0.0484276207837626	0.401566699566903
BIRC2	-0.00250894053599517	0.926969161387966
BIRC6	-0.0101650261578699	0.645058870855577
BKGD	0.0434754970957102	0.31292072521838
BLMH	-0.0249939269483467	0.226723509794128
BLOC1S1	0.0360965642998572	0.160056214058317
BLOC1S2	-0.00727747364482909	0.883135448256194
BLOC1S3	0.0100230462115423	0.831170378275422
BLOC1S4	0.00667286345967899	0.895393926763063
BLOC1S5	0.0210965576616433	0.792871878869801
BLTP1	0.0315642551529841	0.02867145514071
BLTP2	0.00892410482177801	0.758699111628895
BLTP3A	0.0140781940486358	0.513697810443845
BLTP3B	-0.0330406177747252	0.0572536556991813
BLVRA	0.0321527715458654	0.0175405696878741
BLVRB	0.0680999919311254	0.0305850250159303
BMERB1	-0.122644635183732	0.0705941788891467
BMP2K	0.0714550548548021	0.238482217985227
BMPER	0.0699128768032246	0.0990776966381171
BMPR1A	0.139121188655825	0.00290831064760035
BMPR2	0.0272601877722614	0.284389889778304
BMS1	-0.0545258265679053	0.389749019510799
BNIP1	0.000363447744528067	0.988466309101587
BNIP3	-0.0973968583231199	0.00480023132895512
BNIP3L	-0.0763626066023081	0.0141505015508506
BOD1	-0.0295927457285739	0.516401626784316
BOD1L1	0.0043019749949566	0.939255638321124
BOLA1	-0.018930383841682	0.609894985019435
BOLA2	0.0449857549762274	0.219238099131307
BOLA3	-0.0319633201521898	0.320520253614988
BOP1	0.0500306280421158	0.123993642356174
BORCS5	0.00582413743099206	0.775739181103861
BORCS6	0.0358419635846329	0.110977734580713
BORCS7	0.0276274691292109	0.133690446148789
BORCS8	0.0535412163285714	0.0221092141807242
BPGM	0.0113461989627849	0.788144471410291
BPHL	-0.00980021540941681	0.904269426905732
BPNT1	0.0163795332843586	0.245438286255619
BPNT2	-0.076098544568213	0.0407802858636559
BPTF	0.0609393177181209	0.129582853321119
BRAF	-0.0603726864223954	0.157887433324931
BRAP	0.0534026579956477	0.0668708524899263
BRAT1	0.00781659201440514	0.914835110974148
BRCA2	0.0101094296747962	0.947631914930689
BRCC3	0.0148326868203503	0.551385746619079
BRD2	0.0884202002125709	0.167793073837699
BRD3	0.0778724179470755	0.116577812153776
BRD4	0.0525569027251307	0.0588579639228848
BRD8	0.0912097533474955	0.223320035745947
BRI3BP	-0.000968197793878578	0.982205327192484
BRINP1	-0.0709822553024713	7.99225964045046e-06
BRINP2	-0.0373880140592741	0.250500179850367
BRINP3	-0.0395747141178468	0.24076735077107
BRIX1	-0.0188471776564504	0.618627327950405
BRK1	-0.0250027621205491	0.227060009868234
BRMS1L	0.0817378332586303	0.597134228545639
BROX	-0.0145722231253003	0.715547616069901
BRPF1	-0.0156268248540888	0.659729836165177
BRSK1	-0.0276116281462797	0.0162432118797288
BRSK2	-0.00418072549503137	0.925329249030148
BSCL2	-0.0222477213847467	0.446070602605179
BSDC1	0.0214007388668465	0.260638176052883
BSG	-0.0177673892643055	0.395849465135319
BSN	-0.0433660442295323	0.0401196548490559
BST2	-0.00522621714766268	0.948362642677175
BTAF1	0.0192995321559372	0.627692732455179
BTBD1	-0.0188694144850735	0.61521201550122
BTBD10	0.00245112252192373	0.959608609508394
BTBD17	-0.0499009545332314	0.418515994779836
BTBD2	-0.0118715874677565	0.778236419052017
BTBD7	-0.082690423377119	0.373284910642552
BTBD9	0.0116922119364907	0.808425055052573
BTD	-0.0403648301607682	0.398375219228168
BTF3	-0.0011365480275156	0.973189989903992
BTF3L4	-0.0693460875964783	0.0176579720346695
BTN2A1	-0.0599522508594877	0.256860722085415
BTN3A3	0.0996519332533338	0.00081451086872604
BTRC	-0.00025894280672642	0.997239126533871
BUB3	0.0327863820393677	0.213570513628017
BUD31	0.0100527352027118	0.836860958868648
BYSL	-0.0785998449861831	0.101022273408902
BZW1	-0.00635696032914781	0.825890647198563
BZW2	-0.0408337248042793	0.018258433783579
C11orf58	0.0384976957213434	0.50700605153703
C11orf68	0.0138642864666087	0.376528657836946
C11orf87	-0.0995210403291965	0.251528882468183
C11orf96	-0.13918541363799	0.0359700839408304
C12orf43	0.0173163330971541	0.842528827563551
C12orf57	-0.0679802232675165	0.012002901006704
C12orf75	-0.0023087876595263	0.976413009246831
C15orf40	0.0562085675575775	0.108608423998272
C15orf61	-0.0937229487812508	0.0404086732505583
C17orf100	-0.0785608748822925	0.0529459408039927
C17orf75	-0.015415446552509	0.498954157079316
C18orf32	-0.0977010846819437	0.000183563917280693
C19orf12	-0.0240566072927417	0.528039808243565
C19orf25	-0.0237291401593711	0.506904132440384
C19orf53	0.0491767734951951	0.392765269155837
C1QA	0.0638495496961842	0.436426522922273
C1QB	0.079209746941541	0.354508441569828
C1QBP	-0.0324035675281419	0.409683503330207
C1QC	0.0647888359350541	0.436323652573392
C1QL3	0.00463347447584178	0.930243080812931
C1QTNF4	0.038495209945202	0.145183184220845
C1R	-0.0131974267122622	0.849915561519551
C1S	0.0290911371566352	0.655745639091267
C1orf122	-0.0376800340699012	0.505130600003478
C1orf198	-0.000356103380714554	0.994192814916856
C1orf21	0.017497368246998	0.655347811699779
C1orf216	0.00682517696432414	0.939537590182443
C1orf35	0.0237169534842736	0.780529804523916
C1orf50	-0.0333592100328874	0.198987716786122
C1orf52	0.077754024925679	0.0694849187150683
C22orf39	0.0637712609096342	0.515301312758069
C2CD2	0.03030813039623	0.252381717364084
C2CD2L	-0.00827563961782653	0.659443083014916
C2CD4C	-0.00490729166429749	0.937494346692006
C2CD5	-0.00359566401812081	0.926426744743439
C2orf49	0.0625285233600141	0.186448255326595
C2orf69	0.000428022462507636	0.987443289588703
C2orf72	0.0261793755019267	0.608721608560517
C2orf76	0.030448954374888	0.661038276988169
C3	0.0492176200860271	0.579645000486542
C3orf18	0.0500637419792711	0.445433050266817
C3orf38	0.0144922471903282	0.69754912768388
C4A	0.208739108040765	0.0100441513695061
C4B	0.296579892954104	0.00727230110964785
C4BPA	0.13466096927732	0.165102600619718
C5	0.0145002233705888	0.883135448256194
C5orf22	0.0347323178576686	0.283122108636599
C5orf24	0.166195870787462	0.214063468423436
C6	0.0430160385179198	0.609370006428256
C6orf120	0.0202447557489959	0.724174084864121
C6orf136	-0.00981562009751664	0.772506478006246
C6orf47	0.0289919044941325	0.429090050753139
C6orf89	-0.0163637653823268	0.803099403097276
C7	-0.0604038320674817	0.36513560120551
C7orf25	-3.58796497353375e-05	0.999311659056332
C8A	0.0102805627654721	0.918471236136906
C8B	0.022707881290421	0.849087700948649
C8G	-0.0202002052074402	0.788278808853096
C8orf82	0.028082746970701	0.309857570061151
C9	0.0653923480659475	0.422834971636358
C9orf40	-0.0464013139064157	0.404771515291284
C9orf72	0.0257751817800276	0.257470759224366
C9orf78	0.0464831222843107	0.187597027526311
CA1	0.0430066719813563	0.708429993499541
CA10	-0.0186940302621627	0.609894985019435
CA11	0.0101698047007344	0.812169513308267
CA14	-0.0906705783855095	0.144042872750915
CA2	0.012155938722831	0.862228019690323
CA3	0.127647272589881	0.0665462760505932
CA4	0.0304455851176254	0.705894550447247
CA5B	-0.018330667537708	0.800351949265434
CA7	-0.00305874014034035	0.95836615559205
CA8	0.117343104692524	0.18456906197143
CAAP1	-0.00181809054651129	0.986712592587214
CAB39	0.0167358547663303	0.429817760171038
CAB39L	-0.0294051625872779	0.372693009464533
CABIN1	0.0719843522555825	0.131977578772627
CABLES1	0.0211462552361076	0.39059913079918
CABLES2	-0.000893500188100339	0.986649900029459
CABP1	-0.0510946568387938	0.0528356747932819
CACHD1	0.0569159522611004	0.0718150684794281
CACNA1A	0.01874084848965	0.340785911165729
CACNA1B	0.0493114888835914	0.0197778451829403
CACNA1C	-0.00883878574239633	0.754984530680269
CACNA1E	0.000794429922858941	0.982205327192484
CACNA1F	-0.00332977972749648	0.970897230415574
CACNA1I	0.0519365227120071	0.38694159548759
CACNA2D1	-0.048741882122887	0.036386844261025
CACNA2D2	0.00461872455947646	0.886551089236189
CACNA2D3	-0.0124083200398515	0.672133518096418
CACNB1	0.0217973387964352	0.401733802470901
CACNB2	0.012939298469072	0.505130600003478
CACNB3	0.0188029148880839	0.452056632280755
CACNB4	0.026380381071453	0.1372019620052
CACNG2	-0.0551932906663622	0.141556695984062
CACNG3	-0.084907145379345	0.00572394087575144
CACNG4	-0.0358688484607928	0.60114353609419
CACNG7	-0.0267265011469424	0.426313230117209
CACNG8	-0.0897011284915875	0.0253997461963725
CACUL1	0.0378494518896483	0.112865694029114
CACYBP	-0.0195083477364755	0.609370006428256
CAD	0.0339756047481945	0.0723550566120575
CADM1	-0.0221556276651024	0.423281520562922
CADM2	-0.0333458648468912	0.179347870267546
CADM3	0.0155870548619428	0.618317488006978
CADM4	0.00679997142890759	0.875891437165851
CADPS	0.0885144542037295	0.389749019510799
CADPS2	-0.0157870765390711	0.465623140209574
CALB1	-0.0597422179636695	0.507325970700586
CALB2	0.0788104188867321	0.258734920251342
CALCOCO1	-0.00656406531843413	0.792788372550451
CALCOCO2	-0.00520748886303951	0.934400127650668
CALCRL	0.0263233947493842	0.739983928334921
CALD1	0.0826196589358527	0.146237013702658
CALM2	-0.00920649594805817	0.739134256473225
CALML3	0.25352520688672	0.147433176182619
CALML5	0.0437836338168068	0.798723737425121
CALR	-0.0104010843487697	0.69754912768388
CALU	-0.0536824987652488	0.0110546744674816
CALY	0.0386402995426603	0.410931768658781
CAMK1	0.0162223125498487	0.661038276988169
CAMK1D	-0.00238700778465055	0.937721738538274
CAMK1G	-0.0356944799422772	0.444094755141081
CAMK2A	-0.0319634777081374	0.675546475456827
CAMK2B	0.0754464439713252	0.0383083906773776
CAMK2D	0.0231305859830495	0.456640024714516
CAMK2G	0.0440245872190458	0.0424648015059671
CAMK2N1	0.0133233127992431	0.879377184905008
CAMK2N2	0.0144017502013525	0.83114060320958
CAMK4	-0.0717574965498298	0.0531991432469551
CAMKK1	0.00269968750738821	0.957696117966014
CAMKK2	-0.075514570156877	0.0308110840734784
CAMKMT	0.00304759786297293	0.959608609508394
CAMKV	-0.0198183554122046	0.764157036946989
CAMLG	-0.0172715019775669	0.684423696365629
CAMSAP1	-0.0346123753732313	0.00776209277987635
CAMSAP2	0.00537601613923002	0.779883396021485
CAMSAP3	0.0034594664063072	0.871152318068078
CAMTA1	0.00710118646454605	0.934295162584948
CAND1	-0.00997956366878128	0.636255514801679
CAND2	-0.0151594914249402	0.739134256473225
CANT1	-0.0339257427190524	0.637961384646409
CANX	0.008076398671367	0.870258559042292
CAP1	0.139338851047981	0.831793682006943
CAP2	-0.0524913689080334	0.0385158611353239
CAPG	0.105972797844748	0.0525098918996619
CAPN1	0.0244882764461607	0.133100607669401
CAPN2	0.0584406204114945	0.0361239857730211
CAPN5	-0.0123169215797257	0.697165383074478
CAPN7	0.049496389292129	0.0377665382402782
CAPNS1	0.0571071403558043	0.00513458112605563
CAPRIN1	-0.0420302461908053	0.00587786804246403
CAPRIN2	-0.0438971468364954	0.398375219228168
CAPS	0.253099085229471	0.001987121071661
CAPZA1	0.004685304621171	0.855490268124843
CAPZA2	-0.00128813720771598	0.948104516632389
CAPZB	-0.0346457060987299	0.449894766301567
CARD19	-0.042965665918191	0.291414603986071
CARHSP1	0.0462732679461259	0.213079211456772
CARM1	-0.0121614080513055	0.498960091038433
CARMIL1	0.0206633318442178	0.264163671262473
CARMIL2	-0.033320113406104	0.614415966393153
CARMIL3	0.061537634630569	0.322036921307036
CARNS1	-0.119718512398681	0.164722825286483
CARS1	-0.0323732899819204	0.0122476220763667
CARS2	0.00195152771018048	0.970897230415574
CARTPT	0.14507196062452	0.146237013702658
CASC3	-0.000430746860892173	0.994167438004413
CASK	0.0554447093351822	0.739816160180707
CASKIN1	-0.0342990963877503	0.0596577416059637
CASKIN2	-0.0173877368391237	0.465835011462779
CASP1	0.0520035797037984	0.366009843885459
CASP3	-0.00790201519608102	0.913191369287704
CASP7	-0.000187144086820898	0.99836537428
CASP9	-0.0258063941465046	0.546707189295678
CAST	0.0143341116103861	0.833205652961172
CASTOR2	-0.0253221245367226	0.159291810772038
CAT	-0.00744747894037459	0.922118850602263
CAV1	-0.0605034615991051	0.128709259450426
CAV2	-0.00148540428699316	0.986874552254856
CAVIN1	-0.0368324055824274	0.360334726396364
CAVIN2	0.0109484359398277	0.818690744664304
CAVIN3	-0.0736280560950608	0.202829855681965
CBARP	-0.146284070145137	1.65101797507172e-05
CBFB	0.0797542190918707	0.0233235011997371
CBL	0.00287614471135586	0.906009235555223
CBLN1	0.129719311413162	0.296865388262039
CBLN2	0.0449290396946629	0.426313230117209
CBLN4	-0.0902748138239033	0.0266589702822434
CBR1	0.0488122728463662	0.309110998458051
CBR3	0.0681391497685553	0.0458450112551751
CBR4	-0.0116408521927227	0.739983928334921
CBS	0.0923409388531136	0.0766929086263546
CBX1	0.0323430114218127	0.513167952920197
CBX3	0.00624520078198684	0.897493264256486
CBX4	-0.0402335276429423	0.470898856312462
CBX5	0.063015793093864	0.0385567845714162
CBX7	-0.0188852289253719	0.804981457591365
CC2D1A	0.0321227498457289	0.0642172943486025
CC2D1B	0.0106001124695885	0.69754912768388
CCAR1	0.0503879586863522	0.0658089778341412
CCAR2	-0.00704858342473796	0.833241615989872
CCDC117	-0.0384861451539269	0.630893187716218
CCDC12	0.0339753273831913	0.550166372530618
CCDC120	0.0958977001741513	0.0050320004075402
CCDC124	0.00357179225185972	0.898034242444209
CCDC127	-0.0184233046653359	0.364569455794473
CCDC134	-0.0174770500900975	0.664561225704091
CCDC136	-0.016093607872335	0.536209407190448
CCDC144A	-0.0889610326009691	0.141494714396843
CCDC149	-0.0100780160095282	0.810344391604117
CCDC154	-0.0384557715210893	0.532473933159753
CCDC158	0.0499373121535184	0.544945957409436
CCDC177	0.0276933503277752	0.203976851136446
CCDC184	0.00539457994442302	0.949794228798422
CCDC186	0.030555579625715	0.232942720553967
CCDC22	0.0181012024761802	0.245744906210281
CCDC25	0.0359426435458179	0.182340227491592
CCDC27	0.276065082140121	0.402773021361968
CCDC28A	0.0546698887537635	0.0214373039032109
CCDC28B	-0.0132812385332128	0.859468196587723
CCDC32	-0.0163368201286602	0.838070255619398
CCDC43	-0.00592226585053102	0.833775596235638
CCDC47	-0.00462360781973409	0.863357963548914
CCDC50	-0.0154388852922582	0.655347811699779
CCDC51	0.015748385582533	0.695070263794584
CCDC6	0.0316839543772146	0.229637075710421
CCDC85A	-0.0137992553919456	0.72997349464257
CCDC85B	-0.000286156292873929	0.993684591068952
CCDC85C	0.0488824496531352	0.256860722085415
CCDC86	0.0264256497215686	0.764265278870924
CCDC88A	-0.0333863038052143	0.0198856009690864
CCDC9	0.00540013397341435	0.869046806956961
CCDC90B	0.0370564111604751	0.288607953677323
CCDC91	-0.0453876290466953	0.00640791936553086
CCDC92	0.0101566115889397	0.699371292855958
CCDC93	0.0163272086720589	0.245938059735679
CCDC97	0.0458355339107865	0.341457511972744
CCK	0.119523084259948	0.00461308078762055
CCKBR	0.0476927016975202	0.295705137820368
CCM2	0.00302075685447897	0.922862062916121
CCN2	0.0658872079626238	0.167690458847782
CCN3	0.050228821156248	0.312977077464316
CCND2	-0.012257265642599	0.87683467705856
CCND3	-0.117532838096219	0.0291498035273307
CCNK	0.0544356488309147	0.371109541684528
CCNT2	-0.0748618742122776	0.542216792350165
CCNY	-0.00136709009024057	0.975832896265312
CCNYL1	-0.0707128042266263	0.027480881143789
CCP110	-0.00200662486008929	0.963694577307406
CCPG1	-0.00766727364388045	0.899090796883227
CCS	-0.0142397359348859	0.451239695486373
CCSAP	0.078721337099007	0.00515190778602022
CCSER1	-0.0553660489082382	0.417781877433283
CCSER2	-0.00791323085566287	0.8751900463202
CCT2	0.00454642962478258	0.854060018106842
CCT3	0.00902129811558733	0.623497416786511
CCT4	-0.0117974931256094	0.456044879874474
CCT5	-0.00823078701293132	0.736987254145786
CCT6A	0.00887530486954083	0.589290799331091
CCT6B	0.00366391812984151	0.977819513453399
CCT7	0.00615097879795541	0.706580242399364
CCT8	-0.00200920774555331	0.929261499547783
CCZ1	-0.0117294313112225	0.521176376842218
CD109	0.182688043342092	3.19098195400195e-05
CD14	0.00481727741711788	0.966978343554807
CD151	-0.0258382658943997	0.577905795458489
CD163	-0.0493505157951175	0.623451423403526
CD200	-0.0535278633215432	0.739983928334921
CD274	0.054114310173184	0.245438286255619
CD276	0.0320451074644202	0.467025206568592
CD2AP	0.0161460164632973	0.572669903695613
CD2BP2	0.0414254341914778	0.246318015655303
CD320	0.0313491888961743	0.516677851361314
CD34	0.0089119226876534	0.89868131168325
CD38	-0.079201966219419	0.23230827343749
CD40	-0.129605414955713	0.0858055172316215
CD44	0.313528177859496	0.000472076241519035
CD46	-0.00348137266889248	0.946415633689872
CD47	-0.0467466920737935	0.0908305136271449
CD53	-0.0465439060152918	0.651447507403026
CD55	-0.0654450564103818	0.266431394589787
CD58	0.0741958420504005	0.0110880856442076
CD59	0.00248436639081373	0.963220694773636
CD5L	-0.0370223036422441	0.754396703253433
CD63	-0.0645855729375038	0.283845924625782
CD74	-0.0389652338061086	0.517220734494567
CD81	-0.0397137571187056	0.254284500760271
CD82	-0.0782299800976223	0.186052003638686
CD9	-0.0840155550176275	0.432379257447856
CD99	0.158489482933163	0.0309299806071582
CD99L2	-0.0819794588580793	0.168947705378325
CDA	-0.0237090499283935	0.700406492343284
CDC123	-0.0486626000384417	0.0837695683266959
CDC16	-0.0169000259711438	0.319160936066214
CDC23	-0.0105725320985281	0.630893187716218
CDC26	-0.0105446746683686	0.764265278870924
CDC27	0.000196402118901498	0.993903812753462
CDC34	-0.0521582393646365	0.151210666891765
CDC37	-0.0361463046326067	0.152216688632299
CDC37L1	-0.000130361605929746	0.99567753110842
CDC40	0.0133436694604119	0.730431414429958
CDC42	-0.0357495343858123	0.19120478097946
CDC42BPA	-0.0443853886796285	0.247738856101423
CDC42BPB	-0.102962160112127	0.235005500492687
CDC42EP1	-0.05801532150576	0.458782576954963
CDC42EP2	-0.0355774730183669	0.681187272786803
CDC42EP4	0.049570597948252	0.496451391868565
CDC42SE2	-0.113608951279294	0.0990776966381171
CDC50A	0.123996966833949	3.89486082880542e-06
CDC5L	0.0254740199124121	0.415294242626764
CDC73	0.0355024186727856	0.449673936010162
CDH10	-0.0523078208675893	0.027798547910536
CDH11	-0.0225795373316757	0.146113865736833
CDH12	-0.0104462614956378	0.819079278408642
CDH13	-0.0657244531463881	0.180081155080633
CDH18	0.0191306477934491	0.413585920346183
CDH19	-0.0358372864777046	0.626355737758634
CDH2	0.00829122698827955	0.675546475456827
CDH20	0.0529050956466328	0.0209859965096917
CDH22	-0.0172242870107314	0.724110045375419
CDH4	0.0294065504080724	0.238908978872737
CDH5	-0.0186281712216777	0.701915261507361
CDH6	0.00634571637341545	0.840163656173659
CDH7	0.00201810412846098	0.966262557749385
CDH8	-0.057658877424693	0.0989151072527632
CDH9	-0.0292553219860701	0.358289601526288
CDIP1	-0.00362309423701457	0.944408449706723
CDIPT	-0.0637110707122263	0.0358877319359633
CDK11B	0.0329990337610315	0.164722825286483
CDK14	-0.0348739131911781	0.110697740841409
CDK16	-0.0206861541866303	0.221506248866562
CDK17	-0.0633040071560859	0.000212566381291434
CDK18	0.0317134887784394	0.284946486954942
CDK19	0.0653753275439911	0.17807738753373
CDK2	-0.00260714422400382	0.986874552254856
CDK2AP1	-0.0238368253478544	0.751482798391653
CDK4	0.00994775841098564	0.802428205605409
CDK5	-0.0497500204692519	0.0197778451829403
CDK5R1	-0.0888082457292796	0.210946341653947
CDK5R2	-0.0656107874971749	0.34314989586393
CDK5RAP3	-0.0164290494187243	0.316852091111252
CDK7	0.0359388028174712	0.350466333835224
CDK9	-0.00950658477561837	0.846657657054199
CDKAL1	-0.0358168437140336	0.403216278999083
CDKL5	-0.0121900751325159	0.67670554217506
CDKN1B	0.0458099856519545	0.374505959011636
CDKN2AIP	0.0487699107981472	0.144702232528037
CDKN2C	0.023543717316982	0.629652399035153
CDKN2D	0.0238689614925211	0.636629199838518
CDR2L	-0.00639696783439042	0.922441307850544
CDS1	-0.00764112112197221	0.866492490792039
CDS2	0.034762591871172	0.111141628565096
CDV3	-0.015160418116055	0.571730330777702
CDYL2	0.0709820705808119	0.322023257821678
CEBPZ	-0.0196616122614226	0.673824070381739
CEBPZOS	-0.0296428902906035	0.474316379471439
CELF1	-0.0200774703769556	0.831170378275422
CELF2	-0.0228787514375119	0.356583813562012
CELF3	-0.00123378311335298	0.986649900029459
CELF4	0.0235948710517971	0.522223458156804
CELF5	0.0769171831211596	0.100890162942363
CELF6	-0.0284323147797503	0.444582270188895
CELSR2	-0.00116621471360094	0.964407339661113
CEMIP2	0.0230487642537741	0.352405137645828
CEND1	-0.021244202100129	0.405666056470438
CENPE	-0.00299771406943289	0.9509458725714
CENPP	0.0625938938146076	0.285028925547241
CENPV	0.103173777661156	0.241287572288433
CEP131	0.0142028692025832	0.917433832149491
CEP135	0.0641350648328864	0.462890253102267
CEP152	0.27865081340562	0.401968642972512
CEP170	-0.0372549673491768	0.375403453672406
CEP170B	-0.0230378699221841	0.189148862100057
CEP250	-0.0381746231163126	0.707220736650448
CEP290	0.0748463668697603	0.270264219645993
CEP41	-0.0193013401163405	0.360439837655743
CEP43	0.0107697457964605	0.870124439694104
CEP44	-0.0561647587132974	0.296420363713691
CEP68	-0.0192672063230884	0.706580242399364
CEP76	-0.0970007234151061	0.487077401126332
CEP85	0.0270411121871861	0.876019200440348
CEP97	0.023047482363069	0.290468334803571
CEPT1	0.0265730311049902	0.69754912768388
CERK	0.018101832685352	0.733352747779419
CERS1	-0.0261649240626267	0.353280918523061
CERS2	-0.0127995720756698	0.847487860828999
CERS4	-0.0163549499346194	0.703517793799968
CERS6	0.0390576297268577	0.0513665844475455
CERT1	0.000827678975561762	0.969077843233531
CES1	0.0358461550683118	0.704046814973465
CETN2	0.0316158936671651	0.241650101021289
CFAP20	-0.0217638371087017	0.436808784757783
CFAP298	-0.00846905833987975	0.806403162146345
CFAP36	-0.0261337069071544	0.181382790875904
CFAP410	0.0557668889430075	0.386884881879878
CFAP418	0.0315406411370383	0.372693009464533
CFAP74	0.0457968662557286	0.503952142465274
CFD	0.142104081567197	0.0410577465553818
CFDP1	0.103153631778017	0.0342388853522583
CFH	0.0760847752450513	0.204796476548682
CFHR1	0.136026026415566	0.177728186006838
CFI	-0.014375739686977	0.850440191349333
CFL1	0.00818605415518481	0.719069751834904
CFL2	-0.0205254285467916	0.55469428099389
CGGBP1	0.046770422768459	0.307933263181176
CGNL1	0.0196014211725435	0.470898856312462
CGREF1	0.0542320676139249	0.202016475803933
CHAMP1	0.0554918380385584	0.102305297329114
CHCHD1	0.0059079535011492	0.934295162584948
CHCHD10	0.125582795130028	0.369119194952349
CHCHD2	-0.0937320680984069	0.176225330303081
CHCHD3	-0.0118953893582026	0.520968712688081
CHCHD4	-0.0444870662332474	0.161521501906406
CHCHD5	-0.00977532374584272	0.883160081805788
CHCHD6	-0.0579936462739552	0.0216949445923073
CHCHD7	0.0114113325034347	0.800351949265434
CHD1L	-0.0313937927454316	0.697543417384855
CHD2	0.0185900376727965	0.531602325928865
CHD3	-0.00779498499457952	0.919533624906864
CHD4	0.0323587795831146	0.272103808780725
CHD5	-0.0224117361619549	0.666390695365035
CHD8	0.00981385158001091	0.863955970309464
CHDH	0.0955030150412481	0.0354730803766399
CHERP	0.00653299965225704	0.871169395177574
CHGA	0.177604068932493	0.001987121071661
CHGB	0.100775035544399	0.00577586536450646
CHI3L1	-0.0772411982946451	0.672154087003994
CHIC1	-0.011148939005	0.824067124137637
CHID1	0.00716170078650794	0.802007573381496
CHKA	0.0294703209557149	0.562607041503964
CHKB	0.0166408102723352	0.513145625846506
CHL1	0.0219851489613074	0.768175019460416
CHLSN	0.0880364367127673	0.0804703502695902
CHM	-0.0131712497332029	0.497644235301174
CHML	-0.0818029651766502	0.0022846978688483
CHMP1A	0.00505062882536206	0.893557617969524
CHMP1B	-0.0339897892396765	0.141324479690744
CHMP2A	-0.0651942132245659	0.0227397079751542
CHMP2B	-0.00875990925167941	0.783128630506084
CHMP3	0.0180402405499704	0.504669699156741
CHMP4A	-0.0693823968627997	0.136372905227879
CHMP4B	-0.0100714484878172	0.557651362624545
CHMP5	-0.0368652271402711	0.112103239378278
CHMP6	-0.011533482853978	0.459514735072086
CHMP7	0.0113659213802583	0.559635115462822
CHN1	-0.0201442448849096	0.514026774630372
CHN2	0.0279678571495325	0.693780826607678
CHORDC1	0.0242532871234611	0.600425643023003
CHP1	-0.0369104393776898	0.0424471124744352
CHRD	0.0440970834810967	0.165688409052809
CHRDL1	0.050816157364383	0.493502437420364
CHRM1	0.011708725637993	0.813722010756554
CHRM3	0.102084965141437	0.126449715883759
CHRM4	0.000802671700064539	0.989052428702438
CHST1	0.0229473433023189	0.690302086875643
CHTOP	-0.0160520582676834	0.791166575879686
CHUK	0.0156248400074126	0.661038276988169
CHURC1	0.0196435601718369	0.655500233342702
CIAO1	0.0540175038811499	0.00129990012042453
CIAO2A	0.0254533480368146	0.662747598958679
CIAO2B	0.051737523795639	0.0534998435661951
CIAO3	0.0315212364021578	0.203958434176872
CIAPIN1	-0.0212245323524832	0.114934185841838
CIB1	0.00132658548703073	0.986649900029459
CIC	0.0239924939862292	0.623243240536042
CIRBP	-0.129198916380337	0.0785286057432247
CISD1	-0.0322937708233802	0.2476903064644
CISD2	0.00993225315137269	0.594611744472327
CISD3	-0.0521145141641939	0.396578347158296
CIT	0.0387703233429681	0.22656077030259
CIZ1	0.0647608346498273	0.327617864917646
CKAP4	-0.0452885052285457	0.0165088956537202
CKAP5	-0.00463049525664258	0.76327831256438
CKB	0.0159686552983369	0.436369788856572
CKM	0.0198287655592289	0.836860958868648
CKMT1A	0.0324661663154002	0.254434074091046
CKMT2	0.0185916619898858	0.713142689429973
CLASP1	0.0345435544487876	0.663459014823773
CLASP2	-0.0324020915244052	0.0112167729339193
CLCC1	0.0279483282833881	0.0827109870056127
CLCN3	0.0496114332405111	0.00169009725517
CLCN4	0.0405583943679347	0.0507152289791143
CLCN6	0.0316606522923733	0.141324479690744
CLCN7	0.0705467765823447	0.00535164693035507
CLDN10	0.164761918344972	0.00380259393926186
CLDN11	-0.0699804872534465	0.572682726415006
CLDN12	-0.021506388059771	0.750439252687802
CLDN5	-0.00909345091390173	0.881253405889718
CLDND1	-0.0242997298660777	0.639018456804157
CLEC14A	-0.0758206385045525	0.0305183565658192
CLEC16A	-0.0120915837355334	0.530315702743357
CLEC2L	-0.0597640081886535	0.129282015005407
CLEC3B	-0.0419407375358976	0.398959274024256
CLGN	0.0786352111415505	0.0763164467329911
CLIC1	0.00999764917567128	0.864877428648911
CLIC2	-0.0123649164324744	0.775739181103861
CLIC4	-0.0408727978621241	0.55376783591648
CLIC5	-0.0516081891544443	0.352053726417114
CLINT1	-0.0229751198337115	0.12866725283327
CLIP1	0.0269408761941638	0.554397923945988
CLIP2	-0.0057700261246231	0.718676885889921
CLIP3	-0.0166520462419463	0.389503303665709
CLIP4	0.00493433879630722	0.926426744743439
CLMN	-6.48912115816407e-05	0.999137678941166
CLN5	-0.019374705887475	0.765467337192352
CLNS1A	0.0404256306133602	0.0499000142418197
CLPB	0.0354169241062421	0.036386844261025
CLPP	0.00962293000305874	0.757819904610049
CLPTM1	-0.0575457371947178	0.000543323278874677
CLPTM1L	-0.00316196211417313	0.950963022724667
CLPX	0.0291086866577976	0.30285168908845
CLSTN1	0.0583334239287596	0.0430068965718279
CLSTN2	0.0940118783252291	0.001987121071661
CLSTN3	0.0557032271035648	0.00769772419212289
CLTA	-0.0374920185539975	0.317420948107918
CLTB	0.19319109235551	0.699985429490004
CLTC	-0.014429111572156	0.48249227197157
CLU	0.101092211417374	0.00233097784938008
CLUH	-0.0311349867659599	0.06424362695006
CLVS1	-0.00336695640248916	0.892866832038634
CLVS2	0.0160366444766152	0.409968885001467
CLYBL	-0.0515468771736248	0.55376783591648
CMAS	0.0179387331420179	0.458272014060795
CMBL	0.0491364174738982	0.0252391275332333
CMC1	-0.0457408814627185	0.267528270224601
CMC2	-0.0418865313634236	0.288335787223722
CMC4	0.0343630288511796	0.445622047553924
CMIP	-0.0450130173962201	0.0821984931063402
CMPK1	-0.0122189760901266	0.758368942395707
CMPK2	0.0259934857116323	0.363060169154476
CMTM4	0.0666104526440535	0.042581287197416
CMTM5	-0.0141909606447411	0.856982084100502
CMTR1	0.0731837080226744	0.0473357162660243
CNBP	0.0682951341830917	0.23230827343749
CNDP1	-0.0642785686799204	0.417221401116429
CNDP2	0.0268187416469293	0.396578347158296
CNIH3	-0.019703103539201	0.750439252687802
CNKSR2	0.00830475045608292	0.815460669576816
CNKSR3	-0.0563247213249937	0.133245374518142
CNN1	-0.369780413654857	0.0141033801284142
CNN2	-0.13116497404177	0.0127051947641742
CNN3	-0.00949601415640358	0.879305810527348
CNNM1	0.0102006113556096	0.666390695365035
CNNM2	-0.026957249118026	0.0672100104856296
CNNM3	0.0621947289333076	0.00565401465236743
CNNM4	-0.0372936128895841	0.151881879657713
CNOT1	0.0135683951301708	0.396578347158296
CNOT10	-0.0154601000935744	0.468578214183472
CNOT11	0.0100822356348012	0.710536208455992
CNOT12	0.00884656274515497	0.731013647730162
CNOT2	0.0128867774616916	0.711381572032543
CNOT3	0.00457415498692415	0.869046806956961
CNOT4	-0.0109170012293803	0.485378185531378
CNOT6L	0.0525729172594488	0.162852014018568
CNOT7	0.0112889433633427	0.707856116724666
CNOT8	0.0579085298136461	0.333717064691219
CNOT9	0.00302585842136636	0.918216085509102
CNP	-0.0712125990473567	0.467025206568592
CNPY2	0.00665821379561873	0.776285447916039
CNPY3	-0.00565692691193044	0.8751900463202
CNPY4	0.00650498931920406	0.850203728563836
CNR1	-0.0133866725553333	0.754396703253433
CNRIP1	-0.0162554551454399	0.591722967862355
CNST	0.0752708833989353	0.000502673952344581
CNTFR	0.0540323091459516	0.141288021831834
CNTN1	-0.0203465786709039	0.162684990206685
CNTN2	0.009004383794079	0.83874022980019
CNTN3	0.0233339273211193	0.504353088914663
CNTN4	0.00375835026909947	0.92368619823207
CNTN5	0.021412053984512	0.521712985235842
CNTN6	9.92253421811529e-05	0.998669283610203
CNTNAP1	-0.00940216606974399	0.819978024494211
CNTNAP2	-0.0171860922387587	0.466579534629178
CNTNAP3	0.0509768921098094	0.381417400447661
CNTNAP4	-0.0124666387399235	0.813722010756554
CNTNAP5	-0.00846660912402855	0.778633537964916
COA1	-0.0571313797895686	0.0199409590685718
COA3	-0.0211624480333384	0.457923371428124
COA4	-0.00273637913662084	0.966978343554807
COA5	0.0294366768764139	0.287604340006522
COA6	-0.0455602617763057	0.115488078010947
COA7	-0.0913530675700186	0.00809959736280749
COASY	0.0221374564146259	0.253747348700322
COBL	0.0116675964772741	0.741795517723125
COBLL1	-0.0136224200878054	0.660900178105935
COG1	-0.047535123553794	0.0365199392350135
COG2	-0.0100884437820764	0.597742194713565
COG3	-0.034986521590423	0.0476991125171109
COG4	-0.0384267187001483	0.014333095848587
COG5	-0.0347921712795766	0.061921751619383
COG6	-0.0389911614494797	0.00689798808423792
COG7	-0.0346129414809162	0.0644782372706522
COG8	-0.00858588688020759	0.806321892114592
COIL	0.0336651000322116	0.505130600003478
COL11A1	0.319823478620984	0.0176579720346695
COL12A1	-0.0743855845014202	0.470898856312462
COL14A1	-0.191130325261469	0.0216949445923073
COL18A1	-0.0443921117176677	0.436943579747067
COL1A1	-0.27538864455694	0.176225330303081
COL1A2	-0.291188901905649	0.153512194766674
COL23A1	-0.419505849500515	0.0705053474436892
COL25A1	1.29697867925623	4.69921157802561e-07
COL26A1	0.00412590430621468	0.961528508868999
COL2A1	-0.279904836471744	0.0861625376750935
COL3A1	-0.265681099456461	0.0588579639228848
COL4A1	-0.00291531102485519	0.970897230415574
COL4A2	0.000818614971121012	0.990813226934816
COL5A2	-0.238487239354746	0.0724255171087707
COL6A1	-0.0633172808256814	0.532893722969207
COL6A2	-0.081630126152979	0.480785993533058
COL6A3	-0.110816253663579	0.44830798571084
COL6A6	-0.234473187520405	0.0464694772292733
COLEC12	-0.0255693686391734	0.612700273372388
COLGALT1	0.000347766859176785	0.993664205699302
COLGALT2	0.0509969607520939	0.115870782809485
COMMD1	0.013127960462522	0.677231072562479
COMMD10	0.00832932908644564	0.623243240536042
COMMD2	0.0269685237368614	0.217042635245064
COMMD3-BMI1	-0.0207273436376813	0.299170140518663
COMMD4	-0.00513365112293168	0.868394335234805
COMMD5	0.0116938159869682	0.608406255026314
COMMD6	-0.028563454492894	0.221187263883497
COMMD7	0.0315657725946178	0.19787108480804
COMMD8	0.00408610887061556	0.862470247641551
COMMD9	-0.0216698569594558	0.468862291276933
COMT	-0.0190136393126754	0.722899391202473
COMTD1	0.0279740234395734	0.360397318605528
COPA	0.00170986125197525	0.928325900977394
COPB1	-0.0136065496240384	0.328138207095859
COPB2	0.00109968571475491	0.94592412229711
COPE	-0.0164511515922106	0.526711270019478
COPG1	-0.00186406923453478	0.925329249030148
COPG2	-0.0252424498795063	0.277056212345107
COPRS	0.0414361203880239	0.290578677977005
COPS2	0.020180839642013	0.23230827343749
COPS3	-0.0429046338688703	0.048754087656867
COPS4	0.0020639984132222	0.891212251860267
COPS5	-0.0256827446709559	0.111766595920534
COPS6	-0.00206768539387964	0.92774817013816
COPS7A	-0.0153090166830942	0.161918571713104
COPS7B	0.0356340207816659	0.0531746489936886
COPS8	0.00387263725009517	0.805284576365222
COPZ1	0.000347500344901719	0.987859407358092
COQ10A	-0.00236121934238961	0.95836615559205
COQ10B	0.0109522067947462	0.795091892407879
COQ3	-0.0221795287408502	0.588507204778759
COQ5	-0.00471118515244641	0.895990389717157
COQ6	0.01803842368989	0.699371292855958
COQ7	-0.00345190778511358	0.942434253062632
COQ8A	0.0174265754129741	0.674295453401447
COQ8B	0.0268138953064088	0.778633537964916
COQ9	-0.0340789719667464	0.21313515572516
CORO1A	-0.0686235521545277	0.0515426222283272
CORO1B	-0.00262662850857127	0.935662707070106
CORO1C	0.00566588035609858	0.825150231670364
CORO2A	-0.00082905802055265	0.982243163870789
CORO2B	-0.0453909397882012	0.0153064986498561
CORO6	-0.0505769837111979	0.156713609074094
CORO7	-0.0237530355653937	0.176225330303081
CORT	-0.0963606155383572	0.256286070233388
COTL1	0.046023843841204	0.161918571713104
COX11	-0.0131068485513664	0.738918395290523
COX14	0.0541002088850788	0.305609669787306
COX15	0.0237837364753125	0.270530187994179
COX17	0.0279747372879666	0.629408560741237
COX18	-0.0153055082400452	0.666390695365035
COX19	-0.0477203375058929	0.113245583366643
COX20	0.0237712370413775	0.495368411334998
COX4I1	-0.0504603096659383	0.0451293472107533
COX5A	-0.0371769738002683	0.205239393443179
COX5B	-0.0449102482498728	0.0832347399449707
COX6A1	0.0434384284037592	0.483655368734967
COX6B1	-0.0187681103384457	0.506158001863352
COX6C	-0.028501059316996	0.345399734417997
COX7A1	-0.00862620649401014	0.927330524856978
COX7A2	0.0608069705274783	0.340254428669227
COX7A2L	-0.0406585875380176	0.0902954902962774
COX7B	0.0179051486160908	0.750439252687802
COX7C	-0.00772265231719385	0.852063688968159
COXFA4	-0.0574920056472486	0.052747275450091
COXFA4L2	-0.0259973339923559	0.568508874457207
CP	-0.00994354506189241	0.928173042783963
CPD	-0.0247068285129713	0.302326902102101
CPE	0.115912637104159	6.2994455968489e-05
CPEB2	0.0142242164467357	0.664651184955057
CPEB3	0.0059710920218822	0.792871878869801
CPEB4	-0.000523164086971957	0.988299923759334
CPLX1	-0.137152894075168	0.00173069023747038
CPLX2	-0.0377974051280576	0.304498699711871
CPLX3	-0.112557441699378	0.0165623644772351
CPM	0.0177167888569403	0.836860958868648
CPN2	0.0300277822650121	0.729765763370188
CPNE1	0.0117604574319664	0.898034242444209
CPNE2	-0.0112986390408611	0.694262351231106
CPNE3	0.0466970471762989	0.0700241189949186
CPNE4	-0.0757020683405795	0.00269079160271283
CPNE5	-0.0085259580696736	0.866129434500961
CPNE6	0.0748728684593036	0.0135771189851671
CPNE7	-0.00323463602323897	0.95836615559205
CPNE8	0.0342335523723858	0.224535661031627
CPNE9	-0.0719586910337642	0.0261833500514874
CPOX	-0.026346975599866	0.4606944606476
CPPED1	-0.0151470765714897	0.761032860554088
CPQ	-0.0353914871373736	0.473333403037445
CPS1	0.0331752860463852	0.254803785508277
CPSF1	0.0358834174802731	0.210684384283244
CPSF2	0.0139646394077888	0.725322766235303
CPSF3	0.0371615494590712	0.318554600272505
CPSF4	0.0645844988350673	0.0930444657373664
CPSF6	0.0210177165999266	0.638121378071964
CPSF7	0.0350679687500463	0.221716988851503
CPT1A	-0.0668704375934611	0.0210813605027958
CPT1C	0.00441145126528	0.896907439250138
CPT2	-0.0242336690616834	0.587693778950308
CPTP	-0.0550925758708244	0.0209587368256484
CPVL	0.076991432892258	0.417316008316027
CRABP1	0.0617874764509022	0.374505959011636
CRABP2	-0.00735677859919071	0.913847645339124
CRACD	0.0206106977745374	0.437808768264891
CRACDL	-0.0355173092804587	0.304328493488192
CRAT	-0.00305614098273273	0.929261499547783
CRBN	-0.0533530293801374	0.00916127062223733
CREB1	0.0362080799909378	0.521176376842218
CREBBP	0.0331668475691594	0.30740438276756
CREG2	-0.0773040007960732	0.0245486943062263
CRELD1	-0.0694696107883056	0.0213147772108875
CRELD2	-0.0892737434321729	0.0433753581713505
CRH	-0.0913966161562388	0.202016475803933
CRHBP	-0.0260541863673929	0.517249721660907
CRIM1	0.0661722967662271	0.223200355002208
CRIP1	-0.0917724776165428	0.295657895937297
CRIP2	-0.0853232382089811	0.030236967672237
CRK	0.0356143151714586	0.0274320610568989
CRKL	0.0289247572805397	0.0941714233019188
CRLF1	0.093345402750406	0.103875889924533
CRLF3	0.055400526717206	0.157524017497703
CRMP1	0.0604841999239239	0.0980728056751078
CRNKL1	0.0451296104012336	0.199691527174642
CROCC	0.110386724626994	0.00486795284842214
CROT	-0.0426898930507162	0.157541728700871
CRP	0.0182771934879433	0.948104516632389
CRPPA	0.0306443105594512	0.127381831254338
CRTAC1	0.00792108029586211	0.811795056750099
CRTC1	0.0479530259461883	0.159315072103224
CRTC2	0.064788783711573	0.252323526748352
CRTC3	-0.00801079921284339	0.944408449706723
CRYAB	0.0143282398184416	0.89868131168325
CRYBG3	-0.0362932741822849	0.473572867906666
CRYL1	0.0400730612935396	0.274399441526706
CRYM	-0.0250461400952199	0.5471797536097
CRYZ	0.0867240045720519	0.253483015194782
CRYZL1	-0.0104083096397253	0.606745744660005
CS	-0.0504967784178961	0.0249261612886934
CSAD	0.0417664442510191	0.200842599359931
CSDC2	-0.0208685639490979	0.76327831256438
CSDE1	-0.0202674086105321	0.142164707630684
CSE1L	-0.0349207377178208	0.0675037636337238
CSGALNACT1	0.0603352805428043	0.246123933622399
CSK	0.0523158265784727	0.000259552620409305
CSMD1	-0.00574336112564736	0.813975922938708
CSMD2	-0.0355435804221308	0.0330809695995806
CSMD3	0.0092995787402073	0.816872783641301
CSNK1A1	0.0169345743882024	0.256822605599669
CSNK1D	0.0802546857348382	0.00388951303619465
CSNK1E	0.0492984493359556	0.00339141704891988
CSNK1G1	0.0408776334239639	0.199691527174642
CSNK1G2	0.0182833831281743	0.796742210431181
CSNK1G3	-0.00458807493301927	0.788144471410291
CSNK2A1	-0.0262029015871394	0.11916753620969
CSNK2A2	-0.0233290949525905	0.106248591520014
CSNK2B	-0.0358791341569591	0.032969506674932
CSPG4	-0.0246036360433317	0.425508783612937
CSPG5	-0.0776481524134901	0.0310706071093559
CSRP1	0.172047943732386	0.0552459953524956
CSRP2	-0.0778212209929558	0.0913736228127553
CST3	-0.0404986690692597	0.404718905184119
CSTA	0.0294920027548897	0.820859276474539
CSTB	0.0635079499170354	0.00284281507376149
CSTF1	0.0131906395468136	0.673966459894774
CSTF2	0.0254596175721531	0.433429615657713
CSTF2T	0.0114621405491135	0.76327831256438
CSTF3	0.0394816487463807	0.12878233684649
CSTPP1	0.027663838482888	0.524475002447133
CTBP1	-0.00865108212456685	0.711220451224393
CTBP2	0.0131495449789801	0.732893568706848
CTBS	-0.0107330136755517	0.886781989090956
CTCF	0.0679079193636804	0.160852185757969
CTDNEP1	-0.0473154588362598	0.207111273046146
CTDP1	-0.00555294090583933	0.907074319787115
CTDSP1	0.0404539288979724	0.379946527282658
CTDSPL2	0.00256814911575702	0.983276909967146
CTH	-0.0595668828202349	0.025722195316168
CTHRC1	1.00497917550832	7.54640781025308e-18
CTIF	-0.0212155986876967	0.721687812191651
CTNNA1	-0.0170708580924811	0.615839980508611
CTNNA2	-0.0331841419957024	0.134284082416394
CTNNA3	-0.0194831501331021	0.838891160317754
CTNNAL1	0.102473074019672	0.284243407229144
CTNNB1	-0.0408177847090228	0.0155269385804591
CTNNBIP1	0.010801344544511	0.802893909048508
CTNNBL1	0.00221509886629766	0.964556906662267
CTNND1	-0.0671877396156292	0.00127464563920005
CTNND2	0.0245401848358093	0.864410271150479
CTPS1	0.00525328898544919	0.883135448256194
CTPS2	0.0368450874141173	0.0943044522984854
CTR9	-0.0138103186556591	0.762670547357518
CTSA	-0.0145255475355724	0.679523645314509
CTSB	0.00498602128289841	0.90388128690161
CTSC	-0.020659471391429	0.812169513308267
CTSD	0.0308638248003231	0.234292450996493
CTSF	0.0404662922953331	0.218286813673286
CTSG	-0.0596773217236246	0.614415966393153
CTSH	0.0246721394691233	0.751423187848479
CTSL	-0.0197890753205866	0.695005072726787
CTSZ	0.0611175862789476	0.0996555074423325
CTTN	-0.0161654590951198	0.539842602116164
CTTNBP2	-0.0272955957899496	0.0399632288382418
CTTNBP2NL	-0.00811721033526205	0.773437124844986
CTU2	0.0722026954967147	0.0601715160143742
CUEDC1	-0.000656527162965714	0.993664205699302
CUEDC2	0.00827948248045324	0.883135448256194
CUL1	0.00855692369535224	0.557311200167994
CUL2	-0.0395490598572318	0.018819260195892
CUL3	-0.0290821768260532	0.0184789916982553
CUL4A	-0.0057244257839163	0.791340311941771
CUL4B	0.0159550142209592	0.357184755020288
CUL5	-0.00277377509698415	0.869046806956961
CUL7	0.0491264965279985	0.376471761685074
CUL9	0.0081452785753216	0.803015036194653
CUTA	-0.0204553228371144	0.567650224583462
CUTC	-0.000918984907502973	0.978702942653821
CUX1	-0.0338940768192826	0.554397923945988
CWC15	0.0664314309363646	0.101816471064431
CWC22	-0.0243385982083196	0.665886466127511
CWC27	-0.00359324253653988	0.932195932012665
CWF19L1	0.0148859713741441	0.717280852230993
CXADR	-0.0406688198147802	0.165648166130394
CXCL14	0.0629409967971152	0.245380398605617
CXorf38	0.00360202928964861	0.93633769926298
CYB561	0.0127019662916165	0.831793682006943
CYB5A	0.0344692158467463	0.290624746353558
CYB5B	0.0233220045972217	0.60010856838962
CYB5R1	-0.068533029381079	0.0114009170708037
CYB5R2	-0.0409306018930224	0.555727330049289
CYB5R3	0.0140762688800298	0.564680807108032
CYBA	0.0798404717561104	0.156247173163386
CYBB	0.0340630705484101	0.470742021807705
CYBC1	-0.0669370681148364	0.0190556219279111
CYBRD1	-0.0211447659532748	0.766255159300894
CYC1	-0.0426924185101086	0.0190556219279111
CYCS	-0.0256638748051613	0.522223458156804
CYFIP1	-0.01003825929015	0.683114728872101
CYFIP2	-0.0455346386893754	0.0169676650069585
CYGB	0.0612810846760825	0.0724698203594038
CYLD	0.00502989897602655	0.813373078891732
CYP20A1	-0.0546088629356352	0.236218838859026
CYP27A1	-0.023515138195686	0.61595663001629
CYP2J2	0.0679708026037072	0.549910750015983
CYP2U1	0.0137990446902183	0.799899322067742
CYP46A1	-0.0364093327219788	0.293089986629391
CYP4F11	0.0613777246055086	0.181652277932076
CYP4X1	-0.0323414269850722	0.241650101021289
CYP51A1	-0.096536825520855	0.0596617463116164
CYP7B1	-0.0582237240655439	0.289222444578116
CYRIA	-0.081552868886843	0.000663043470482426
CYRIB	-0.059675868024704	0.000337524301628733
CYSTM1	-0.0558742434949822	0.129548198600472
CYTH1	0.0303354583101967	0.0700241189949186
CYTH2	-0.0303697579491894	0.0984010642655401
CYTH3	-0.00420079010904581	0.881503822728242
CZIB	0.0399222713352856	0.213143496070232
D2HGDH	-0.0882287168823866	0.160101921438616
DAAM1	0.0128961178475798	0.469665577987865
DAAM2	-0.0139750688819194	0.830878804510347
DAB1	0.00155296345424349	0.978702942653821
DAB2IP	0.00735616680060576	0.787578402225216
DACT3	-0.0401787347354959	0.213308216163335
DAD1	0.0347367094720522	0.318558955763529
DAG1	0.0417675835743207	0.00569152757959596
DAGLA	-0.0027695538969614	0.938468864047859
DAGLB	0.0283509285705961	0.444094755141081
DAP	0.0328597992230519	0.494430888074313
DAP3	-0.0850880296379219	0.0221092141807242
DAPK1	0.0597641646986939	0.00538638817371955
DAPK3	0.0231298053717805	0.318543694475033
DARS1	-0.00240230738215543	0.899953880938627
DARS2	0.02051584236429	0.552764624581647
DAZAP1	-0.00112743722812103	0.974523970392746
DBI	0.138289039543066	0.0029551699307058
DBN1	-0.0182265953728554	0.465835011462779
DBNDD1	0.0633186395490548	0.446609475033779
DBNL	-0.0346624142504943	0.102082344465564
DBR1	0.0382208677980833	0.29426124943177
DBT	-0.0867563922065801	2.84093198281855e-05
DCAF1	0.040517896764562	0.137604884764025
DCAF10	-0.0159219628723453	0.882246699231211
DCAF11	-0.0108907820744463	0.713286606026347
DCAF13	0.161327828362521	0.144871487036546
DCAF5	0.0667726398810136	0.219707891194742
DCAF6	0.00402939679585293	0.902027664439314
DCAF7	0.0115632609804962	0.444094755141081
DCAF8	-0.0342004874185172	0.0561627592670401
DCAKD	-0.00511179992039561	0.87683467705856
DCC	-0.0106731525114327	0.74536011737398
DCD	0.0158579767326568	0.926969161387966
DCHS1	-0.0122192552914194	0.917897035215973
DCK	-0.0516904924716832	0.0558529865668182
DCLK1	0.0779456591903646	0.127875763865244
DCLK2	0.0622840734904314	0.295161928588599
DCN	-0.14199722630163	0.0681439907185342
DCP1A	-0.0135232744769526	0.737441661405646
DCP1B	0.00189858600344084	0.968834747695136
DCP2	0.0528624658634608	0.279380136536938
DCPH1	0.0179045664550251	0.440212765154514
DCPS	0.0774520190131616	0.0285827313021518
DCTD	0.0144628649552883	0.655203495249364
DCTN1	-0.00408345236414581	0.810254694952286
DCTN2	-0.00239150865986444	0.912490299138209
DCTN3	0.000984512386766084	0.962603980984965
DCTN4	0.00145791960263342	0.946384352100515
DCTN5	0.00258124990475672	0.889622156760948
DCTN6	-0.0303281975450571	0.36320789014555
DCTPP1	-0.0651971942847413	0.420972895749697
DCUN1D1	-0.00950060030093065	0.621112289442065
DCUN1D2	0.0238630062179051	0.648375751276922
DCUN1D3	0.00464070391166546	0.881097628707141
DCUN1D4	0.032754925438268	0.36513560120551
DCUN1D5	0.0421784141274891	0.285530161748064
DCX	-0.0719598326383658	0.0567396996502302
DCXR	-0.0121296280395693	0.679523645314509
DDA1	-0.0249498409379825	0.5965771219153
DDAH1	0.0109748955272918	0.628579824881543
DDAH2	0.06946921309898	0.0319068802990214
DDB1	-0.00380863725846575	0.799899322067742
DDHD1	-0.0271488278541674	0.139388160374712
DDHD2	0.00779258233947808	0.554257590405176
DDI2	0.0374437130275402	0.0714356428623004
DDN	-0.188202893559058	0.0384727998809543
DDOST	-0.0156696737843739	0.353280918523061
DDR1	-0.00060939398735544	0.986712592587214
DDRGK1	0.0196857033427132	0.362520689408668
DDT	-0.0179247629922403	0.800500990546591
DDX1	0.0313236722091721	0.122471017906958
DDX10	-0.00675184439242195	0.948104516632389
DDX17	0.0361584528079161	0.262190957680161
DDX18	-0.0147700694607444	0.627484753602316
DDX19A	-0.00750811072942066	0.606512876666944
DDX19B	0.0673634912308872	0.0698449814534072
DDX20	0.0310040767547999	0.401384113087504
DDX21	-0.0237532868533067	0.415294242626764
DDX23	0.0290392298416885	0.256206047457076
DDX24	0.0260617544304372	0.614415966393153
DDX25	-0.0261616130410855	0.545094938175976
DDX27	0.0566607329399039	0.052181373545558
DDX28	0.0174875231855808	0.879562136000748
DDX39A	0.100102301908719	0.0413638454968465
DDX39B	0.0169082900464362	0.618972113705243
DDX3X	0.0262116563285028	0.10123748290328
DDX3Y	0.0952997959228568	0.626219275081005
DDX41	0.0556544404897152	0.476715428134632
DDX42	0.0204575937411326	0.355969981318512
DDX46	0.0401221467149382	0.0837062259507076
DDX47	0.00972757522943048	0.917564408020689
DDX5	0.0388456563862724	0.302307251518105
DDX50	0.0506663101748069	0.116514917448075
DDX51	0.00938047994683949	0.87356988922102
DDX54	0.0552147015066836	0.277364874480195
DDX56	0.0473197407099487	0.357026194617285
DDX6	0.00225575240910414	0.94187002047507
DDX60	0.0317159208129466	0.84290875667996
DECR1	-0.0502314257268524	0.141324479690744
DECR2	-0.00830295225054757	0.862228019690323
DEF8	0.0153058909594457	0.750439252687802
DEFA1	0.00209767760870616	0.989859269283413
DEGS1	0.0779010854825676	0.0855357008176361
DEK	0.105310028604312	0.0351472196890753
DENND10	0.0174823700894902	0.460817802886939
DENND11	0.0106470830955101	0.80243313341764
DENND1A	-0.0257443093970646	0.145213168738839
DENND2B	-0.0064350666078186	0.898034242444209
DENND3	-0.0398533581589906	0.616103784887662
DENND4A	0.045868738718788	0.259670344370703
DENND4B	-0.0195872256037915	0.28476739840256
DENND4C	0.0161468100660518	0.467963119585464
DENND5A	-0.0261091565569823	0.403612565971539
DENND5B	0.00890849404540478	0.905695417982186
DENND6B	-0.0307071195957344	0.416729743961335
DENR	-0.0256706214878	0.176193903794316
DEPDC5	0.0133453505160974	0.512604019819921
DEPTOR	0.0275070854101247	0.509549383332553
DERA	0.0535398737984006	0.191151592328651
DERL1	0.0453334819390694	0.533545667753358
DERPC	-0.0274279873337073	0.669297729293424
DES	0.00706736900248583	0.976006567758206
DESI1	-0.0876688831122998	0.0275439082657851
DFFA	0.00648148852974398	0.823415543633254
DGAT1	0.0263563473828899	0.620437523804196
DGCR2	0.0417327524944173	0.347081754910564
DGKA	0.0202883971724871	0.410845016409299
DGKB	0.00371924700835091	0.962603980984965
DGKD	-0.0218349449683594	0.705894550447247
DGKE	-0.00288172347510551	0.934295162584948
DGKG	0.137808989146082	3.78131291419236e-05
DGKH	-0.0444588090578248	0.0644198488666941
DGKI	-0.0465545506664918	0.0485614098029237
DGKQ	-0.0208884376510974	0.586916909302695
DGKZ	-0.26891748828041	0.0894724402542148
DGLUCY	-0.0141633139714666	0.948127589538005
DGUOK	-0.0258373042705129	0.423266660062844
DHCR24	-0.0640632061813369	0.437840477353149
DHCR7	0.0422827267504305	0.426572269192441
DHODH	0.0319278423946175	0.343961123707124
DHPS	-0.0228187820680365	0.797647217767638
DHRS1	-0.0439101396125839	0.537804828877284
DHRS11	0.0130616300320221	0.706719751621468
DHRS13	0.055441664401404	0.0812093379427162
DHRS4	-0.0292964440766723	0.665886466127511
DHRS7	-0.0394886289146154	0.112115245054093
DHRS7B	-0.0846960426398519	0.000318285067572802
DHTKD1	-0.00765765470440763	0.936420134078482
DHX15	0.0699168130299847	0.0209859965096917
DHX16	0.0137617944581082	0.771273396885089
DHX29	0.0200082128644749	0.213570513628017
DHX30	0.0226935904938484	0.352081279893378
DHX36	0.0453794041813872	0.0539795329794962
DHX38	0.0567721344653211	0.208161238311286
DHX57	0.119458888699104	0.0596707701940157
DHX8	0.0209602488185859	0.765467337192352
DHX9	0.0314172955614779	0.246952412358951
DIABLO	-0.0535094690704917	0.028863917106725
DIAPH1	0.0310104288191124	0.107331934478733
DIAPH2	-0.00371892366271476	0.92553022747327
DICER1	-0.0388467801883943	0.465590897100826
DIDO1	0.0276088391398184	0.636653828927606
DIMT1	-0.0643889761250006	0.141324479690744
DIP2A	0.020195252177358	0.265139116981671
DIP2B	-0.0165972969905364	0.420506320152525
DIP2C	0.0169729785082014	0.691354720791267
DIPK1A	-0.00992136302500463	0.786546376524962
DIPK2A	0.0559133638445022	0.212171581479884
DIRAS1	-0.100946386619667	3.78131291419236e-05
DIRAS2	-0.0557643107479941	0.0245486943062263
DIS3	0.0317154302945388	0.308136870668884
DIS3L2	-0.020564451267971	0.222170550720972
DISC1	-0.0368348262609675	0.715541154749328
DISP2	0.043538688225806	0.270264219645993
DIXDC1	0.0174655747374082	0.551828160391155
DKC1	0.0197130809616112	0.43887200999942
DKK3	0.0823116685077572	0.0744614945995677
DLAT	-0.0447413132581173	0.0185518517201843
DLC1	-0.0723351907663487	0.0745879148953541
DLD	-0.0422910923504396	0.0413521102962572
DLG1	-0.0712808962897948	0.0249894770550474
DLG2	0.0547564143348938	0.257483468199788
DLG3	-0.0397389533840937	0.0170062810374885
DLG4	-0.0325569505852179	0.153251122930347
DLG5	0.0226600572393181	0.766255159300894
DLGAP1	-0.046230830764886	0.317326038249856
DLGAP2	-0.0487483764950457	0.125790325626922
DLGAP3	-0.021910468497003	0.44512365015882
DLGAP4	-0.0893023671550975	0.197940460794018
DLST	-0.0275223784104845	0.134284082416394
DMAC2	-0.0292695226256492	0.736610261480779
DMAC2L	-0.0226268174175254	0.465590897100826
DMAP1	-0.00148049365673473	0.973026061819791
DMD	0.0273818648972221	0.169900293305455
DMTN	-0.0366571643395167	0.18446968302864
DMWD	0.00428053510126708	0.894059219196007
DMXL1	-0.00236290991017207	0.892841399127274
DMXL2	-0.020405922816997	0.257575557727924
DNAAF5	-0.0302943462315705	0.64010897196944
DNAAF9	0.0475789678494705	0.587190066291477
DNAH10	-0.104733699225252	0.461240271893572
DNAH2	0.276797325563859	0.0331771051278157
DNAH9	-0.0548602795269213	0.423840713818486
DNAJA1	0.0320872274103141	0.278213523659983
DNAJA2	0.00721328551664063	0.713900996382265
DNAJA3	0.0139859136489885	0.404718905184119
DNAJA4	0.014411170273239	0.664831081986439
DNAJB1	0.0228229364755521	0.221574472760274
DNAJB11	-0.056117993541906	0.00201228036745129
DNAJB12	-0.00877404591133632	0.719877836366671
DNAJB14	-0.016139260404077	0.422829877514256
DNAJB2	0.0327850573199343	0.132064619921522
DNAJB4	-0.038591995250759	0.0720846668173451
DNAJB6	0.0239366574793821	0.170557077406803
DNAJC10	-0.0208163967367597	0.296738411422681
DNAJC11	-0.023265270933896	0.141324479690744
DNAJC12	0.0574070364222957	0.240927896818098
DNAJC13	0.0047034106747739	0.860230420478337
DNAJC16	0.00724547902444839	0.813810943112093
DNAJC17	-0.0199941386549273	0.732495276818434
DNAJC19	-0.0360145907411599	0.218559845576812
DNAJC2	0.00742798957382521	0.806403162146345
DNAJC21	0.0368499234690827	0.466560759567812
DNAJC27	-0.00411154671475622	0.947098165925792
DNAJC28	-0.0733676166023191	0.453258719669301
DNAJC3	-0.0521912314367795	0.000990397386244344
DNAJC30	-0.0225182639168623	0.539193211915746
DNAJC5	0.0112245835228693	0.722305833140146
DNAJC6	-0.0411172900075731	0.0297474072501064
DNAJC7	-0.0190972390955422	0.372085996303652
DNAJC8	0.0311259287619542	0.356700760895172
DNAJC9	0.0438662377556606	0.360397318605528
DNAL1	-0.0267612084717473	0.190178282459553
DNAL4	-0.068405873074417	0.0341508297621189
DNASE1L1	-0.0136426503552342	0.819630434879885
DNASE2	0.0416978921036829	0.312288490401921
DNER	0.0724489069068817	0.0528356747932819
DNLZ	0.00258346113160268	0.959721423135434
DNM1	-0.103174864812889	0.0584093682660384
DNM1L	-0.0677663235777251	0.0444406318777864
DNM2	-0.0197053018435023	0.553699892519034
DNM3	-0.0381322333077249	0.00793351025994044
DNMBP	-0.00913204979066218	0.903539713179028
DNMT1	0.110648721768215	0.00448307665772709
DNPEP	-0.0369666428753833	0.515572799416625
DNPH1	0.0422028878292643	0.0610726418973923
DNTTIP1	0.0587847138767974	0.560680245995595
DNTTIP2	0.0153556846020197	0.785537941491251
DOC2A	-0.00157695504039163	0.965330669919383
DOCK1	-0.0144169482185648	0.708929573773028
DOCK10	-0.0173248395316188	0.627283652105728
DOCK11	0.0418031739279204	0.0960956127941939
DOCK2	0.0283316409055501	0.614476010586346
DOCK3	-0.0551942148657555	0.00260910394004474
DOCK4	-0.0545882814959613	0.00522176477558109
DOCK5	0.0114178347566914	0.88717249907141
DOCK6	0.0836693072634743	0.313022331215813
DOCK7	-0.0061356291716967	0.761788626063399
DOCK9	-0.00416618360496399	0.835161310159911
DOHH	0.0325453296231265	0.315837940660714
DOLPP1	0.072860126329057	0.110697740841409
DOP1A	-0.0121598513954562	0.693780826607678
DOP1B	0.0146288435156233	0.649374148208141
DPAGT1	0.0932683990408067	0.0306515866982736
DPCD	0.014266600899929	0.737817574699891
DPF2	0.00923724141872398	0.849250807986503
DPH1	0.00324913843639157	0.95964096882728
DPH2	-0.00444871436934108	0.953286552114604
DPH3	0.0127395676886631	0.875872691293241
DPH5	0.015172106805614	0.500619410766371
DPH6	-0.0173718574790725	0.697165383074478
DPM1	-0.0318866351834386	0.153081771056205
DPM3	-0.0317859307826211	0.216704342388517
DPP10	-0.0139185511049803	0.774678647693607
DPP3	-0.0350211523216852	0.0964958116360156
DPP6	-0.0525346084311227	0.0853278897502618
DPP7	-0.0560620540383251	0.442631324597809
DPP8	-0.0432145250411786	0.0861056306848161
DPP9	0.00794645746419027	0.631755011844969
DPY19L1	0.025996963849051	0.4104489491455
DPY19L3	-0.0104962263910758	0.87203826785492
DPY30	0.00917794674057848	0.948104516632389
DPYS	0.32736942190911	0.363625982357931
DPYSL2	0.0262511773909723	0.165991301347049
DPYSL3	0.0629908337605884	0.0396175975138074
DPYSL4	0.00394951716297982	0.922441307850544
DPYSL5	-0.0190890106680648	0.534283762248348
DR1	0.00731157204001454	0.899258797137287
DRAP1	-0.0483271000509208	0.229637075710421
DRG1	0.0353014512900663	0.164948621411973
DRG2	0.0161106354461929	0.466579534629178
DSC2	0.00922097864080784	0.948104516632389
DSCAML1	0.099275913423261	0.368174808318839
DSP	-0.0761214945777614	0.353280918523061
DST	0.0275090987968791	0.20887086460693
DSTN	-0.0156708117860404	0.487298077503449
DSTYK	0.0177588789843759	0.69754912768388
DTD1	0.00901015959710283	0.834126253315761
DTNA	0.107422473635437	0.313595439856289
DTNB	0.0255830144653051	0.265369737673132
DTNBP1	0.00589462377935335	0.915586109612357
DTX3	-0.00520883345212722	0.898060357791586
DTYMK	0.0377245379340028	0.15614745226969
DUS2	-0.0261783670768623	0.502741280518331
DUSP12	0.0712657508190203	0.211111699359322
DUSP14	0.00587062718410347	0.957696117966014
DUSP19	0.0659688097204391	0.184113563132898
DUSP22	-0.00396562383012306	0.941818385834214
DUSP23	0.0656617639959193	0.203546983072455
DUSP26	-0.0188788530317503	0.771981104515991
DUSP3	-0.0296676840513472	0.120660178784331
DUT	0.0330645326068342	0.122431095603255
DVL1	-0.00475842189281603	0.8751900463202
DVL2	0.0631323988051955	0.265052370817215
DVL3	0.0430708906508042	0.133572771748813
DXO	0.000840527696377463	0.992444076747917
DYM	0.0368015505134444	0.401384113087504
DYNC1H1	-0.0129264697383767	0.487298077503449
DYNC1I1	-0.00166184590362239	0.946779018988335
DYNC1I2	0.00155485999812936	0.969526841406855
DYNC1LI1	-0.0232559157676105	0.253731208062257
DYNC1LI2	-0.00171292259911415	0.950502402546168
DYNC2H1	0.044620372403401	0.0718114938930486
DYNC2LI1	0.0116473094291552	0.791340311941771
DYNLL1	-0.0327296877603293	0.320145373544646
DYNLL2	-0.0589678792106253	0.0128901853639942
DYNLRB1	-0.0342120348430346	0.211029377247758
DYNLT1	0.000177147285257417	0.997399268702519
DYNLT3	-0.0326275894125399	0.198664600202311
DYRK1A	0.00424232229939144	0.814321367545512
DYRK1B	0.0350089940094234	0.551385746619079
DYSF	0.032908985419808	0.436808784757783
DZIP3	-0.039660927890486	0.39973893158838
E2F4	-3.76261858095889e-05	0.999544927277697
EARS2	0.0380081315289985	0.443085378203041
EBAG9	-0.0294916445552517	0.424734783654585
EBNA1BP2	-0.0025035376147382	0.947098165925792
ECE1	0.072376657254185	0.0226702316202688
ECH1	-0.032983846344504	0.147040899446513
ECHDC1	-0.00903030180332804	0.790678445402382
ECHDC2	-0.00481381120196927	0.92553022747327
ECHS1	-0.0580403797323314	0.0165088956537202
ECI1	-0.028507308026159	0.534283762248348
ECI2	-0.0300676697331555	0.418320050368027
ECM1	-0.053085028539453	0.124416886807827
ECPAS	-0.0449281490475169	0.00254067072030297
ECSIT	0.0295729933943753	0.470898856312462
EDC3	-0.0167700019455018	0.445800254169611
EDC4	0.0305269528422716	0.0597801243599685
EDEM3	0.147481067648795	0.0200365460544411
EDF1	0.0673306033545534	0.0136954072492372
EDIL3	-0.00117691588273738	0.986874552254856
EDNRB	0.0368567305886278	0.509210483543051
EEA1	-0.0342476084544662	0.0128475112439999
EEF1A1	0.0221742050567491	0.551771157419912
EEF1A2	0.0446315876710193	0.00685399468906667
EEF1AKMT1	0.0319223758714989	0.401918008683202
EEF1B2	-0.0193232083431827	0.378983754585993
EEF1D	-0.00200140837289831	0.937197645185531
EEF1E1	-0.016190842759837	0.415753155835069
EEF1G	-0.00175402914646017	0.9509458725714
EEF2	-0.000459354099474965	0.986712592587214
EEF2K	0.173350494579298	0.611575205911324
EEFSEC	0.0233495055886903	0.162852014018568
EEIG1	-0.0573124651967644	0.0399632288382418
EEIG2	-0.0452543035230708	0.126973260392517
EEPD1	0.0420933141338034	0.199547957852359
EFCAB7	0.00716174996489315	0.895990389717157
EFEMP1	-0.00386305350561315	0.959608609508394
EFHD1	-0.0599219360645804	0.463116336552177
EFHD2	-0.00365018471413854	0.927639459906628
EFL1	0.0247349511325062	0.161918571713104
EFNA4-EFNA3	-0.0306656304417348	0.425804529008611
EFNA5	0.0152180545872186	0.748716101892075
EFNB1	0.042856408942686	0.10123748290328
EFNB2	-0.00148401548920763	0.960944290080904
EFNB3	-0.0110946590622276	0.754984530680269
EFR3A	0.0189676444957655	0.364107158840073
EFR3B	-0.0249223382140406	0.145183184220845
EFTUD2	0.0240844191877407	0.285318511798499
EGFL7	-0.0764542870846768	0.359792377451923
EGFR	0.0304835876553716	0.411967301443623
EGLN1	0.0313997514909606	0.123499349176619
EHBP1	0.00178684848289418	0.926371379584646
EHBP1L1	-0.00609962601496697	0.930103043601323
EHD1	0.0457921929349928	0.122625652677728
EHD2	-0.0256102795800583	0.53494934159565
EHD3	-0.00597763187534855	0.850057609305984
EHD4	0.00325062033692516	0.932150855746251
EHHADH	-0.0593534522264556	0.0707775749491611
EI24	-0.0380325926676764	0.252381717364084
EIF1	-0.039440592965758	0.234292450996493
EIF1AD	-0.00335854981207298	0.925329249030148
EIF1AX	0.00503713305305525	0.905745388419742
EIF1AY	-0.156989964578171	0.556459811739734
EIF2A	0.0279508527858683	0.129745503221844
EIF2AK2	0.00360690297676097	0.917433832149491
EIF2AK4	0.0367616298586515	0.159879962273031
EIF2B1	-0.0398072569697365	0.0249484647392685
EIF2B2	0.070323402260524	8.03663926773439e-05
EIF2B3	0.0188506659679567	0.214498133766954
EIF2B4	0.0452403006528327	0.00417000355424013
EIF2B5	0.033794254194234	0.122435557529695
EIF2D	0.00868179545677648	0.833925818961742
EIF2S1	-0.00577917312300585	0.76327831256438
EIF2S2	-0.0335011526258611	0.0755822407180604
EIF2S3	0.000570570736492859	0.974462806702963
EIF3A	0.00405402721727741	0.83531445649437
EIF3B	0.00279554596512629	0.87767394578761
EIF3C	0.000954194204772219	0.948104516632389
EIF3D	0.0161765483138798	0.345691830591518
EIF3E	-0.0152697747525871	0.223272286699375
EIF3F	-0.0331837660464695	0.110697740841409
EIF3G	0.0164038266293825	0.303700605615345
EIF3H	-0.0061953192476488	0.707220736650448
EIF3I	0.00630622164515784	0.735526256160122
EIF3J	-0.0301378282571862	0.064048395073272
EIF3K	-0.0307665477051223	0.0539795329794962
EIF3L	0.00511901367091841	0.679523645314509
EIF3M	-0.0774620180492693	0.0199409590685718
EIF4A1	-0.00567185442527493	0.855490268124843
EIF4A2	0.0058254419857558	0.774970648714234
EIF4A3	0.0386179458664865	0.213322534208501
EIF4B	0.0071218116441214	0.671325950780532
EIF4E	-0.011744312201256	0.517980735591278
EIF4E2	0.0302315836015451	0.135564436570968
EIF4E3	0.042971879732545	0.0616879042153024
EIF4EBP2	-0.00762070282708183	0.870124439694104
EIF4ENIF1	0.0247006040089028	0.369933118240089
EIF4G1	-0.0327801061605475	0.00417000355424013
EIF4G2	-0.011805481059225	0.555727330049289
EIF4G3	-0.0340535919060659	0.0429586679639972
EIF4H	0.0609021141122983	0.113120407693258
EIF5	0.0174425672950048	0.345792790510651
EIF5A	-0.0214460245248419	0.235671908346753
EIF5A2	-0.00816266573896615	0.880556814907992
EIF5B	0.00366662901464955	0.819423132535808
EIF6	-0.00174566711315879	0.948104516632389
EIPR1	0.0164012962443823	0.442921123994824
ELAC2	0.0187210247409982	0.750361026460376
ELANE	-0.00308275034539834	0.987859407358092
ELAPOR1	-0.0238981210445791	0.478245243367773
ELAPOR2	-0.0184104008876576	0.448849774331628
ELAVL1	0.0246786891828234	0.516966354177727
ELAVL2	-0.0267167390139777	0.286924095670009
ELAVL3	-0.00617443565517702	0.910089025922079
ELAVL4	-0.00707160640067979	0.78806198494037
ELFN1	-0.0768560874528184	0.0470778939436854
ELFN2	0.0143294171933642	0.746734310243708
ELMO1	-0.0199806174957012	0.766123890617884
ELMO2	-0.00386163116067342	0.841331880786214
ELMOD1	-0.0582937029880082	0.0230847580416476
ELMOD2	-0.0120397890101032	0.617678605898042
ELOA	0.0416635985568771	0.309949263405652
ELOB	-0.0150619998694192	0.361121195514081
ELOC	-0.0333497070821328	0.129282015005407
ELOF1	0.0481360122889818	0.37812876015566
ELOVL1	-0.0633272671725258	0.336045226193323
ELOVL4	-0.00884069480219479	0.883135448256194
ELP1	0.00679116117080607	0.810573937571951
ELP2	-0.00681401122046298	0.811530837859912
ELP3	0.0115866673990879	0.68287899520254
ELP4	0.034657687974676	0.304328493488192
ELP5	0.0628442937889312	0.184799026578829
ELP6	0.0261646194915649	0.213570513628017
EMB	-0.0155440983170755	0.750161818381963
EMC1	0.0214725079247279	0.0645059643511299
EMC10	-0.0113036394954437	0.571367899326051
EMC2	0.0148257389058075	0.348147867916086
EMC3	-0.000128382884266143	0.997399268702519
EMC4	0.00641092393418041	0.813810943112093
EMC6	0.00459897499753997	0.902911335882589
EMC7	0.0123499713299078	0.51512378638844
EMC8	-0.0157795550506233	0.329446753242666
EMC9	0.0326568690103352	0.430253063313671
EMD	-0.0123057643523265	0.470569369751651
EMG1	0.0107219719736763	0.840955369540087
EMILIN1	0.0657780966710924	0.23952125129515
EMILIN2	0.0914900124830001	0.0565602048086042
EMILIN3	0.00767661244484986	0.883135448256194
EML1	-0.0289623195743246	0.195747583820164
EML2	0.0254861230591699	0.550641907468677
EML3	-0.0111198879172202	0.707220736650448
EML4	0.00448305040575564	0.848371319594005
EML5	0.0186141281433695	0.74253500829433
EML6	-0.0442531605076137	0.0755596144944337
ENAH	-0.0556129962946016	0.102927948830191
ENC1	-0.0287934536512807	0.592953365547016
ENDOD1	-0.00851811506306882	0.83874022980019
ENDOG	-0.00378141424164713	0.959608609508394
ENG	-0.024866242844443	0.757819904610049
ENGASE	-0.00605571727834236	0.93821685108963
ENO1	0.053972580954097	0.0246857102835884
ENO2	0.0627887048915276	0.124442505184433
ENO3	0.0709969878678975	0.262228478403494
ENOPH1	0.00628212029064734	0.810573937571951
ENPP2	-0.0504514307305359	0.551863025632479
ENPP4	-0.00852224470414778	0.850057609305984
ENPP6	-0.0758205113236504	0.561347402340966
ENSA	-0.077773817455853	0.00199345153005912
ENTPD1	0.00289622389609209	0.957984005378427
ENTPD2	0.234483399360702	0.000183563917280693
ENTPD3	0.00870004731999088	0.838070255619398
ENTPD5	-0.0162913821101611	0.836083927552817
ENTPD6	-0.0364580315029053	0.407801606036033
ENY2	0.00491055229532228	0.888998893121872
EOGT	0.00186340190336854	0.973352342428786
EP400	0.018755471632201	0.788951314526892
EPB41	0.0757281920247486	0.0981733488881383
EPB41L1	0.0592737311618946	0.410359020312934
EPB41L2	0.0377318946740258	0.675889447822211
EPB41L3	-0.069267470209301	0.0233384902176408
EPB41L4B	0.00744337566534125	0.836860958868648
EPB41L5	-0.00765025119236537	0.838891160317754
EPB42	0.0284952619370681	0.675546475456827
EPDR1	-0.00208672831125478	0.970478461796909
EPG5	0.0130571570518184	0.683916437284472
EPHA3	-0.0295186641189684	0.739983928334921
EPHA4	-0.00327029180850713	0.933918743465911
EPHA5	-0.0318479611894023	0.469665577987865
EPHA6	-0.0715563306566822	0.176524427054549
EPHA7	0.0340396398209943	0.365369938818261
EPHB1	0.0276524131515602	0.478376343170579
EPHB2	-0.0298430612896408	0.156247173163386
EPHB3	-0.0246067126231396	0.262168681177051
EPHB6	-0.0161473176098978	0.558261595112038
EPHX1	0.0663101956391281	0.122947028923685
EPHX2	-0.0209540010917397	0.812169513308267
EPHX4	-0.0608237696027822	0.0479978640970889
EPM2A	0.0321984188316332	0.198862028612559
EPM2AIP1	-0.00497429279026428	0.87767394578761
EPN1	-0.0269053589698307	0.191273304049385
EPN2	-0.0463629411931114	0.0468177226642501
EPN3	0.245292563366879	0.00261201075405406
EPPK1	0.142475632238305	0.369156500858779
EPRS1	-0.0334365334946184	0.0249484647392685
EPS15	-0.019456521013385	0.470150419301955
EPS15L1	-0.0168912084009324	0.274830927398215
EPS8	-0.043224689314628	0.0644782372706522
EPS8L2	0.0616843382864889	0.511785400375717
EPSTI1	0.0105052446121014	0.958304413245666
ERAL1	-0.000627955804740274	0.993417956177395
ERAP1	-0.0374491663056715	0.514026774630372
ERAP2	0.00901110401271932	0.961095103654397
ERBB2	0.102791914940905	0.159799724824442
ERBB4	0.0170774881830335	0.456946061159039
ERBIN	0.0875134418052846	0.00191856113133848
ERC1	0.0427426700912969	0.166267236506696
ERC2	-0.0243222959363805	0.368174808318839
ERCC1	-0.00533526732471501	0.948767309899381
ERCC2	0.00150275442866096	0.976006567758206
ERCC3	0.0237195109089005	0.518426024778446
ERCC4	0.0299843558997965	0.701866674892915
ERCC6L	0.0849480260992697	0.468822820508468
ERG28	0.00986901360254555	0.764121352653501
ERGIC1	-0.0327844641868754	0.195715015394376
ERGIC2	-0.0283083187342016	0.308019612773577
ERGIC3	-0.0322013483178887	0.076065189973845
ERH	-0.00049962037672203	0.992026802905077
ERI3	-0.101423404155574	0.000904906535483113
ERICH3	0.0076391376601273	0.876702056643819
ERICH5	0.0295152718150168	0.545684094593918
ERLEC1	-0.0338156344599269	0.129282015005407
ERLIN1	0.000826829667006368	0.982463969429721
ERLIN2	0.0182079097475717	0.573302172878908
ERMN	-0.0335812198858641	0.758991027928095
ERMP1	-0.0221425433041777	0.533986000521722
ERO1A	-0.0456618106727451	0.00252166826621946
ERP29	-0.0319134685611941	0.151362398179177
ERP44	-0.0130353308157006	0.358092035217825
ESAM	-0.0149332696600985	0.693502128995291
ESD	0.0770706057394195	0.000663043470482426
ESS2	-0.00617207205099005	0.909924151756819
ESYT1	0.0355298351018949	0.532918727873039
ESYT2	-0.00852196530629044	0.652126178978749
ETF1	0.0189156593146618	0.221506248866562
ETFA	-0.0231780867552977	0.360503292151346
ETFB	-0.0204239845226299	0.419711721568207
ETFDH	-0.0299467688201469	0.166267236506696
ETFRF1	0.00393722659072948	0.959608609508394
ETHE1	-0.0281123831413533	0.311871923907248
ETNK1	0.0181707255519565	0.574675740331613
ETNPPL	-0.00941817229821251	0.92368619823207
EVI2A	-0.0864293699180292	0.354518814750613
EVI5	0.0218592061163899	0.268806935885041
EVI5L	-0.0327904731556126	0.0128901853639942
EVL	-0.0363018048490176	0.0281195874400385
EWSR1	-0.00408871619293068	0.928325900977394
EXD2	0.023364837138038	0.310325540458044
EXOC1	-0.0275027248899573	0.036946643359125
EXOC2	-0.0088433660601118	0.499925438076158
EXOC3	-0.00770076019914266	0.59121991215511
EXOC4	-0.00761486363633457	0.596643650772184
EXOC5	-0.0207908234557493	0.181382790875904
EXOC6	-0.010300372318417	0.70199210600621
EXOC6B	-0.0025496124678529	0.891212251860267
EXOC7	-0.0255279586262006	0.477445644557882
EXOC8	-0.012556667981996	0.311462855216807
EXOG	0.02112357170604	0.690321321663762
EXOSC1	-0.0279149645916862	0.700124872370085
EXOSC10	0.0466137071063691	0.434075542514742
EXOSC2	0.0348250865442489	0.2093177304184
EXOSC3	-0.0407025951183378	0.327854046156499
EXOSC4	0.0100869271083057	0.830885177590834
EXOSC5	0.0168679888220704	0.697543417384855
EXOSC6	-0.016647958207869	0.787578402225216
EXOSC7	0.0382588339558339	0.253321885019711
EXOSC8	0.0509357097761253	0.163162624779676
EXOSC9	0.0259208216688049	0.554549868887785
EXTL2	-0.0284403861147043	0.41528293357078
EXTL3	-0.00811810837277965	0.855490268124843
EZR	0.0132968026310251	0.677126979063946
F11R	-0.0212047242733738	0.444146749882955
F12	-0.0160977403742938	0.89390850925084
F13A1	0.00493749609612454	0.959608609508394
F2	0.0300689983462481	0.686498892322817
F3	-0.077180800216773	0.0614227394698357
F8A3	0.00563721235401324	0.790678445402382
FAAH	-0.0103283226482914	0.853629962872475
FABP1	0.157216561672357	0.236312742444467
FABP3	-0.0677150194312615	0.0528356747932819
FABP5	0.0151338878551366	0.775800884675998
FABP6	-0.00587225940422326	0.911329184439283
FABP7	0.165632769351158	0.0033840385161208
FADD	0.0341302555553735	0.475242032412725
FADS2	-0.231707460015865	0.000704478858098783
FADS3	-0.015795493591284	0.802973726130923
FAF1	-0.0085973676822605	0.567650224583462
FAF2	0.00868394351642038	0.569799211153126
FAH	0.112227360546316	0.0145813459609409
FAHD1	-0.0398561087622623	0.238276068918457
FAHD2A	0.0268636951762532	0.436235968984671
FAHD2B	0.0206297854649606	0.751356773664695
FAIM	0.101745387702336	0.181652277932076
FAIM2	0.0261988782915465	0.475242032412725
FAM107A	0.0864951736602502	0.292674430598173
FAM107B	0.0110735426730695	0.919480714962773
FAM110B	0.00421501475168315	0.948138290741939
FAM114A1	0.0642937546110504	0.130768764772031
FAM114A2	0.0324632015979434	0.0896268769542353
FAM117B	0.0866905110087267	0.000910353262686633
FAM120A	-0.0369528213290679	0.0124607883282071
FAM120B	0.0150841528012257	0.642949981965329
FAM120C	0.0341160346643134	0.10123748290328
FAM124A	0.0333750102278244	0.474791464650208
FAM131A	-0.0700074993298241	0.205239393443179
FAM131B	0.0333627645802771	0.0418052615629011
FAM135B	0.0318641274513582	0.429817760171038
FAM13A	0.0499193805833985	0.217042635245064
FAM13C	0.00739829703042	0.800500990546591
FAM151B	0.035057685594073	0.429269321985727
FAM162A	-0.051947857317835	0.0902954902962774
FAM162B	0.0402972353049098	0.489958535280871
FAM163B	-0.0120077796417756	0.873566052582657
FAM167A	0.0309032067056666	0.527963392176413
FAM168A	-0.0041522730218766	0.943860605166252
FAM169A	-0.00364902938119055	0.92774817013816
FAM171A1	0.0214770243706398	0.284223181080879
FAM171A2	0.0173167275872801	0.510506193242189
FAM171B	0.0416334217980036	0.0859920637350526
FAM174A	-0.0596350155096252	0.0549783845433593
FAM177A1	-0.0970254563629698	0.00785015544205005
FAM184A	0.00629679567070418	0.902628578408829
FAM185A	0.0265523280647628	0.376528657836946
FAM20B	-0.00717516037581181	0.883135448256194
FAM217B	-0.0936209198517289	0.0244532012985451
FAM219A	0.0743022913979743	0.342425287441915
FAM221A	0.0548304623478385	0.403419122067251
FAM234A	-0.0179477475460226	0.571272921543253
FAM234B	0.0166222254798626	0.39984137286297
FAM241B	0.0183119145069851	0.302326902102101
FAM3C	-0.0330731036610735	0.154854669936167
FAM50A	0.0161647568522663	0.749489638944357
FAM50B	0.0370573095125874	0.339517040409691
FAM76A	0.03652288434913	0.472417799772214
FAM81A	-0.00556411376626589	0.922414939380594
FAM89B	-0.0202956001125274	0.614415966393153
FAM8A1	0.00926316386021286	0.812169513308267
FAM91A1	-0.00133778891942871	0.96097198325486
FAM98A	0.0149837025603394	0.698609271138749
FAM98B	0.0351343968367622	0.191841855023569
FAM98C	0.0777634120174996	0.0583760984079018
FAR1	0.0361035060342054	0.516881890954181
FARP1	-0.00687767131627719	0.815918754431186
FARP2	0.0315626930640032	0.236431849213782
FARS2	0.0124084418363571	0.65861950699374
FARSA	-0.0506482576002811	0.0609160917040879
FARSB	-0.0637110847792029	0.0193541960632047
FAS	0.0502428413531761	0.692638828751002
FASN	0.024042205533192	0.381839987677361
FASTKD1	-0.101896067728881	0.121972625995735
FASTKD2	-0.0575786053497542	0.0496653556681327
FASTKD5	-0.0572429191145167	0.191151592328651
FAT1	0.0999075678504171	0.0535607545532115
FAT3	0.0340722827459397	0.14186750926722
FAU	-0.0704016059594029	0.0535607545532115
FAXC	0.0964743781303669	0.0935254590200427
FBL	0.0465255621891718	0.0672100104856296
FBLL1	0.0548447526495103	0.0323954924910216
FBLN1	0.0753301711066968	0.345470480713138
FBLN2	-0.00827422301463071	0.929760253237095
FBLN5	0.0509700282217903	0.423266660062844
FBLN7	-0.0398071390417907	0.454888962387718
FBN1	-0.0925976279823896	0.515301312758069
FBP1	0.0470817400961759	0.300584353233459
FBXL15	0.0698802881551884	0.254130040297506
FBXL16	-0.0978027720105689	0.000107743271981902
FBXL17	0.0217021883314363	0.455806332895258
FBXL18	-0.0398835638184058	0.0642172943486025
FBXL2	-0.0128902383916354	0.83874022980019
FBXL20	-0.0368634501187292	0.10578421031827
FBXL4	0.0373437194294479	0.223272286699375
FBXO2	0.0249809716182141	0.397523212590643
FBXO21	0.038828558867065	0.148604000171158
FBXO22	0.00936068085704929	0.792139283433946
FBXO27	-0.0172099239685761	0.735641755704403
FBXO3	-0.00166237952916456	0.961528508868999
FBXO30	0.0843841037711392	0.292674430598173
FBXO31	0.0690193910666803	0.00522176477558109
FBXO38	0.0558029169960518	0.133343594062394
FBXO4	0.0848370331604346	0.184768136362738
FBXO40	0.0741228226484282	0.134739054746155
FBXO41	-0.0949102580498771	4.55479197673707e-05
FBXO42	-0.0229449226519694	0.515301312758069
FBXO44	0.0601344333713482	0.10436676867896
FBXO45	-0.0100002491781483	0.838937154615635
FBXO6	-0.00840260700526244	0.874818568742165
FBXO7	-0.00204225744574041	0.969526841406855
FBXW11	-0.0268803843307604	0.606512876666944
FBXW2	-0.082546179415336	0.0176041795498743
FBXW5	0.00165950033266728	0.970478461796909
FBXW9	-0.0402394813821843	0.0936232227589091
FCER1G	-0.0797681696259415	0.329324061534349
FCGBP	0.0424167444794928	0.758699111628895
FCGR1A	0.0356627510314926	0.531527931622371
FCGR2A	0.0309390755491738	0.677846679695703
FCHO1	-0.029128335651351	0.260062426351493
FCHO2	-0.0113511252961565	0.761502184935243
FCHSD2	0.0130418640755132	0.682550592000707
FCSK	0.00305649771493385	0.930170022727124
FDFT1	-0.164564579291838	0.000207042384859184
FDPS	0.0293402943377885	0.348793108721276
FDX1	0.0104406998300469	0.69754912768388
FDX2	-0.0504298015373883	0.0489472174978058
FDXR	0.0423803613098128	0.332572681631994
FECH	0.0154688965089776	0.58365953967847
FEM1A	0.0226194710334378	0.671322066752278
FEM1B	-0.0182253213986524	0.691981607719875
FEN1	0.0497675843521694	0.511351634544073
FER	0.0211122603936663	0.363454294988241
FERMT2	-0.0595363633633966	0.00641197305198404
FERMT3	0.0531836223180474	0.186677624806691
FERRY3	-0.00754829102410841	0.739949214026015
FEZ1	-0.0386578413646069	0.285358346470098
FEZ2	0.00908764681937169	0.906009235555223
FGA	0.101258483052297	0.489341134427951
FGB	0.0707814211700238	0.625209183418057
FGD1	0.0222121713247089	0.489341134427951
FGD4	0.0058860388101776	0.792788372550451
FGF1	0.00370094649015452	0.966427970676647
FGF12	-0.0497680599887351	0.202447298009819
FGF2	0.0303775722854379	0.350754157026452
FGFR1	0.0341561548583145	0.480377396372054
FGFR1OP2	-0.00828141943071636	0.739134256473225
FGFR2	-0.0121872452733801	0.738626309927171
FGFR3	-0.0209729671258547	0.592891223813324
FGG	0.0455250332571077	0.777581540935247
FGGY	0.035209409193347	0.567324530542083
FH	-0.00651521804444907	0.758785697653828
FHIP1B	-0.0182080897137131	0.608406255026314
FHIP2A	0.0204255790574521	0.202016475803933
FHIP2B	-0.0768020172421199	0.0596882077574365
FHIT	-0.0237439210182534	0.225836196526104
FHL1	0.136222658358365	5.72766827831757e-06
FHL2	0.0124557156377652	0.766965670138853
FHL3	-0.0306776307934113	0.272103808780725
FHL5	-0.116701341250878	0.23501521060843
FHOD3	-0.0148458884021681	0.902863762426987
FIBP	0.00397951073563357	0.869046806956961
FIG4	-0.0292504017027336	0.260758989984915
FILIP1L	-0.0309846431691711	0.626001180300008
FIP1L1	0.0203390771397689	0.679629938758631
FIS1	-0.00633700873382725	0.834491587835413
FITM2	-0.00185260635245632	0.95836615559205
FKBP10	-0.0612638325715398	0.153251122930347
FKBP15	-0.01938641498137	0.675426229212216
FKBP1A	-0.0189290332506099	0.553522842771039
FKBP1B	-0.0563602115240573	0.129259422079359
FKBP2	-0.0247054685154896	0.357620795366138
FKBP3	0.0203768677538154	0.409473028099947
FKBP4	0.00556363762241299	0.890247072935339
FKBP5	0.0587045622257007	0.267528270224601
FKBP8	-0.0179943470790418	0.649377485596575
FKBP9	-0.054217787838432	0.220454591467581
FKBPL	-0.0383452312071538	0.564819941175144
FLAD1	-0.0323240164375376	0.153357269200781
FLCN	0.0102538903949464	0.660849392130414
FLII	0.00607379461515567	0.873640210435361
FLNA	-0.0792175751690909	0.158566079626141
FLNB	0.00197012437291127	0.959608609508394
FLNC	0.00534472606745362	0.937494346692006
FLOT1	0.0489997364298675	0.314194678966412
FLOT2	0.0709376384751694	0.146480699293392
FLRT2	-0.00146721025963149	0.96568044620989
FLRT3	0.0310361436688554	0.180567760031064
FLT1	0.305956694825925	3.30629478624638e-10
FLYWCH2	-0.0471016099293685	0.313022331215813
FMC1	-0.00622647844697896	0.909299599489062
FMN1	0.00875423020678938	0.864877428648911
FMN2	-0.0735763378552747	0.225682203669585
FMNL1	0.000510228515372177	0.986359971681067
FMNL2	-0.0393356004776969	0.375649723345612
FMNL3	-0.07416791123286	0.272432974487574
FMOD	-0.18745619052799	0.0791652205234212
FMR1	0.0190793709665121	0.455807904501718
FN1	-0.106948689023341	0.0290776402624708
FN3K	-0.0160661695955706	0.448901537649314
FN3KRP	0.0322662245392413	0.251655691361048
FNBP1	0.00171018377663405	0.963220694773636
FNBP1L	-0.00292958515596228	0.948127589538005
FNBP4	0.0287083985478877	0.550166372530618
FNDC3A	-0.028916941686593	0.141324479690744
FNIP1	0.0670024933484044	0.291761705650809
FNIP2	-0.0149755149364649	0.78154029030674
FNTA	0.00387709303040409	0.917433832149491
FNTB	-0.0313809871648361	0.415294242626764
FOCAD	0.0247274999638055	0.337385881889426
FOLH1	-0.0383525306128031	0.656469852226695
FOLR2	0.0101491505732678	0.869818881708293
FOSB	0.021573434071551	0.866129434500961
FOXG1	0.0517535549110836	0.457593165791209
FOXJ3	0.063583034169778	0.252381717364084
FOXK1	-0.0224088067370369	0.587190066291477
FOXK2	0.00594468714194089	0.89390850925084
FOXO3	0.0267339375047398	0.532931215697289
FOXRED1	-0.0335005599468938	0.578605917792512
FOXRED2	-0.0266431941230952	0.557885296675435
FPGT	-0.0127252177039093	0.758368942395707
FRA10AC1	0.0565779740038997	0.445403267414523
FRG1	-0.0671948910532224	0.201741738380825
FRMD4A	-0.00853040669781825	0.694027239967575
FRMD5	-0.0158088390719611	0.533976076283834
FRMD8	0.0293227433934875	0.482139086590033
FRMPD1	0.0344636220253116	0.912490299138209
FRMPD3	0.121119225845659	0.0059733549734173
FRMPD4	-0.0130984958662758	0.617326994761656
FRRS1L	0.00218736132865649	0.958002902756999
FRS2	0.0149436780211468	0.627321219425333
FRS3	-0.00580132438077556	0.87767394578761
FRY	-0.0027529851573551	0.909465468737821
FRYL	-0.00861806531619525	0.791340311941771
FRZB	0.243030629161411	3.15388673555484e-06
FSCN1	-0.0444485829479548	0.102666720347324
FSD1	-0.0515668233648312	0.00879916504278159
FSD1L	0.0299872498188737	0.111766595920534
FSTL4	0.0429855739935001	0.154947776613926
FTH1	-0.0561410452013382	0.373417843136224
FTL	-0.0231755345328457	0.833925818961742
FTO	0.0484516569928769	0.147342726790246
FTSJ1	0.0305964725209977	0.640361491584583
FTSJ3	0.0414448428078703	0.124810763390498
FUBP1	0.0521677331106787	0.372693009464533
FUBP3	0.0056751083458795	0.87683467705856
FUCA1	-0.0390536772621332	0.312772898520285
FUCA2	-0.0889169453741395	0.213410933915364
FUNDC1	-0.084415829442152	0.160056214058317
FUNDC2	-0.023670513123775	0.285358346470098
FUS	-0.022477749421831	0.693780826607678
FUT8	-0.0221591999745774	0.531527931622371
FUT9	0.010709303981518	0.848074283543528
FXN	0.0441826127407737	0.022831643945742
FXR1	-0.000149244718531463	0.994545348927203
FXR2	-0.0010966745448418	0.956341588521296
FXYD1	0.110470516161123	0.249754213197168
FXYD6	-0.0167908136216745	0.69754912768388
FXYD7	-0.0619133007640835	0.0600958422047022
FYB1	-0.0557471633876661	0.401384113087504
FYCO1	0.0282480558423427	0.437808768264891
FYN	0.0191743564235815	0.183463430776774
FYTTD1	-0.00885386951663289	0.792896677248144
FZD1	0.0684396075796378	0.163018414650473
FZD7	0.188178966194752	0.0266207640048845
FZD8	0.126914591746188	0.0260893452934249
G3BP1	0.0450141954778568	0.0861625376750935
G3BP2	-0.045399949045828	0.155604228145293
G6PC3	-0.0399097871630688	0.50700605153703
G6PD	0.00887841616652769	0.702081297704405
GAA	0.0173085253728769	0.672133518096418
GAB1	-0.00544068656439869	0.919560853623289
GAB2	-0.0514325839910292	0.00407035708815785
GABARAP	-0.00813280498269897	0.877353679879363
GABARAPL1	-0.00408542770206149	0.883135448256194
GABARAPL2	0.0281719080735049	0.0528356747932819
GABBR1	-0.00772645653588827	0.754984530680269
GABBR2	-0.0160846761034291	0.429090050753139
GABPA	-0.00298165632605824	0.969526841406855
GABPB1	0.00434829584897538	0.965535668804865
GABRA1	-0.040120670226052	0.10129776697264
GABRA2	-0.0103304621110745	0.786454987710866
GABRA3	0.0649036843079294	0.0706307567021408
GABRA4	0.0419123780434667	0.0341424313812954
GABRA5	-0.0266850119286362	0.633105359712404
GABRB1	2.09565753709617e-05	0.999544927277697
GABRB2	0.0356041433332819	0.650909797642541
GABRB3	0.000455296290262919	0.989459311086377
GABRD	0.0139126053115833	0.762804998305798
GABRG1	-0.0104965102760955	0.850203728563836
GABRG2	-0.0321036667059384	0.178231966725424
GAD1	-0.0529481933609037	0.056540733085626
GAD2	-0.0888085176206721	0.00685399468906667
GADD45GIP1	-0.029459794442455	0.376471761685074
GAK	0.0242772237851148	0.133572771748813
GALC	0.037010511450245	0.52831305537034
GALE	-0.00112224262188496	0.970110731225455
GALK1	0.0437902876901352	0.0455910033903999
GALK2	-0.0223739801833732	0.546376453389411
GALM	0.11157590690719	0.0193251192593553
GALNS	0.00663082989161094	0.898060357791586
GALNT1	0.0127543881730315	0.815894769650833
GALNT11	-0.0303473496475994	0.766255159300894
GALNT16	0.078231603735361	0.00172229418465294
GALNT17	-0.074398336508791	0.0176579720346695
GALNT2	-0.0337232785609497	0.153251122930347
GALNT8	0.00607135961656571	0.880902630256894
GALNT9	-0.00534557231417114	0.943426864760449
GALT	0.0393936675702827	0.28849336599001
GAMT	-0.0376236852075926	0.374505959011636
GAN	-0.0233177500339613	0.221060124341799
GANAB	-0.0344662381927647	0.273759372905732
GAP43	-0.0303156894104109	0.461246254979045
GAPDH	0.0423893231195314	0.056229617164179
GAPVD1	-0.00535020909544003	0.758368942395707
GAR1	0.0556968771058056	0.00345220173328381
GAREM1	-0.0329376421205313	0.14435228010885
GARNL3	-0.00928637083076672	0.76327831256438
GARS1	0.00723745332539599	0.750412209940137
GART	-0.0262275473214846	0.475162051893944
GAS2L1	-0.00283733414192974	0.926673832572556
GAS6	0.0156130282752163	0.766255159300894
GAS7	-0.0467654215407207	0.0693637297140629
GATAD2B	0.0361149769717369	0.240927896818098
GATB	-0.00760356625782152	0.850778208466357
GATC	-0.00410899454282587	0.906009235555223
GATD1	-0.0206023752338393	0.271285064289485
GATM	0.00336681753724974	0.935841823666845
GBA1	0.0202737740757759	0.510506193242189
GBA2	-0.00218262922185033	0.946230144241061
GBE1	0.0423706601934527	0.0861625376750935
GBF1	-0.0541984614761579	0.00234636958935389
GBP1	0.00241968170503362	0.976413009246831
GBP2	-0.0431606138115358	0.641531867912573
GBP4	-0.0468552821533459	0.522653726869125
GC	-0.0253607332845132	0.836083927552817
GCA	-0.136622163951806	8.03663926773439e-05
GCAT	0.0832454094044432	0.5292546037825
GCC1	-0.0408493400932564	0.195579727374272
GCC2	-0.0592948730502749	0.0176579720346695
GCDH	-0.0563831729243849	0.171726820159672
GCFC2	-0.011933039300796	0.818803950278135
GCHFR	0.0353593658363744	0.604444112170635
GCLC	-0.0162132743544969	0.582423220359207
GCLM	0.0281188115366401	0.157541728700871
GCN1	0.00508833408929608	0.869818881708293
GCSH	-0.0531362718783203	0.061558919979509
GDA	-0.0183200154973237	0.779635048081004
GDAP1	-0.0156102090985031	0.533986000521722
GDAP1L1	-0.0123530004313749	0.532820207518061
GDAP2	-0.0275132383197001	0.094132532170615
GDE1	0.0124607474761689	0.745077201680521
GDF10	0.662852289122324	9.24742485611846e-09
GDI1	-0.00926035875687109	0.671134387436221
GDI2	-0.01810361395243	0.401918008683202
GDPD1	-0.0298186457182269	0.0531746489936886
GDPD5	0.0309025405985751	0.347629922267589
GDPGP1	-0.0123907913887081	0.812169513308267
GEMIN4	0.0364636701937099	0.269249046646801
GEMIN5	0.00601112244274896	0.783726240385057
GEMIN6	0.0172391359031674	0.778667354531713
GET1	-0.0374203827787206	0.256918672903122
GET3	-0.00353600056146362	0.871169395177574
GET4	-0.00443938536042987	0.948104516632389
GFAP	0.366616003423923	1.28393798448765e-06
GFER	-0.0353004630829781	0.307933263181176
GFM1	-0.0175521969275149	0.511123970014622
GFM2	-0.0218808916410324	0.780227745459663
GFOD1	0.00362051380163585	0.876019200440348
GFPT1	-0.0317658970443931	0.19120478097946
GFRA1	0.0177406978515118	0.715547616069901
GFRA2	-0.0820652217923058	0.0256189794546544
GFUS	-0.0635423268972503	0.00388951303619465
GGA1	-0.025230325090185	0.0772464014722376
GGA2	0.0342891870810029	0.114695186271575
GGA3	-0.0191177235346838	0.390180422147401
GGACT	0.0427536003946534	0.328676380101843
GGCT	-0.0447934247770113	0.123946068104663
GGCX	-0.056367954857919	0.299482926879347
GGH	-0.00843498867485765	0.883135448256194
GGPS1	0.0237740813341815	0.296647746779935
GGT1	0.0553576996007201	0.088247684678656
GGT5	-0.10079673094222	0.0186426821644629
GGT7	0.00508881265140645	0.84568796405079
GHDC	0.0353347594170467	0.0700241189949186
GHITM	-0.0871156558410277	0.0108159391525648
GID4	0.044647280797297	0.473198472886613
GID8	-0.0320842077137834	0.0454501026723957
GIGYF1	0.0276308227520445	0.236973639583123
GIGYF2	0.0279484125812455	0.119295246574723
GIMAP1	-0.05829237699554	0.110697740841409
GIMAP4	0.0163551002368243	0.677126979063946
GIMAP5	-0.0407173634136948	0.147342726790246
GIMAP7	-0.0305313229171929	0.636629199838518
GIMAP8	-0.0507523671004328	0.527607472403053
GIPC1	0.0204207987269511	0.278213523659983
GIT1	0.0145091843367918	0.385142705287344
GIT2	0.00523677295016505	0.803442160140948
GJA1	0.12535188434353	0.00397731069215196
GJB6	-0.0331818951052814	0.636102460662273
GJC2	-0.025292786967487	0.746278724111796
GK	-0.0791647567080885	4.96265769315908e-05
GKAP1	-0.0196806209398962	0.774678647693607
GLA	0.00417251874406829	0.910435400022491
GLB1	0.00786339005371067	0.821252074376717
GLCCI1	-0.00908752636032173	0.735847927264448
GLCE	-0.0423566242768834	0.350754157026452
GLDC	-0.0604975403675862	0.0221092141807242
GLE1	0.0772396926941987	0.124266689441938
GLG1	-0.0378156601187493	0.126366787959523
GLIPR2	-0.0658116165983143	0.357184755020288
GLMN	-0.0181261050253309	0.56317958809537
GLO1	0.0356969048357847	0.112297389589532
GLOD4	0.0328400559297086	0.112297389589532
GLRA3	0.00862382792611954	0.872201412698094
GLRB	0.0179417212124915	0.655347811699779
GLRX	0.0532100523698507	0.0602140147724548
GLRX2	-0.0479307061502244	0.252381717364084
GLRX3	0.018745328675451	0.433429615657713
GLRX5	0.0313369902396406	0.532893722969207
GLS	0.0474786121425539	0.534185204825362
GLS2	-0.0305647011182544	0.478077530458505
GLT1D1	0.0544275932422635	0.704046814973465
GLTP	-0.0563129291349022	0.565766382014138
GLUD1	-0.00528482451265078	0.88839793745839
GLUD2	0.000654730279584403	0.987521744611879
GLUL	-0.00898134898655872	0.901687073552347
GLYR1	0.0259281108535296	0.474331236483153
GM2A	0.0105642986303134	0.87020958671021
GMDS	-0.0148512355260319	0.380876780471511
GMEB2	0.124770757830898	0.0837695683266959
GMFB	0.00917384046785796	0.78154029030674
GMFG	0.00506149956378311	0.920602087505928
GMIP	0.0435069303572743	0.213570513628017
GMPPA	0.0232408602935743	0.441048509632435
GMPPB	0.0154438262710367	0.606512876666944
GMPR	0.226955627786444	1.23923433762828e-05
GMPR2	0.0480712487041717	0.112042563331914
GMPS	-0.011932853245819	0.490535541602706
GNA11	0.0584545271554776	0.0676395212800214
GNA12	0.04521632447762	0.0688799577112416
GNA13	0.0450171940677542	0.0982246454659151
GNA15	-0.00842491169738513	0.908376881645454
GNAI1	-0.0761781717594971	1.33681503370755e-06
GNAI2	-0.0303010458977943	0.160056214058317
GNAI3	0.00289435465367149	0.93121953017051
GNAL	-0.140534667448717	0.0867641683049979
GNAO1	-0.0302989142827871	0.391693121515901
GNAQ	0.118437240767378	0.249986832949921
GNAS	0.0483949637584747	0.00833492869007069
GNAZ	-0.00311092916021305	0.904379126090563
GNB1	0.0187015744243375	0.558790222692169
GNB1L	0.0103125226711221	0.826120853077346
GNB2	0.230257449554324	0.280963739247757
GNB3	0.0600541862477472	0.437808768264891
GNB4	0.0305187027517506	0.354588994444159
GNB5	-0.0657568384744167	0.000422081533201261
GNE	0.0273409183186849	0.568534125698838
GNG10	0.0338132617503012	0.298928346840796
GNG11	-0.0479338648405072	0.160242885880039
GNG12	0.11587695007664	0.000237324825618115
GNG13	0.0664299260908467	0.28727348661068
GNG2	-0.0541527316715263	0.282018879182519
GNG3	-0.061324485999013	0.028863917106725
GNG4	-0.0631905311909052	0.252381717364084
GNG5	-0.0310040133064982	0.474139610977455
GNG7	-0.0551803059501824	0.155843225565224
GNG8	0.0449186101606726	0.666390695365035
GNL1	-0.0138395014941743	0.186223775559573
GNL3	0.0303710434581791	0.490749519052698
GNPAT	-0.0213375190891397	0.418348985173192
GNPDA1	0.0131556899555183	0.575655064846689
GNPDA2	-0.0126838412263586	0.637437745091045
GNPNAT1	0.00607560715640107	0.91816156522645
GNPTG	-0.0234980642318927	0.665886466127511
GNS	0.0192205091776511	0.420519026570832
GOLGA1	0.0241481075567425	0.528835200341915
GOLGA2	0.00616547405851561	0.813810943112093
GOLGA3	-0.00605720716028366	0.765467337192352
GOLGA4	0.0011188831431653	0.95836615559205
GOLGA5	0.044602743815255	0.247987530338062
GOLGA7	-0.0736605224634154	0.00513722230274069
GOLGA7B	-0.0476802656404815	0.00665042536599282
GOLGB1	0.075665893282526	0.268609193971691
GOLIM4	-0.00704267240573694	0.88551644448602
GOLM1	0.0102588499797273	0.742826241766908
GOLM2	-0.0135567637794109	0.631755011844969
GOLPH3	-0.0125494595522722	0.573532163481298
GOLPH3L	0.0590613554494401	0.009888977197368
GOLT1B	0.123017421733226	0.205048930352142
GON7	0.0691211150588659	0.00116142210044494
GOPC	-0.037018134864151	0.0206232461358222
GORAB	0.0223008882809004	0.662606689374294
GORASP1	-0.0438580675942134	0.360242066128746
GORASP2	0.00309344996268929	0.898060357791586
GOSR1	-0.0359504986618961	0.190328227775423
GOSR2	-0.0114912426959754	0.597134228545639
GOT1	0.000769154607488033	0.976670261871083
GOT2	0.00743603594944635	0.902628578408829
GPAA1	-0.0405193519246871	0.103941289810214
GPALPP1	0.00283127756479357	0.959608609508394
GPAT3	-0.034421549886118	0.522695477279347
GPAT4	0.0531563729628458	0.134020866526845
GPATCH1	0.0704282205962344	0.34384519886852
GPATCH11	0.0290788944601474	0.532893722969207
GPATCH2	0.0792376094389815	0.0580238032280627
GPATCH8	-0.00924785396508213	0.826105036854754
GPBP1	-0.0283432115794065	0.872263624170036
GPC1	0.0190517739810187	0.505130600003478
GPC4	0.148447600290132	4.10862536266204e-07
GPC5	0.115213181708779	0.00202886096989399
GPC6	0.0186052778576426	0.863955970309464
GPCPD1	-0.127237237612825	0.000530480882497014
GPD1	0.0143698610141271	0.878030676228774
GPD1L	0.00259716213644487	0.933835490190928
GPD2	0.0105552542580994	0.711079113597586
GPHN	-0.0392667513638549	0.247178205735788
GPHRB	-0.028396501008582	0.360334726396364
GPI	0.0225444847620756	0.415479416446259
GPKOW	-0.0218031043378757	0.601106911773718
GPM6A	-0.0236163509520513	0.484530574023524
GPM6B	-0.0901784610322901	0.00523896213101518
GPN1	0.0432524579886386	0.265742650160378
GPN2	0.00359627262459063	0.965099370037702
GPNMB	0.464314594873782	9.24742485611846e-09
GPR107	0.0404443800722372	0.317420948107918
GPR150	0.0198732916172324	0.697165383074478
GPR155	0.0191640099312257	0.720782132291463
GPR158	-0.0445103366652939	0.0291699916049023
GPR162	0.0439345950543883	0.213895909082619
GPR180	-0.0163205316131145	0.655203495249364
GPR37	0.0417049943499692	0.636579328815371
GPR37L1	-0.0440744346755851	0.210684384283244
GPRASP1	-0.0199650203175698	0.609805991296793
GPRASP2	0.0554853560186585	0.0128475112439999
GPRC5B	0.0562557219377993	0.453257675350511
GPRIN1	0.0028456981922437	0.9509458725714
GPRIN3	-0.0197021372095384	0.736610261480779
GPS1	-0.033878663341851	0.0193034933090653
GPSM1	0.028563502744288	0.152915649103624
GPT	0.0911496859300436	0.125741777034419
GPT2	-0.0377051452505695	0.398375219228168
GPX1	0.00558508437913685	0.8751900463202
GPX3	-0.00566351084219985	0.95439869096369
GPX4	-0.0301975748801822	0.157265042333
GRAMD1A	0.00861252804191825	0.802428205605409
GRAMD1B	0.0094322584524521	0.729241749851289
GRAMD1C	0.0124992875764204	0.892866832038634
GRAMD2B	0.0422738905007198	0.298392688830726
GRAMD4	-0.0309922115859663	0.118005023827104
GRB10	0.0151847967140878	0.663740238073675
GRB2	0.0175617058041503	0.268177472326389
GREM2	0.0614670820284479	0.436401019967331
GRHPR	0.0299073365013372	0.112865694029114
GRIA1	-0.0459732162681397	0.318805712444823
GRIA2	-0.0474682573841336	0.0672858961603388
GRIA3	-0.0530923237187014	0.00879916504278159
GRIA4	0.0578752401861158	0.240883776141106
GRID1	-0.0179791234337868	0.27911870496441
GRID2	0.14443779749846	0.387679701183157
GRIK2	0.0458451354132512	0.03643303407828
GRIK3	0.000116449457823881	0.997399268702519
GRIK5	0.0620372420569157	0.267630132235257
GRIN1	-0.115399491558429	0.0354144509050228
GRIN2A	-0.0242535084565066	0.270822424921756
GRIN2B	-0.0466567305689131	0.105213162752632
GRIN3A	-0.0373166763589735	0.60019128008897
GRIP1	0.0355272266232029	0.154947776613926
GRIP2	0.037201351689164	0.340785911165729
GRIPAP1	-0.00804762386319563	0.666918347304741
GRK2	-0.0570120510276547	0.00119896743831285
GRK3	-0.0197377998765839	0.618317488006978
GRK4	0.114644003588683	0.288347297776616
GRK5	-0.0438299622877474	0.0559667264481042
GRK6	-0.0166057112661509	0.309949263405652
GRM1	0.0656049033156701	0.110697740841409
GRM2	-0.021041727727511	0.401091696371975
GRM3	-0.10470142088221	4.99011195981794e-05
GRM4	0.0520224656683791	0.380393023603918
GRM5	-0.0325576516539016	0.67670554217506
GRM7	-0.001756344732082	0.961611225775975
GRM8	-0.0334791650055935	0.555960832684846
GRN	0.0179956354660558	0.814455105941371
GRPEL1	-0.0132378529995424	0.654489960359144
GRSF1	-0.0325246465742378	0.156247173163386
GRWD1	0.0272117587698167	0.40899062593314
GSDMD	0.0138977561850087	0.844910463049692
GSDME	0.0137257421364009	0.627325104795457
GSG1L	-0.0315098247522803	0.585632234287138
GSK3A	-0.0128033117984263	0.521176376842218
GSK3B	-0.0705024731219349	8.03663926773439e-05
GSKIP	-0.0398288229638376	0.115870782809485
GSN	0.120344198473427	0.260758989984915
GSPT1	0.0177875485030149	0.348793108721276
GSPT2	0.0112821870627002	0.549483048791063
GSR	-0.00118381678644758	0.965610323500909
GSS	-0.0052418018577047	0.909310876500408
GSTA4	-0.0497670655525196	0.254803785508277
GSTCD	-0.0186705495672122	0.812691527137266
GSTK1	-0.0538161238362285	0.0114009170708037
GSTM1	0.125335358280939	0.730864258071587
GSTM2	0.0093564182504024	0.918578969318865
GSTM3	0.0511348945176868	0.554780970235347
GSTM4	-0.0142632522472084	0.928173042783963
GSTM5	0.0605360871082639	0.750439252687802
GSTO1	-0.00326736867167512	0.959608609508394
GSTP1	0.086474122309685	0.00567578106747336
GSTT1	0.03762853816464	0.864275310337365
GSTT2B	0.19128805910164	0.257621264453804
GSTZ1	-0.132032758075452	0.16266452069706
GTF2A1	-3.44465519941384e-07	0.999989892211532
GTF2A2	0.0319892644220154	0.394637736162447
GTF2B	0.00124061158493114	0.978702942653821
GTF2E2	-0.0811791567375426	0.64527715621399
GTF2F1	0.0034997404935708	0.924877444910082
GTF2F2	0.00415952236070943	0.904370284736981
GTF2H1	0.0904636022655073	0.10123748290328
GTF2H2	0.052837373957454	0.406716928321595
GTF2I	0.0546455885899583	0.0264455630430349
GTF3C1	-0.0240341610332836	0.627834816135131
GTF3C2	0.0186296902605441	0.8059022515172
GTF3C3	-0.000648471646461792	0.989632750110376
GTF3C4	-0.0094385774737565	0.82038797135325
GTF3C5	-0.0214671663557661	0.711079113597586
GTPBP1	-0.0127778134189781	0.504541978026062
GTPBP10	0.0145098729411647	0.808875549503916
GTPBP3	0.0110764847554548	0.763388412845102
GTPBP4	0.0260999553937703	0.274687689339576
GTPBP6	0.110401346242065	0.0156494535187108
GUCY1A1	0.037556297806839	0.10318020532098
GUCY1A2	-0.0102865563034802	0.631605769671385
GUCY1B1	-0.00735266392270989	0.713142689429973
GUF1	0.0177858029235126	0.644841387901236
GUK1	-0.00433303014225175	0.87020958671021
GYG1	0.0258532698866889	0.490535541602706
GYG2	0.152970422145704	0.00349496620377406
GYPC	0.0439220565724988	0.340785911165729
GYS1	-0.0186331897430454	0.415675956289385
H1-0	0.0723281064434987	0.125493927942979
H1-10	0.029655720986041	0.540486777769407
H1-2	0.096381572904455	0.269249046646801
H1-3	0.0622561936160912	0.537471937315622
H1-4	0.0489698461179494	0.427655723753118
H1-5	0.0203697900157631	0.818032746195741
H2AC20	-0.0567733684044458	0.838070255619398
H2AC21	0.103944369959853	0.297047054301095
H2AX	0.0714021455886954	0.285699275864788
H2AZ2	0.0730805844857116	0.30103594249438
H2BC18	0.0796434029657714	0.252553026991186
H2BC20P	0.0475851818818274	0.408423117582804
H2BC26	0.107397349301136	0.155992919960337
H3-3A	-0.01141822596977	0.933872754615108
H3-7	0.00645888767967165	0.964068371958125
H4C11	0.0212823798303962	0.869818881708293
H6PD	-0.00970711769550395	0.850440191349333
HAAO	0.0492604285996986	0.368484979283851
HABP4	-0.0582647666283615	0.0756673910190063
HACD2	0.0210212696220686	0.693572546477406
HACD3	0.0433731625156163	0.0234022254673801
HACE1	0.00408502575765864	0.88010920772213
HACL1	-0.0736551971722698	0.169606800652363
HACL2	0.00237075864339556	0.916093215604787
HADH	-0.0285451452347946	0.264194997725841
HADHA	-0.0200451162924448	0.497644235301174
HADHB	-0.0419774005658136	0.142202359273043
HAGH	-0.0119637145008178	0.55376783591648
HAGHL	0.0192244239550641	0.5157256551213
HAPLN1	0.00980242865303046	0.890247072935339
HAPLN2	0.0844560798956457	0.492543693689514
HAPLN4	-0.0348639863198158	0.397225539451213
HARS1	-0.0280594971728955	0.156247173163386
HARS2	-0.00605992795400973	0.85535521101652
HAX1	0.0184521578292175	0.432915925190221
HBA2	0.0968606320680552	0.344976271375994
HBB	0.0804199269097579	0.40915989772594
HBD	0.0329884970581254	0.766255159300894
HBG2	-0.0886349695186674	0.722609184659479
HBS1L	0.00516293309730709	0.813053005387477
HCCS	-0.0164720945751554	0.433511409849366
HCFC1	0.0277012225662776	0.429350518866206
HCFC2	0.0275150291712942	0.481957704339406
HCLS1	0.023143364099059	0.633512302538674
HCN1	-0.062283331104331	0.0114506812161591
HCN2	-0.0143829709390467	0.65151085901596
HCN3	-0.0717195628242872	0.120063734403029
HDAC1	-0.0787738889589757	0.0384163880965928
HDAC11	-0.070543809356661	0.20132128101128
HDAC2	-0.0094290171698333	0.824067124137637
HDAC4	0.0220860546530558	0.249040406428438
HDAC5	-0.0210883602070928	0.354518814750613
HDAC6	0.00442359161148595	0.898386660696453
HDAC8	0.049959071299419	0.129548198600472
HDAC9	-0.137165373406887	0.0855004500984508
HDDC2	0.0294094126183343	0.473572867906666
HDDC3	0.0486921921231497	0.227680592102092
HDGF	0.0373648208516475	0.469628342450294
HDGFL2	0.0278434861623272	0.441512082915566
HDGFL3	0.0481826759539667	0.329155728536523
HDHD2	0.0531972210437345	0.0151508476455397
HDHD3	0.00676549123782137	0.878985122611293
HDHD5	0.00920484464212633	0.841414019595177
HDLBP	-0.0260905601763907	0.0375478625622573
HEATR1	0.0229473079759992	0.514026774630372
HEATR5A	0.0401462907127544	0.516401626784316
HEATR5B	-0.0161939694868851	0.186223775559573
HEATR6	-0.0122813774004757	0.877353679879363
HEBP1	-0.00887157015627693	0.870178550888243
HEBP2	0.0929934900399848	0.00593976046007923
HECA	0.00319014717807482	0.917518915024487
HECTD1	-0.0242927780781071	0.0714356428623004
HECTD3	0.0170446727956005	0.292439694311434
HECTD4	0.00830165091370183	0.715787930157299
HECW1	-0.000141791376044995	0.99507974770143
HECW2	-0.026326376330163	0.167868385046255
HELZ	0.0262610453496106	0.720831051152664
HEMK2	0.00901013906444312	0.893259589318537
HEPACAM	0.0753030252595084	0.0464694772292733
HEPH	0.0453099129212077	0.436690661427985
HERC1	0.00407510688295903	0.799102922984565
HERC2	0.0370594780260027	0.0349608246467474
HERC3	-0.0614753866311753	0.445055683177329
HERC4	-0.0245050133757149	0.313975251301726
HERPUD1	-0.0167632859041659	0.832934970379647
HERPUD2	-0.150406406842513	0.00641702367019216
HEXA	-0.0092670182057486	0.812312247379545
HEXB	0.0212894917666501	0.532918727873039
HEXD	0.0834555771981345	0.0722269335642219
HEXIM1	0.036373173384784	0.38737409357157
HEXIM2	-0.0225899797298029	0.727297549545237
HGF	0.296601022557774	0.0031822214790245
HGH1	-0.00663232093014485	0.915395959148151
HGS	-0.0235356471080927	0.0246258796501614
HHATL	0.0310507544387121	0.491018054944264
HIBADH	-0.0133831626839726	0.653945556782146
HIBCH	-0.0519563464696056	0.218559845576812
HID1	-0.0218291741235408	0.282904771358626
HIF1AN	0.0333411924734064	0.19994645781443
HIKESHI	0.0235456798211915	0.388261871125487
HINT1	0.0201476754683776	0.396181530967884
HINT2	0.00612669132493796	0.805322324643931
HINT3	0.0024507421174686	0.938459001808954
HIP1	-0.0455859757512723	0.376906943109491
HIP1R	0.0168312537306787	0.468323534725627
HIRIP3	0.0441766930547015	0.565362535587279
HIVEP2	0.0132115142287766	0.779635048081004
HK1	0.00191668493643221	0.948104516632389
HLA-A	0.267381316682994	0.47272738535295
HLA-B	0.418326664164036	0.18446968302864
HLA-C	0.0611166498185157	0.796742210431181
HLA-DPA1	-0.0094373757963902	0.917642094532622
HLA-DRA	0.135713166113647	0.0280317506057097
HLA-DRB1	0.102269735394966	0.633040329191009
HLA-E	0.000611417409543236	0.993664205699302
HLCS	0.0107130815414289	0.664561225704091
HLTF	-0.165029477055234	0.167868385046255
HM13	-0.00240345636989081	0.965535668804865
HMBOX1	0.0370410389557194	0.553880734565686
HMBS	-0.0382724439741804	0.156247173163386
HMCES	-0.0238796467619762	0.570933976248498
HMCN1	0.0200819921720397	0.957991468179199
HMG20A	0.0159448668783256	0.711682526418001
HMGA1	0.0563417808447514	0.221092679735357
HMGB1	0.0288691806192917	0.697543417384855
HMGB2	-0.0351648763336755	0.527726813463045
HMGB3	-0.0784888672995891	0.0198856009690864
HMGCL	-0.0485564740345812	0.04145822202399
HMGCLL1	-0.0285902893841048	0.468397708984664
HMGCS1	-0.235100993056292	4.02311134055863e-06
HMGN1	0.00135817671424499	0.986649900029459
HMGN2	0.00245251917450551	0.979694625077687
HMGN3	0.00455734344124803	0.9468332545708
HMGN4	0.0824600787224012	0.143396809784474
HMGN5	0.0312993143381325	0.370069770902694
HMOX1	-0.0479608866878958	0.48850425748029
HMOX2	-0.0880918514300422	4.22248656398371e-05
HNMT	0.0630868293179573	0.239372902732163
HNRNPA0	0.0601176357631986	0.172042784229379
HNRNPA1	0.0283901453938601	0.439968330575343
HNRNPA2B1	0.0627023879256061	0.0544507322708187
HNRNPA3	0.0218369125095645	0.551018131217634
HNRNPAB	0.0156555614405021	0.763388412845102
HNRNPC	0.0265389135413596	0.420262122955141
HNRNPCL4	0.221036048791835	0.197337477355787
HNRNPD	0.118037388659995	0.0894724402542148
HNRNPDL	-0.00927848219285232	0.841417013042601
HNRNPF	0.0588004423039375	0.0946908087047752
HNRNPH1	0.0448080206368544	0.195715015394376
HNRNPH2	0.002306834478015	0.949802456746656
HNRNPH3	0.0509750681718491	0.0765063182350194
HNRNPK	0.0152200084184707	0.642949981965329
HNRNPL	0.00345871297909703	0.934767125103474
HNRNPLL	0.0187556631262229	0.525173530376828
HNRNPM	0.0434640343067121	0.182035954103689
HNRNPR	0.0296761874548515	0.430943922677133
HNRNPU	0.0644595074585443	0.484365141640811
HNRNPUL1	-0.000628755612976166	0.986874552254856
HNRNPUL2	0.0249395024507044	0.44830798571084
HOGA1	0.0783117572417171	0.11916753620969
HOMER1	-0.066258495099636	0.0290247920993736
HOMER2	-0.00782152686929406	0.803842631786519
HOMER3	0.104335115433438	0.272103808780725
HOOK1	0.0169445513116044	0.499925438076158
HOOK2	-0.0152531031568014	0.690181668027059
HOOK3	-0.0562077428665845	0.13512990755427
HOPX	0.00927010316440441	0.880556814907992
HP	0.213965919222257	0.187521719158431
HP1BP3	0.0356840857930054	0.247987530338062
HPCA	-0.152260138615316	9.04215001839275e-05
HPCAL1	-0.0496762443259959	0.11869823391202
HPCAL4	-0.00643821137300318	0.905695417982186
HPF1	-0.00682646310836777	0.910435400022491
HPR	0.114669795051017	0.560176204005037
HPRT1	-0.0149577722013203	0.563565013138851
HPS1	0.0768236685517498	0.141494714396843
HPS3	0.0811537515528734	0.507325970700586
HPS4	0.0292593218032662	0.332572681631994
HPS5	0.0205802640129362	0.907074319787115
HPS6	-0.0254702753493521	0.764265278870924
HPX	0.00202751079378055	0.986649900029459
HRAS	-0.025426114330162	0.222552855483718
HRG	0.0374248948661988	0.497160230965188
HRH1	0.0288163292953303	0.552078010182385
HRNR	0.0166070320925327	0.932407243743568
HS1BP3	-0.00172440970866475	0.96289662055811
HS2ST1	-0.0518988687189626	0.112042563331914
HS6ST1	0.046461881654736	0.281391010909803
HS6ST3	-0.0539073935726961	0.181900603632915
HSBP1	-0.0303889289599125	0.4104489491455
HSCB	-0.0143899925940093	0.563565013138851
HSD11B1	0.0383606613934423	0.715547616069901
HSD17B10	0.00275332254937231	0.925329249030148
HSD17B11	0.0301190996444986	0.592511524985664
HSD17B12	-0.089600668065532	0.00238060759856421
HSD17B4	0.0334347171110042	0.167320822190031
HSD17B7	-0.008214479465704	0.89390850925084
HSD17B8	0.00303128598581248	0.94171209276783
HSDL1	0.0285614330390321	0.221386422916569
HSDL2	-0.0136425084095841	0.567650224583462
HSP90AA1	-0.0176120010302896	0.623365092985474
HSP90AA4P	0.130226462315878	0.197185144811076
HSP90AB1	-0.00253702604312271	0.95744735071295
HSP90AB2P	0.00450061183517278	0.969526841406855
HSP90AB3P	0.0207377758800546	0.63338451627035
HSP90B1	-0.0290165842395534	0.231956158058958
HSPA12A	-0.0331207462428101	0.146537971476329
HSPA12B	-0.0127118376778668	0.547547318541709
HSPA13	3.01729664525796e-06	0.999940077083345
HSPA14	0.0264655136811335	0.228930909413355
HSPA1B	0.0652454973237626	0.0325827687145507
HSPA1L	0.171416675768595	0.0909169293629634
HSPA2	-0.000302598911922414	0.997399268702519
HSPA4	-0.0235240809697513	0.229720677512988
HSPA4L	-0.0168922987718353	0.415294242626764
HSPA5	-0.0142785391850246	0.578434525034727
HSPA6	0.0342115325951426	0.835407673811408
HSPA8	-0.0704013566976495	0.516677851361314
HSPA9	-0.0172453236969402	0.484026653458934
HSPB1	0.252371875251031	2.84093198281855e-05
HSPB6	0.140205731446473	0.00125252453169045
HSPB8	0.126022646566554	0.00578736274275764
HSPBP1	-0.0568967118207824	0.0100879763552024
HSPD1	-0.0362931097225281	0.0558338009273108
HSPE1	-0.011705558527246	0.703868995692188
HSPE1-MOB4	-0.0266517999875261	0.253463636572796
HSPG2	-0.0598730026079012	0.182137368425744
HSPH1	-0.0256245120332322	0.496252547045239
HTATIP2	-0.0685319493081133	0.166267236506696
HTATSF1	0.0780760849017848	0.0501342353049654
HTR1A	0.138148094392897	0.00610841369872738
HTR1B	0.0995339859497772	0.0614227394698357
HTR2A	0.0241243437250572	0.7183247798167
HTRA1	0.217217999628649	7.76847100115379e-07
HTRA2	0.00651197056709174	0.790182313294656
HTT	-0.0103737455404514	0.558719794305361
HUWE1	1.99257347248682e-05	0.999137678941166
HVCN1	0.0292804528891494	0.520670142847774
HYCC1	0.0376325716054363	0.275542435156449
HYCC2	0.0174726062239426	0.366009843885459
HYI	0.0530359154699119	0.120083059771475
HYOU1	-0.0213182593431635	0.246296248611654
HYPK	0.00510003289937336	0.878396931658629
IAH1	-0.00914843168796471	0.868394335234805
IARS1	-0.0261105700375177	0.153444812757143
IARS2	-0.0205016945176198	0.202280143219165
IBA57	0.00436108987835483	0.883135448256194
IBTK	0.0265143112927319	0.780774774247149
ICA1	-0.0435799436046111	0.0503987318926918
ICA1L	-0.0317095213574889	0.124368064714789
ICAM1	0.309467522770727	4.10862536266204e-07
ICAM2	-0.0649706325262587	0.380876780471511
ICAM5	-0.00238147185960691	0.970478461796909
ICMT	0.0223626923893026	0.692273386996126
IDE	-0.0143454319048781	0.409683503330207
IDH1	0.0162891002887407	0.590995786633313
IDH2	-0.0960003243855213	0.000385226209943821
IDH3A	-0.0310556642041758	0.312288490401921
IDH3B	-0.0220430868171836	0.494430888074313
IDH3G	-0.0050240324042502	0.855490268124843
IDI1	-0.0422018339717175	0.130894259447063
IDNK	0.0365606929954932	0.524475002447133
IDS	0.00921123927289459	0.745545043788677
IDUA	0.0215473210258034	0.725773323685766
IER3IP1	0.0285981716294822	0.716870843848736
IFFO1	0.000369565929508348	0.993611803032361
IFFO2	0.0591725275819162	0.772887190860978
IFI16	-0.00474595751721255	0.934959841452682
IFI30	0.00174774095869412	0.986042276676904
IFI35	-0.0469189627029579	0.518593876051284
IFIT1	0.0653352095588152	0.408423117582804
IFIT2	-0.0244586728497747	0.794675934433236
IFIT3	0.0852025227452952	0.311066223199809
IFIT5	0.0391270844771888	0.100890162942363
IFITM10	0.0611301302969982	0.317420948107918
IFNGR1	-0.0302797387386031	0.389400536527239
IFT122	0.00796195914696217	0.80912180733025
IFT140	0.0132004817889563	0.758991027928095
IFT172	-0.036881268918891	0.350754157026452
IFT22	-0.0212058837285627	0.756725640408222
IFT25	0.038573341839061	0.405265111336494
IFT27	-0.00459395409033697	0.88027613072764
IFT43	-0.0164131918918219	0.762804998305798
IFT54	0.0621569861758474	0.293089986629391
IFT56	0.0884870948736507	0.311069538049345
IFT57	-0.0289434945122676	0.539492888774915
IFT74	0.0836774920660325	0.202016475803933
IFT81	-0.0484166762450058	0.246642937464478
IFT88	0.0681363432763859	0.192750956376177
IGBP1	-0.000862984042547858	0.963694577307406
IGF1R	0.0245492260915449	0.202280143219165
IGF2R	-0.00719443500706005	0.664831081986439
IGFBP2	0.0128317025560889	0.782555457022618
IGFBP4	0.0364252225116287	0.558771460883299
IGFBP5	0.196890388234352	0.000208171364170394
IGFBP6	0.0375488945910295	0.389400536527239
IGFBP7	-0.116799792978784	0.00741241849258014
IGHA1	0.155624878734411	0.418783238972665
IGHA2	0.17359768869776	0.280790985730654
IGHG1	0.0496315858033174	0.767117526218172
IGHG2	0.117410020584012	0.443085378203041
IGHG3	0.0109805587390001	0.956717907819403
IGHG4	0.20467848284467	0.327670337823617
IGHM	-0.100714335965667	0.560645535559211
IGHMBP2	0.0657118003082392	0.224856692551778
IGHV1-69	0.0780824980711976	0.691981607719875
IGHV3-11	0.0449019906236987	0.818690744664304
IGHV3-15	0.145024338343808	0.290512883306617
IGHV3-23	-0.00762635695614883	0.95148483702767
IGHV3-30	0.0554544280291384	0.741344519284619
IGHV3-72	0.11914760842466	0.229720677512988
IGHV3-74	0.0712086269071643	0.522975579323451
IGHV3OR16-12	0.00311630781216776	0.986989955285484
IGHV4-34	0.0455352293499096	0.793909294317729
IGHV5-51	-0.0218569653513729	0.912585335267028
IGKC	0.0657969010566585	0.502192486317265
IGKV1-5	-0.0549504239338838	0.502741280518331
IGKV1D-33	-0.0273426252964982	0.791340311941771
IGKV2-30	0.0200247457680345	0.918471236136906
IGKV2D-24	0.0340568782337579	0.882056791301597
IGKV3-11	0.0295360929603568	0.869818881708293
IGKV3-20	0.0328209577005918	0.858936783194613
IGKV4-1	0.0544480615052817	0.810344391604117
IGLC3	0.092089049897081	0.526970826253765
IGLL5	0.0835725753644093	0.597134228545639
IGLON5	-0.0194643664590338	0.506158001863352
IGLV1-51	0.000547625232039994	0.997399268702519
IGLV2-23	0.0740898992348469	0.57249156865911
IGLV3-10	-0.0146160997651645	0.940021897599503
IGLV3-19	-0.0174784630012555	0.912585335267028
IGLV3-21	0.111086158688667	0.562316039741882
IGLV3-25	0.0495364338662846	0.662212117799697
IGLV3-27	0.0925766610910752	0.553522842771039
IGSF1	0.0173904884786243	0.753247003441362
IGSF11	0.00176740475520827	0.980446944640667
IGSF21	0.00311864896671589	0.929650749097379
IGSF3	-0.00399810563944966	0.93006751693314
IGSF8	-0.00120091949054613	0.970110731225455
IGSF9B	-0.0318539708297779	0.190833435563254
IK	0.0227061440260638	0.563565013138851
IKBKB	0.0105487823913877	0.677846679695703
IKBKG	0.0247266323932226	0.119485598041896
IL16	0.0189968863108835	0.715241453375681
IL1RAP	0.0028950666204556	0.961684049338424
IL1RAPL1	-0.0254625922970068	0.346024015289831
IL6ST	0.0357109261728985	0.248228722794085
ILDR2	-0.00343122530493126	0.929321174805637
ILF2	0.0444388349024905	0.154854669936167
ILF3	0.000812361649336936	0.985690703640275
ILK	0.0153327774712418	0.615839980508611
ILKAP	0.0284080575228948	0.436426522922273
ILRUN	-0.00945548078413755	0.830818283719137
IMMT	-0.0380933336984339	0.0303318364973127
IMPA1	0.0126831373147008	0.735526256160122
IMPACT	-0.00172061267252969	0.959608609508394
IMPDH1	0.0478273894386152	0.138049376748255
IMPDH2	0.0253155158166565	0.1699635729869
INA	0.0240903875145156	0.662212117799697
INAFM1	0.0618828778364467	0.463671501376983
INAFM2	0.0641986787441859	0.153251122930347
INF2	-0.108583661494432	0.0012038237081437
ING1	0.0402397691614476	0.552678040895135
INIP	0.00238523768682403	0.970864181296129
INPP1	0.00505251188681935	0.843979605730897
INPP4A	0.064663325355448	0.121972625995735
INPP4B	0.0266921599574675	0.138873570059024
INPP5A	-0.0357848335037843	0.17387636416212
INPP5D	0.0265824405012981	0.495652838348761
INPP5E	-0.0101295316979982	0.820527716548958
INPP5F	0.010897881531028	0.718294601671832
INPP5J	0.0115954966917383	0.729241749851289
INPP5K	0.00104923347845389	0.972253034303153
INPPL1	0.0306340976213495	0.0635514746803425
INSR	0.0208026287555833	0.273759372905732
INTS1	0.0218079964324531	0.691981607719875
INTS14	0.0343110211489654	0.710536208455992
INTS3	-0.0262196876060411	0.504353088914663
INTS7	-0.0720428748156664	0.0853386720813681
INTS8	-0.0280032387840393	0.630768451970677
IP6K1	0.0261826802539329	0.287556206991662
IPO11	-0.0295530317254732	0.205993379090251
IPO13	-0.00660774223397832	0.879218284359758
IPO5	-0.0650042489442363	0.00485731996244953
IPO7	-0.0317558669475107	0.103399514490654
IPO8	0.0122193310435453	0.831170378275422
IPO9	0.0273458499626642	0.0392115712414087
IQCB1	-0.0145872977220511	0.840992050174337
IQGAP1	-0.00090301928835472	0.986042276676904
IQGAP2	0.0970332354267385	0.0608326375369777
IQSEC1	0.00924606648085735	0.598869387974464
IQSEC2	-0.0153419149128641	0.436440686634862
IQSEC3	-0.0413881829521768	0.0127051947641742
IRAG1	0.10639236155715	0.00975987084276009
IRAG2	0.00748566973391271	0.908360787550883
IRAK1	-0.0149699176962332	0.447371210822096
IREB2	-0.0553707987469424	0.173494059350163
IRF2BP1	0.0339043845432018	0.472779341326966
IRF2BP2	0.0182822006303616	0.676283951119379
IRF2BPL	0.0171805855164859	0.641131161989116
IRF3	-0.00333798099951316	0.935341346164147
IRF9	-0.0200531300379042	0.75717420265274
IRGQ	-0.0783993141041724	0.000199472955081377
IRS1	0.0124714111457339	0.719803566751546
IRS2	0.0120715928236966	0.571579391443106
ISCA1	0.00318472629029161	0.92368619823207
ISCA2	-0.00132467862984499	0.954284625278365
ISCU	-0.0384466136087921	0.108608423998272
ISG15	0.0409486420812113	0.749477741402826
ISLR	0.0674838190392316	0.149405998474533
ISLR2	0.0343138838858989	0.349484968081636
ISOC1	0.0427523377353942	0.0964958116360156
ISOC2	0.0728407543299345	0.146537971476329
IST1	-0.0194105604064781	0.214492357235612
ISY1	0.0366667094752373	0.38844152461568
ISYNA1	0.0451036593087195	0.103165451990385
ITCH	-0.0364524510565715	0.0199409590685718
ITFG1	0.0215043050687201	0.249560767636922
ITFG2	-0.0302971036730451	0.579342782338254
ITGA1	-0.0254489118772147	0.418545553814466
ITGA2	0.00570538489794004	0.947098165925792
ITGA3	0.0189453679900182	0.724181312907896
ITGA5	-0.0112924688013226	0.904214183366011
ITGA6	0.106738257283934	0.0166799017045624
ITGA7	0.0956103518961043	3.71835776425824e-05
ITGA9	0.044815501397671	0.514495350676959
ITGAM	0.0197260675737209	0.617501051821354
ITGAV	0.0877434877931206	4.0195606128064e-05
ITGAX	0.118861892302656	0.00457353132612868
ITGB1	0.0356139617877389	0.193325268053253
ITGB1BP1	-0.00850181018935814	0.878459265949496
ITGB2	0.0804665314297928	0.0244381082324114
ITGB4	0.0704545702461832	0.0139742998300077
ITGB5	0.0729321394505273	0.0416973092295831
ITGB8	0.0992772191243037	5.27401827228108e-05
ITIH1	0.0127186136610471	0.899525043525681
ITIH2	0.000659979367391983	0.994112294165668
ITIH3	0.0556268240725903	0.446943556862775
ITIH4	0.123337907019487	0.158260596105067
ITIH5	-0.0436027328506235	0.184645256955088
ITM2A	-0.0642163768309255	0.267630132235257
ITM2B	0.0427192931234773	0.125493927942979
ITM2C	-0.011258162436649	0.750501897780265
ITPA	-0.159766553312728	0.055450368182423
ITPK1	-0.000412642959205844	0.989561686907727
ITPKA	-0.0119337818419097	0.711079113597586
ITPKB	0.0683227491717798	0.019425203383595
ITPR1	0.0134679812487113	0.836083927552817
ITPR2	0.0855820445127988	5.1380004279311e-05
ITPRID2	0.127901945738306	0.0028590886620901
ITSN1	0.015629748808027	0.228257261383837
ITSN2	-0.0411819914345742	0.0104724214782696
IVD	-0.017634676441633	0.670560382544238
IVNS1ABP	0.0333837144775443	0.470283085175684
IWS1	-0.0127809441968178	0.790820217385926
JAG2	0.081603131373473	0.146237013702658
JAGN1	0.026892540666152	0.575776130472051
JAK1	0.0168325163981994	0.521041926177791
JAK2	0.0325685052577381	0.490645746559904
JAKMIP1	-0.0210585516483139	0.38694159548759
JAKMIP2	-0.00883334866810405	0.636653828927606
JAKMIP3	0.00105883411653213	0.96568044620989
JAM2	-0.0724268228544344	0.0195165057963569
JAM3	-0.0270141915159606	0.750361026460376
JCAD	-0.0490976670971397	0.0270051911883207
JCHAIN	0.0826460737377881	0.563170713457563
JMJD6	0.0835227857072133	0.21100777809237
JMJD7	0.0322448354363857	0.466832698690763
JMY	0.00197664913811436	0.937494346692006
JOSD1	-0.0144772292740177	0.764157036946989
JOSD2	-0.0340694827246188	0.408423117582804
JPH1	0.0280073637239938	0.213570513628017
JPH3	0.0351869409826277	0.133893975341105
JPH4	-0.0241239647346972	0.496001792267713
JPT1	-0.0282488866870398	0.319160936066214
JPT2	-0.0119316881634122	0.864051150529198
JTB	0.0599987145646617	0.184645256955088
JUND	-0.0356263260722261	0.537891064234986
JUP	0.0384399753548179	0.449673936010162
KALRN	-0.0733494954669352	0.00106127021610446
KANK1	0.0193658822942954	0.564819941175144
KANK2	0.04052257070657	0.21747715768431
KANK3	-0.0276228776960933	0.284103708962211
KARS1	-0.00771654905192397	0.666390695365035
KAT5	0.00908530971661015	0.949802456746656
KAT6A	0.116115079976362	0.129336831621697
KAT7	0.015781548373507	0.791340311941771
KATNA1	-0.00989449567486483	0.878302210828611
KATNAL1	-0.038565874294991	0.0676395212800214
KATNB1	-0.0339187657023065	0.0561694642336725
KAZN	-0.0169809878255969	0.596978752278244
KBTBD11	0.0298665494547653	0.0319068802990214
KBTBD2	0.00569224432686748	0.883135448256194
KBTBD3	-0.0366237360909626	0.311462855216807
KBTBD6	0.0477490060774098	0.139973878578505
KCMF1	0.0174843565443483	0.467475420482449
KCNA1	-0.0174803753490756	0.774653920255882
KCNA2	-0.0401354493792375	0.208950054162993
KCNA3	0.0303914601033091	0.285028925547241
KCNA4	0.0107026794190669	0.729241749851289
KCNAB1	-0.0151109548813266	0.531034946110818
KCNAB2	-0.062046050449211	0.238200185924278
KCNB1	-0.0181408022777843	0.576739573238137
KCNB2	-0.0104848636604659	0.89390850925084
KCNC1	0.071818075814945	0.0627406220142872
KCNC2	0.0464643395942168	0.0644782372706522
KCNC3	0.0213796424685416	0.768175019460416
KCNC4	0.0470305660039529	0.236312742444467
KCND1	0.0542299867111526	0.211029377247758
KCND2	0.0231534141968647	0.507325970700586
KCND3	0.0261546656986309	0.209516814910182
KCNH1	0.0032344728299272	0.918994457090728
KCNH5	-0.0519771644710371	0.470898856312462
KCNH7	-0.0667805569036994	0.240927896818098
KCNIP1	0.0341820691045309	0.648375751276922
KCNIP2	0.0422325076743858	0.302075393269217
KCNIP3	-0.0625269433023158	0.154316401268089
KCNIP4	-0.00321530298709109	0.929796987578349
KCNJ10	0.014974141824518	0.796742210431181
KCNJ11	-0.0169125126434137	0.737817574699891
KCNJ3	0.0268446633248117	0.396104912996594
KCNJ4	-0.0352474305271773	0.275189733879456
KCNJ6	0.0362312725556565	0.265793494668721
KCNJ9	0.0337851418428866	0.604177714161751
KCNK1	0.0860106567671242	0.141288021831834
KCNK10	0.0619615127544385	0.10778781140337
KCNK4	-0.00393895146902706	0.959721423135434
KCNK9	0.0150332527420456	0.826105036854754
KCNMA1	-0.0340084270711308	0.296738411422681
KCNMB4	-0.0131864275146013	0.864275310337365
KCNN2	-0.00561335559286127	0.934295162584948
KCNN3	0.0966498412675514	0.000106208667562507
KCNQ2	-0.0253912297053371	0.312538032080868
KCNQ3	-0.0119829850313331	0.778816850419455
KCNQ5	0.00887994738449825	0.807329158317215
KCNT1	0.00290220024181323	0.96809813167098
KCTD1	0.0344876574334147	0.303811332300192
KCTD10	0.0220394855675534	0.21100777809237
KCTD12	0.0521395869236274	0.056323960228977
KCTD13	-0.038522296665572	0.420981031246339
KCTD15	0.00436296040173739	0.95479379879677
KCTD16	-0.0133333118066914	0.741119937251834
KCTD2	0.0342568428759933	0.369550602331438
KCTD21	-0.0720698103172928	0.164200286359194
KCTD3	-0.0292025939891409	0.587190066291477
KCTD4	-0.0151405666271349	0.873531338152322
KCTD5	0.00528579088718056	0.92553022747327
KCTD6	0.0026088258041764	0.959016770853534
KCTD8	0.0213396403952637	0.444582270188895
KCTD9	0.0240189820694622	0.785745056147644
KDELR1	-0.0651754510909209	0.508617732452669
KDM1A	0.00583734803663645	0.872291193942915
KDM3B	0.0267194408487491	0.518593876051284
KDM5A	0.00203512974722675	0.972014232251844
KDM5C	0.000577177014154689	0.99567753110842
KDM8	0.0461901561447974	0.344883293539913
KDSR	-0.104472078188792	0.405283119017284
KGD4	-0.0204863831604421	0.369909233359571
KHDC4	0.0702946822821585	0.195579727374272
KHDRBS1	-0.0316225239209959	0.404863755849319
KHDRBS2	-0.0043795837882282	0.934295162584948
KHDRBS3	0.00329201012311071	0.927842226546579
KHK	0.0837720461515118	0.184799026578829
KHSRP	0.0122019549410037	0.787578402225216
KIAA0319	-0.0141575585482098	0.877184442377969
KIAA0319L	0.00675653738805198	0.741722423060006
KIAA0513	-0.00297991603058131	0.93821685108963
KIAA0930	0.012620999006012	0.661038276988169
KIAA1143	0.00911627796300021	0.815494895952974
KIAA1191	-0.0748146625616583	0.00225420992718826
KIAA1217	0.0106041178118224	0.615633119529308
KIAA1549	-0.0664405534415111	0.0416973092295831
KIAA1549L	-0.086874722997268	0.00229802835820231
KIAA1671	0.00775790896788658	0.741344519284619
KIAA2013	-0.0474877455387948	0.397523212590643
KIDINS220	-0.0129118608935714	0.595434309491661
KIF13A	0.159795677916041	0.0221092141807242
KIF13B	0.0670660588436298	0.00290459834351336
KIF1A	-0.0277954028055106	0.0687539328801455
KIF1B	-0.0306412563700103	0.278589850462777
KIF1C	0.0402890880759995	0.0852120362958025
KIF21A	-0.0303543407584974	0.106154104986009
KIF21B	0.0139417136833568	0.661038276988169
KIF27	0.049387555895568	0.583023412841761
KIF2A	0.0166341838396176	0.744068164128241
KIF3A	-0.0215012632788613	0.156353853472331
KIF3B	-0.0264157565828219	0.0897951492334576
KIF3C	-0.0208214605837538	0.473572867906666
KIF5A	-0.104136392899803	0.000148314589732914
KIF5B	-0.0108189513267173	0.485304679873724
KIF5C	-0.0445520289316074	0.0200365460544411
KIF7	-0.00746794658106587	0.986989955285484
KIFAP3	-0.062861702535038	0.00172229418465294
KIFBP	-0.0308673305260388	0.124442505184433
KIFC2	-0.0376257548307497	0.181758397895816
KIFC3	0.0296770373053732	0.845859687384935
KIRREL3	0.00767082629599591	0.864275310337365
KIT	0.0108035219096943	0.802007573381496
KLC1	-0.0715353591258697	0.269762344634237
KLC2	-0.0474504283664845	0.00125252453169045
KLC4	0.0174706058257192	0.308765339625076
KLHDC2	0.142513707288412	0.0572582012553631
KLHDC3	-0.00203581082765521	0.967092822048333
KLHDC9	0.0249540380260644	0.594636268728269
KLHL11	0.0106075736035105	0.69898177245356
KLHL22	0.00693752329726228	0.701623791086357
KLHL26	-0.00618880037604924	0.84105516352577
KLHL3	-0.063486183492992	0.105754312983011
KLHL36	0.0726711527671507	0.172879578604548
KLHL4	-0.0781352334977471	0.2834870586259
KLHL42	-0.0349433769634013	0.243583714816596
KLHL5	-0.0348811675442904	0.39984137286297
KLHL9	-0.00393030410044609	0.939668910733652
KLK6	-0.0171738858503295	0.860318472720191
KLKB1	0.0479088685633569	0.562607041503964
KMT2A	0.0767835189815038	0.420506320152525
KNDC1	-0.0307362610636085	0.285358346470098
KNG1	0.119572923054268	0.244647839273143
KPNA1	0.000185583660033906	0.993417956177395
KPNA2	0.0698383912005992	0.0496653556681327
KPNA3	0.0294865220665475	0.115870782809485
KPNA4	0.03318480665723	0.0175405696878741
KPNA5	-0.0040061582075242	0.932407243743568
KPNA6	-0.0224043909219361	0.23230827343749
KPNB1	0.0104276749251472	0.470898856312462
KPTN	-0.0222317635693059	0.762681225446106
KRAS	-0.0614381103262898	0.125741777034419
KRI1	0.0683585406538097	0.231431513732173
KRIT1	0.052873152684011	0.318778967948762
KRR1	0.0602267350970434	0.256860722085415
KRT1	0.089731143572731	0.53669781673678
KRT10	0.0702816713171523	0.649420922535549
KRT14	0.0336871046241012	0.848074283543528
KRT16	0.013142960484201	0.95172022191032
KRT17	-0.0313001410380037	0.907983541652567
KRT2	0.0919521055599837	0.545094938175976
KRT222	0.00879013981285397	0.850440191349333
KRT5	0.0417164991953851	0.780382133290198
KRT6A	-0.0348589030306897	0.874667901079671
KRT77	0.0879782738366284	0.485405163390078
KRT78	0.040097310189027	0.579645000486542
KRT86	0.250959860961759	0.0501412543932821
KRT9	0.0502950964641828	0.753536856418084
KSR1	0.0266340508547668	0.0507243453455386
KSR2	0.0203366432844551	0.421938385273373
KTI12	0.00392569089341762	0.937120645786888
KTN1	-0.0200975747841108	0.337851677027715
KXD1	0.016607294009835	0.67411352065609
KYAT1	-0.0102820181934593	0.722899391202473
KYAT3	-0.0431294490274045	0.560497413363135
L1CAM	0.0441564360507044	0.0997481131825483
L2HGDH	-0.0608117454073103	0.00259929280548211
L3HYPDH	0.0217774372769958	0.813722010756554
LACTB	-0.0201386463468032	0.587261673909428
LACTB2	0.0139395980345462	0.608443455781681
LAGE3	0.0662851294586053	0.0267482168355367
LAMA1	0.0923631738665864	0.0238822494943913
LAMA2	0.00947553432056675	0.807553635436309
LAMA4	-0.00577085939621783	0.909310876500408
LAMA5	-0.00313796752070646	0.958062498049516
LAMB1	-0.0286191172279375	0.469348518519658
LAMB2	-0.00580426448317656	0.904379126090563
LAMC1	-0.0104990838966471	0.830319470445127
LAMC3	0.0115284727308866	0.852387921472075
LAMP1	0.0295569304910438	0.338259721889159
LAMP2	0.01721451308279	0.820859276474539
LAMP5	0.0078135608336497	0.883721853636759
LAMTOR1	0.0338585124141724	0.162022999046932
LAMTOR2	-0.0116565793499213	0.608111439532034
LAMTOR3	0.0294074329127975	0.210684384283244
LAMTOR4	-0.104780754286186	0.11916753620969
LAMTOR5	0.0040370968544356	0.910435400022491
LANCL1	0.0101826119963963	0.636579328815371
LANCL2	-0.0505648144050651	0.0206232461358222
LANCL3	0.0425482859904482	0.20132128101128
LAP3	-0.0415535682983275	0.374189435935646
LARP1	-0.0486055211631903	0.00425978043128026
LARP1B	-0.0724168370428399	0.227916644116056
LARP4	0.00245007071189257	0.96289662055811
LARP4B	-0.0432892194169179	0.048754087656867
LARP6	-0.0563524599280383	0.0503832361982835
LARP7	0.0149851702739438	0.675706079136969
LARS1	-0.0333171770136848	0.0614227394698357
LARS2	-0.0082234352430596	0.825557500669192
LAS1L	0.00156894009499228	0.969526841406855
LASP1	-0.0139112528194948	0.579342782338254
LBH	-0.0802800306769646	0.0963926573078914
LBP	-0.0550561810317332	0.708005599853494
LBR	0.00225430893639278	0.969077843233531
LCLAT1	-0.0461580892438024	0.0207145781270901
LCMT1	0.0214488488115186	0.178073915368801
LCN2	0.0154072444975786	0.917518915024487
LCP1	0.0320902579373497	0.570144813594923
LDAH	0.0081653647955805	0.876019200440348
LDB2	-0.0158836016335449	0.84509602373156
LDB3	-0.0701134295453863	0.328670557877854
LDHA	-0.0221258139433479	0.344670060114155
LDHB	-0.0756648836939328	0.440930032181716
LDHD	-0.0223812028461688	0.550014770184664
LDLRAP1	-0.0210974083434629	0.883135448256194
LEMD2	0.0264995404326602	0.251878656005377
LEMD3	0.0127404069178723	0.589632177789222
LENG1	-0.0190777935306725	0.80908428249782
LENG9	0.028981714115875	0.786454987710866
LEO1	0.0271937682413678	0.587190066291477
LETM1	-0.0178585703959796	0.437289359479051
LETMD1	-0.0482333663685189	0.0253997461963725
LGALS1	0.020967941727023	0.516059278252289
LGALS3	0.0460768494172657	0.277363591132187
LGALS3BP	-0.0809766347729539	0.163162624779676
LGALS7	0.0110761883951622	0.947598028301655
LGALS8	0.00761977088930826	0.847543957884701
LGALS9	0.0294986521293366	0.587190066291477
LGALSL	0.0244422697643464	0.141741902915302
LGI1	-0.0104303414194132	0.725373314424073
LGI2	-0.0678769118648417	0.213738913029535
LGI3	-0.0468591078971908	0.522542722885696
LGI4	0.102088513728651	0.000183563917280693
LGMN	0.00863838589322438	0.896207708489559
LHFPL2	0.0307836186809068	0.497825943583207
LHPP	0.0664105541340664	0.0198611120244677
LIAS	-0.0186358350759214	0.603103170759695
LIFR	0.0019878112848758	0.969046074219213
LIG3	0.0135657880056363	0.725873215364055
LIG4	-0.0207778891993845	0.619870152448168
LIMA1	0.0436147155662275	0.334944353527652
LIMCH1	-0.323504924707285	0.307200030226473
LIMD2	0.0612957108730225	0.587190066291477
LIME1	0.0402212424045611	0.415817706527188
LIMK1	-0.0225334122640774	0.328138207095859
LIMS1	0.0188052792047198	0.429350518866206
LIN7A	0.0366469606974576	0.0724960365504324
LIN7B	0.00041324892133443	0.988466309101587
LIN7C	0.0174220988918304	0.456577804775081
LINGO1	-0.0610953670302025	0.0423380022913813
LINGO2	0.000553908976811384	0.988712894745568
LIPA	-0.0701301882606472	0.319160936066214
LIPE	-0.0418688576306715	0.578434525034727
LIPT2	-0.0430698421755457	0.285594155102808
LLGL1	0.0424524084558741	0.231956158058958
LLGL2	-0.0367552137029369	0.631605769671385
LMAN1	0.0157611349984863	0.564981280441588
LMAN2	-0.0396394011475168	0.00344632682473134
LMAN2L	0.0572047530124206	0.147433176182619
LMBRD1	0.00285032233072724	0.950373688213714
LMBRD2	0.0449334486605726	0.0697343047335714
LMCD1	-0.00571939603728169	0.895990389717157
LMF1	0.00146292272153214	0.980446944640667
LMF2	0.042252198038043	0.39711992634497
LMNA	0.00291877669769795	0.954733606386785
LMNB1	0.0463844898207011	0.356001538008376
LMNB2	0.0486603216705716	0.241650101021289
LMO3	0.0567323775240655	0.188677736378619
LMO4	0.0386823360205661	0.389366264821879
LMO7	-0.0321532412495249	0.250686387410228
LMOD1	-0.131564290265135	0.0607152461439509
LMTK2	-0.044930827622426	0.00921376497122686
LMTK3	0.00494945982714187	0.836626171512734
LNPEP	0.0271761292776117	0.23303431789944
LNPK	-0.0131526036932759	0.436735792954536
LOC102724023	-0.0078218998850077	0.867161668427272
LONP1	-0.0364154837097875	0.0990776966381171
LONP2	-0.0284521659826292	0.447897726605853
LONRF2	0.0155951833249255	0.569799211153126
LPA	0.101415133668021	0.559063046948121
LPAR1	-0.102531739205112	0.298862831379224
LPCAT1	-0.0162309667932024	0.505940823393807
LPCAT2	-0.0106527044831441	0.847134365756814
LPCAT3	-0.0275635581287112	0.598549713367251
LPCAT4	-0.0425621286325982	0.0644198488666941
LPGAT1	-0.0449582891557992	0.0294889549989282
LPIN1	0.0864757699608214	0.00371213500044054
LPIN2	0.00415467176939659	0.875872691293241
LPP	0.123804349039031	0.0936232227589091
LRATD1	0.0197552121738079	0.770460126337626
LRATD2	0.0968064885603242	0.131977578772627
LRBA	0.0180947697396565	0.372693009464533
LRCH1	0.0454841112424653	0.213570513628017
LRCH2	-0.0313390996414577	0.401384113087504
LRCH3	0.0405982174229399	0.436735792954536
LRFN1	0.0247296158239715	0.368174808318839
LRFN2	-0.00287381349018749	0.934400127650668
LRFN3	0.0325120212492616	0.169900293305455
LRFN4	0.0122502717837854	0.748084590640942
LRFN5	0.00203443609609854	0.95439869096369
LRG1	0.0460562015572831	0.682550592000707
LRIG1	0.0243269347383486	0.546376453389411
LRP1	0.0531610260830192	0.000183563917280693
LRP11	0.0397119541346758	0.170760084434432
LRP1B	-0.0203653941652205	0.265895395864077
LRP3	0.123806596190911	0.275189733879456
LRP4	0.0373584498883206	0.348969616583485
LRP8	-0.0292362350313382	0.530445091134296
LRPAP1	-0.00763037021272134	0.767487589927828
LRPPRC	-0.108597075691341	0.000162171624061325
LRRC14	0.00443865103600566	0.904269426905732
LRRC20	0.00290395800719082	0.918820957673596
LRRC4	-0.00401865488531611	0.93821685108963
LRRC40	-0.0197291170857943	0.139375318104829
LRRC41	-0.0673906597722516	0.301544717465016
LRRC47	-0.00767047471071661	0.813373078891732
LRRC49	-0.0321761986760844	0.282161708173344
LRRC4B	-0.0701650118780157	0.000411396527297211
LRRC4C	0.0167164319886046	0.645172898991634
LRRC57	-0.0473080149679969	0.0291699916049023
LRRC58	-0.0421679489370659	0.354142790047168
LRRC59	-0.0240625769810272	0.206594504535638
LRRC7	-0.0200584506272003	0.449422415862094
LRRC73	-0.064655251200332	0.0233442101437163
LRRC75A	-0.0800194386355701	0.000102208774090547
LRRC8A	0.0145262188479007	0.497644235301174
LRRC8B	-0.0196514076996344	0.526954421723058
LRRC8C	0.00362775753386672	0.925329249030148
LRRC8D	0.00984701303740076	0.605192373832249
LRRFIP1	-0.0328242081946033	0.0942404126157974
LRRFIP2	0.0186251810632294	0.11916753620969
LRRK1	0.0164300261908279	0.790076589753558
LRRK2	-0.0391239666483367	0.588884295980591
LRRN1	0.0555775960318787	0.152230878447958
LRRTM1	0.00473016999947079	0.940021897599503
LRRTM2	0.00834970100523327	0.762670547357518
LRRTM3	-0.0279046668858041	0.368174808318839
LRRTM4	-0.0395584108494469	0.261427724501454
LRSAM1	-0.0132242214726618	0.497167831870805
LRTM2	-0.0647110381816606	0.0308110840734784
LRWD1	0.0559160422847351	0.194642873735217
LSAMP	0.0171280562982349	0.319976080531462
LSG1	0.0223147614859673	0.371298826778154
LSM1	-0.00275766635266572	0.948383802770076
LSM11	-0.0583448109636828	0.35366349751808
LSM12	-0.0199190401768342	0.322910631111711
LSM14A	-0.0121502559946258	0.790182313294656
LSM14B	0.0566325023928886	0.240779072292864
LSM2	-0.00277393039843149	0.940938049269421
LSM3	0.030734035399189	0.274687689339576
LSM4	-0.0195230743619217	0.712337375657219
LSM6	0.0325149365670734	0.267835060568556
LSM7	0.0355884835664861	0.239944170734663
LSM8	0.0213032038118515	0.470898856312462
LSP1	0.135533091679178	0.0528356747932819
LSS	0.00551735484385524	0.930866578063438
LTA4H	0.0580971883209282	0.0198856009690864
LTAP1	0.00170343792235204	0.960944290080904
LTF	0.105503011510085	0.256952831593579
LTN1	-0.0380774852217293	0.0229391849155932
LUC7L	0.0522185010507679	0.222287524873063
LUC7L2	0.0799343717054055	0.0245486943062263
LUC7L3	0.0382252874166528	0.374261524994312
LUM	-0.139856025437951	0.0866876873229339
LURAP1	-0.0496355946434964	0.261765314219192
LUZP1	0.0146502440512981	0.595260678363392
LXN	0.0651245653049524	0.209516814910182
LY6H	-0.0935086718205866	0.202911612992506
LYAR	0.0139281396961018	0.83958674603974
LYN	0.0221967511322013	0.651802347899125
LYNX1	-0.123087820673493	0.129336831621697
LYPD1	-0.00891854372897954	0.912738213278385
LYPD6	0.0258334727237098	0.625272531516394
LYPLA1	-0.0400715471508852	0.0223653779060274
LYPLA2	-0.0102436004591452	0.716677153173705
LYPLAL1	0.00191252550625881	0.961788849592064
LYRM1	-0.0365612646869752	0.257621264453804
LYRM2	-0.00965358090726413	0.862228019690323
LYRM4	-0.0334073053866488	0.420506320152525
LYRM7	-0.0336532428039205	0.304450508989672
LYRM9	-0.0358064237387166	0.554152310592501
LYSMD1	0.00626619944710222	0.830681125495492
LYSMD2	0.0395634832514054	0.0633137077010809
LYST	0.0184937303291553	0.325118192508671
LYVE1	-0.0525113700263233	0.491813688448165
LYZ	0.00495699024150265	0.969086210282662
LZIC	0.00779716489580712	0.813373078891732
LZTFL1	-0.0287387909009779	0.23303431789944
LZTR1	0.0241729667461952	0.535251121141163
LZTS1	-0.0415391064468151	0.265742650160378
LZTS2	0.0197862172077119	0.692638828751002
LZTS3	-0.0352584325508597	0.164523309547512
M6PR	-0.0241379938829455	0.336649511297
MACF1	-0.0496867525286429	0.354271885378553
MACIR	0.0779704181233154	0.130238546306789
MACO1	-0.0182675587580592	0.620646165447119
MACROD1	0.129441339745099	0.000321558817180322
MACROD2	0.0410083499992205	0.0571212905474599
MACROH2A1	0.0597704286499514	0.229087089568746
MACROH2A2	0.0769510153157172	0.156353853472331
MAD1L1	0.0589329664124653	0.00809621062657368
MAD2L1	-0.0170034275431903	0.792232197765244
MADD	-0.0697137542356685	0.329493626465146
MAEA	-0.0227507441998815	0.436690661427985
MAF1	0.0397655349767288	0.393280979164322
MAFG	0.0127986729697518	0.799765274805947
MAG	-0.0644229290139475	0.539193211915746
MAGED1	-0.0528294276483108	0.0658644196796562
MAGED2	-0.00151195146575381	0.964068371958125
MAGED4B	-0.0185300809600561	0.587894874167167
MAGEE1	-0.0934743313627439	0.0303318364973127
MAGI1	-0.0422286918696703	0.00670040444490167
MAGI2	-0.00368640614619391	0.829689953694755
MAGI3	-0.0302026778024608	0.0724698203594038
MAGOH	0.00898779698842725	0.838891160317754
MAGT1	-0.0282142925170264	0.437808768264891
MAIP1	-0.0144095112342355	0.411616265762717
MAK16	0.0434607049745444	0.398125713278403
MAL2	0.0287786889827455	0.532893722969207
MALSU1	0.0663612134530826	0.373227322891812
MAN1A2	0.0387204546065054	0.427818233664456
MAN1B1	-0.00271512904078669	0.978459875314283
MAN1C1	-0.040122519470304	0.673295940494109
MAN2A2	0.0592532877428395	0.0544507322708187
MAN2B1	0.0016197945350184	0.980446944640667
MAN2B2	-0.0205284425468009	0.738921077540269
MAN2C1	0.0127831564209203	0.707856116724666
MANBAL	0.028562288462825	0.5157256551213
MANEAL	-0.0826575980263308	0.0684193198717024
MANF	-0.0386524163165028	0.199547957852359
MAOA	0.0101093552486372	0.727297549545237
MAOB	0.0858488042435464	0.00921376497122686
MAP1A	-0.0160120946783472	0.520670142847774
MAP1B	-0.0548255832495064	0.0097378075087121
MAP1LC3A	-0.0233185144885122	0.355296313429999
MAP1LC3B	0.0891801313204681	0.244938303477843
MAP1S	0.0268513201025686	0.216618486997909
MAP2	-0.0650494891550585	0.0690751873606808
MAP2K1	0.032380072928786	0.131657691620281
MAP2K2	0.0187397670653331	0.360242066128746
MAP2K3	0.0844371413301241	0.0193034933090653
MAP2K4	-0.0441316975603328	0.0234566322055007
MAP2K5	-0.140732138182661	0.0289184657885936
MAP2K6	0.0647060865712638	0.0014509389163336
MAP2K7	-0.00410321993974952	0.876398271678487
MAP3K10	0.0191809005537255	0.294251882817882
MAP3K12	0.0189411418707843	0.369749627393329
MAP3K13	-0.0686260737029042	0.0221092141807242
MAP3K2	-0.0183310383551263	0.729241749851289
MAP3K20	0.0529613312258484	0.21313515572516
MAP3K4	0.034780188589979	0.157265042333
MAP3K5	0.0739023398261192	2.11617025975858e-05
MAP3K7	0.00751457134095573	0.661038276988169
MAP4	0.147833445515218	0.0148523647985306
MAP4K2	-0.0118223703375076	0.661831164507965
MAP4K3	-0.0384109100290484	0.00696535999399971
MAP4K4	0.0579382974107484	0.201739233216807
MAP4K5	-0.00813606054470362	0.864051150529198
MAP6	-0.00620890786122467	0.824385979170801
MAP6D1	0.0470209374256174	0.561412351305975
MAP7	0.0545726310325302	0.332355902062914
MAP7D1	-0.0540627025218119	0.00131957757567891
MAP7D2	-0.0411236178964668	0.0424471124744352
MAP9	-0.0378910358934706	0.221830492283314
MAPDA	-0.0445380021972615	0.374182969272282
MAPK1	0.0869809927052503	0.000366018365182651
MAPK10	-0.0326837012608497	0.126366787959523
MAPK11	-0.0253409294791102	0.401697446608997
MAPK12	0.0375556293105097	0.269550339019869
MAPK14	-0.00398106018521219	0.906009235555223
MAPK3	0.080774459792319	0.00222741984341296
MAPK4	0.0231893716408527	0.675990556540921
MAPK7	0.0434746914270572	0.236431849213782
MAPK8	-0.00520861859657619	0.913847645339124
MAPK8IP1	0.02201997773709	0.419478441791911
MAPK8IP2	-0.0168195799261669	0.605574053937597
MAPK8IP3	-0.0293154447537307	0.0693637297140629
MAPK9	-0.0642362823291455	0.112042563331914
MAPKAP1	0.0338191995321327	0.624149356130376
MAPKAPK2	0.0374420294310602	0.126235172427811
MAPRE1	0.0154773502698762	0.449673936010162
MAPRE2	-0.00759126729206548	0.727251840147089
MAPRE3	0.0398285499863952	0.135984415406291
MAPT	-0.0389564615223147	0.173015774146089
MARCHF1	0.0271180890803105	0.497988290641463
MARCHF5	0.0189429351011293	0.562124283490239
MARCKS	0.0331193382194251	0.450901680801948
MARCKSL1	0.0350496930389451	0.394637736162447
MARK1	-0.0431958805589223	0.436808784757783
MARK2	-0.070309291018308	0.308136870668884
MARK3	-0.00462672312652923	0.780382133290198
MARK4	-0.0204334846100725	0.291414603986071
MARS1	-0.0110997456546828	0.472799575540263
MARS2	0.0300010056977516	0.477503827891709
MAST1	0.0379655747832112	0.0186310613826029
MAST3	-0.0565130690230001	0.0375018439269622
MAST4	0.0277751491806785	0.111142874976908
MAT2A	0.010162270257821	0.561005531344398
MAT2B	0.00798490610122447	0.697856461295378
MATK	0.0220490734404682	0.429269321985727
MATN2	0.0733836299806378	0.305740021323332
MATR3	0.032226362808107	0.268503914346497
MAVS	-0.0222129036088019	0.467025206568592
MAX	0.0494985427656212	0.44246964592051
MB21D2	0.063086521642671	0.00622414416554561
MBD1	0.0416124154236493	0.397497959786679
MBD2	0.00304998619175992	0.964068371958125
MBD3	0.0159133889901804	0.713142689429973
MBLAC1	0.0548652612834553	0.0884168077680621
MBLAC2	0.000867684237927581	0.973189989903992
MBNL1	0.0439359713831681	0.0199409590685718
MBNL2	0.0558650036367444	0.0980728056751078
MBOAT2	-0.0614278698668431	0.0193941497187234
MBOAT7	-0.0242542629129223	0.537861870732562
MBP	-0.163040253815894	0.241650101021289
MCAM	-0.0084104069491136	0.91857406800471
MCAT	-0.0140549866965891	0.606512876666944
MCC	0.0107285358652302	0.758785697653828
MCCC1	0.000395971820841487	0.98976515412231
MCCC2	-0.00413824042352193	0.880752559664714
MCEE	-0.00119718622671899	0.986649900029459
MCF2L	0.0432072250746782	0.0608500232043645
MCF2L2	0.0669399099424652	0.00173069023747038
MCFD2	-0.0284184969424833	0.474791464650208
MCM3AP	-0.0214004578391855	0.487799882131619
MCM4	0.0167975215385752	0.856594747376427
MCM6	0.0280738392023592	0.817204482914079
MCMBP	-0.00600469785009185	0.887131754524009
MCOLN1	-0.00209006307251153	0.969046074219213
MCRIP1	-0.0761615581722195	0.0249484647392685
MCRIP2	-0.00492748493160666	0.96997132744251
MCTP1	0.00746767005109956	0.753043705738937
MCTS1	-0.0321257295762039	0.154316401268089
MCU	-0.0215434649235066	0.4609425506015
MCUB	0.0992943156568894	0.107461485797998
MCUR1	0.034402809043297	0.249040406428438
MDC1	-0.0297571222852672	0.352265122340163
MDGA1	0.0370953924398204	0.523427090140824
MDGA2	-0.0339357320286432	0.0672100104856296
MDH1	0.00128974840809151	0.961611225775975
MDH2	-0.015489188167462	0.610969043226433
MDK	1.41325452625135	8.96600558137001e-22
MDN1	0.0506498028985108	0.0853278897502618
MDP1	0.0227582334126424	0.790481797089674
ME1	-0.0311677912997447	0.35722416254198
ME2	-0.0390598626794792	0.0936232227589091
ME3	-0.0321789248092424	0.296647746779935
MEA1	-0.00578907406090035	0.886551089236189
MEAF6	0.0480869096888442	0.471903139054107
MEAK7	-0.0182218289881868	0.583045582879022
MECP2	0.0568931688841735	0.206282787566157
MECR	-0.0413767912727476	0.0612621927150326
MED10	0.0389170612166743	0.495652838348761
MED15	0.0471864402033619	0.384754675924413
MED16	0.0254332039990884	0.712056869546463
MED17	-0.014854731370677	0.808438373304313
MED18	0.00180352622441621	0.98352059473947
MED21	0.0748244306971209	0.181382790875904
MED22	0.0802307830224458	0.0614227394698357
MED28	-0.0155462632327103	0.636737089678169
MED29	-0.0381620904978483	0.319160936066214
MED4	0.00629945361422352	0.862228019690323
MED6	0.00377043226416318	0.95836615559205
MED8	0.0950344697523611	0.478192675769752
MEF2A	0.0400728466165487	0.578035697789603
MEF2C	-0.00312320754374304	0.952455417322544
MEF2D	0.00300920550479102	0.961528508868999
MEGF10	0.0275164106055956	0.506158001863352
MEGF8	-0.0033146469698456	0.928893534948127
MEGF9	0.0529578347625302	0.00872615983655788
MELTF	-0.00833966037606776	0.869818881708293
MEMO1	0.00048797050996921	0.988728560428408
MEN1	0.0719436895392702	0.169900293305455
MEPCE	0.0508236417063949	0.213570513628017
MERTK	-0.00561284743665855	0.883135448256194
MESD	0.00913892343906397	0.63723129746145
MEST	-0.00578721228330183	0.937197645185531
MET	0.0232747983228042	0.7183247798167
METAP1	0.0232095478804918	0.0795283021009781
METAP1D	-0.0105067887497356	0.864051150529198
METAP2	0.0189478767200927	0.304450508989672
METTL13	-0.00231668438653246	0.933113084279461
METTL14	0.000970353887346453	0.986712592587214
METTL16	0.0181086030833178	0.710483554454625
METTL17	0.0685137996725674	0.122590416789063
METTL26	0.020269253608232	0.442267083423562
METTL3	0.0265564305428413	0.412713631795338
METTL5	0.035162506531507	0.557311200167994
METTL9	-0.0401290420376098	0.355427838676076
MFAP1	0.0141270091350948	0.799102922984565
MFAP2	-0.0291563712322355	0.812169513308267
MFAP3L	0.0664074452754146	0.149645891684729
MFF	-0.0252409651921935	0.201116161595722
MFGE8	-0.0792344258324193	0.221224107071728
MFHAS1	0.0124554345099385	0.846053850466929
MFN1	0.00111321163096154	0.96289662055811
MFN2	-0.0347009714863878	0.0256189794546544
MFSD11	0.032191040098056	0.375720078818582
MFSD6	0.0700473921343717	0.0305850250159303
MGARP	0.105581885814035	0.295264732859199
MGAT1	0.00356166287810453	0.970478461796909
MGAT5	0.0652770836148975	0.188924865160416
MGLL	-0.0882020402809791	0.000229960804944827
MGMT	0.0130313801644222	0.870178550888243
MGRN1	0.00748689721885703	0.758991027928095
MGST1	0.0222653704548403	0.723972210215783
MGST2	0.067245817931698	0.0911728774015788
MGST3	-0.0744905310697476	0.0714356428623004
MIA2	-0.00445550800214231	0.812169513308267
MIA3	-0.00524738032139574	0.771981104515991
MIB1	0.0139439163078339	0.654412603826695
MIB2	0.0204925918867222	0.452203268395678
MICAL1	0.00835247711515949	0.794675934433236
MICAL3	0.0624070816939238	0.69898177245356
MICALL1	-0.0424940218053796	0.381844406474246
MICALL2	0.102258283214674	0.0528356747932819
MICOS13	-0.0368976350479364	0.256229282492161
MICU1	-0.00997287146087453	0.697543417384855
MICU2	-0.0161165788997419	0.802428205605409
MICU3	-0.00524133252385572	0.864051150529198
MID1	0.00698584221422177	0.87061397215442
MID1IP1	0.0202029104804817	0.810598623904747
MID2	0.0827723372898839	0.0168169372252776
MIEF1	-0.0238006934966442	0.372085996303652
MIEN1	-0.00869131962144342	0.669297729293424
MIF	0.0213120260581654	0.454888962387718
MIF4GD	0.0382783497986011	0.25618711390313
MIGA1	-0.0946791495417682	0.000412407422520833
MIGA2	-0.00448734002354334	0.92553022747327
MIMS1	-0.00642257673197179	0.862526864012544
MIMS2	0.0138753219847618	0.712838601044472
MINDY1	0.00248163616775116	0.967895651944072
MINDY2	0.0476169190525359	0.0302681085528551
MINDY3	-0.0450868811917148	0.0952342709055852
MINDY4	-0.0257270368550382	0.791340311941771
MINK1	-0.0255879571504702	0.247685497198114
MINPP1	0.0106402844137288	0.733875347791164
MIOS	-0.00638234421099551	0.788399273630374
MIPEP	-0.0152106655970879	0.706963592066144
MISO1	0.0072962933402996	0.909310876500408
MIX23	-0.0152277078443753	0.466560759567812
MKKS	-0.0320574610875786	0.202296739321063
MKLN1	-0.0232930688030442	0.447793323442247
MKNK1	-0.0360696641891403	0.41415722450262
MKRN1	-0.00794013928038895	0.806427137455273
MKRN2	0.0034982782469385	0.910343526768271
MLC1	0.0880530166030349	0.0358877319359633
MLEC	-0.0321106887680245	0.0501342353049654
MLF1	-0.0489196167849104	0.21313515572516
MLF2	-0.00465499503639977	0.902209879028888
MLH1	-0.0159133248728323	0.723972210215783
MLIP	-0.0646831530179273	0.150791679563126
MLLT1	0.101796431080949	0.236431849213782
MLLT11	-0.0158362952425224	0.829207253199894
MLST8	0.00162676599934763	0.959016770853534
MLYCD	-0.0126225492964489	0.610374646705506
MMAA	0.0246801961889983	0.506761911473619
MMAB	0.00283801928848525	0.970897230415574
MMGT1	-0.012341961330598	0.713142689429973
MMP9	0.152768377024666	0.157541728700871
MMRN2	-0.00177874745820605	0.972895426927427
MMS19	0.00666562754294054	0.702081297704405
MMUT	-0.0403986987336194	0.33464984461442
MNAT1	0.067214718788902	0.122123378971632
MNDA	-0.0233837844217267	0.691981607719875
MOAP1	0.0100190673712057	0.8754629733184
MOB1B	0.0303720628154985	0.322482646733061
MOB2	0.0203760326522338	0.173015774146089
MOB3A	0.0571376195163263	0.0751931881104452
MOBP	-0.130680672991065	0.192611603026389
MOCS1	0.00235374302364243	0.948801980469563
MOCS2	-0.0212082112438877	0.587190066291477
MOCS3	0.0161805950511201	0.615042887547329
MOG	-0.0919097852766513	0.343489076361164
MOGS	0.0114246168723905	0.497920979829011
MON1A	0.0123236538957088	0.716870843848736
MON1B	-0.0182808797319305	0.455081628856599
MON2	-0.0121163105068637	0.388514968496756
MORC2	0.0334158882671142	0.631605769671385
MORC3	0.0512207452765616	0.0982246454659151
MORF4L1	0.0203304835799483	0.715241453375681
MORF4L2	0.0944821429187453	0.0920058708013047
MORN4	-0.022541426816807	0.518593876051284
MOSPD1	-0.0290701503604481	0.527912629974869
MOSPD2	-0.043731403658568	0.385469597830787
MOXD1	-0.0429898482766406	0.470898856312462
MPC1	-0.0109462340415757	0.815494895952974
MPC2	-0.063295851930434	0.0724698203594038
MPDU1	0.0682686180721257	0.550641907468677
MPDZ	0.017901403114624	0.43887200999942
MPG	0.000603605202747826	0.993651919620851
MPHOSPH10	0.0231731551264689	0.651244630659965
MPHOSPH8	0.0502692125696984	0.314181203916338
MPI	0.0216117939794798	0.539193211915746
MPO	-0.102735543321433	0.380930229009584
MPP1	0.0120443787655394	0.598149077555114
MPP2	0.0270400482084537	0.283731685657844
MPP3	0.0955443758677841	0.0142527505843732
MPP7	0.0338905599885233	0.0451293472107533
MPPED2	-0.0466267603494122	0.283225796514442
MPRIP	-0.0235492555686972	0.23952125129515
MPST	0.0322147090305116	0.274063542206259
MPV17	-0.0436905686833955	0.121609443397346
MPZ	0.12860964861413	0.527440179076352
MPZL1	-0.0132306134445562	0.628579824881543
MRAS	-0.0176026973778848	0.506158001863352
MRC1	-0.0246791827020549	0.668527787658045
MRE11	0.0350342087189824	0.154316401268089
MRGPRF	-0.0978567149304588	0.507737932070792
MRI1	-0.00672895143510008	0.932195932012665
MRM1	-0.0652414571084619	0.23230827343749
MRM2	0.00469561971027119	0.923860530629267
MRM3	0.00428010720843744	0.941818385834214
MRNIP	-0.00287876516124425	0.970478461796909
MROH1	-0.0207339981127238	0.418783238972665
MRPL1	-0.0625081380488288	0.0607414274934781
MRPL10	-0.0893576229560496	0.11916753620969
MRPL11	-0.04226893266911	0.265183707098572
MRPL12	-0.0646946926618672	0.0451293472107533
MRPL13	-0.0106372975384989	0.803842631786519
MRPL14	-0.0522876148007597	0.212171581479884
MRPL15	-0.0810339995386804	0.0120756007319995
MRPL16	-0.0388639215170514	0.285318511798499
MRPL17	-0.048189348164514	0.250500179850367
MRPL18	-0.0492529201685796	0.345112229013337
MRPL19	-0.0536748820589582	0.161918571713104
MRPL2	-0.104498660573878	0.000876461862297679
MRPL20	-0.0930032959322476	0.0199409590685718
MRPL21	-0.0600016933959184	0.12331102316075
MRPL22	-0.0576702163210317	0.028863917106725
MRPL23	0.00599896978470282	0.919560853623289
MRPL24	-0.063927999155093	0.0446951697714724
MRPL27	-0.0378800530480178	0.38146156986036
MRPL28	-0.0666134069743789	0.131385527561985
MRPL3	-0.0484043600412977	0.251093021880397
MRPL30	-0.0300578233384476	0.391693121515901
MRPL32	-0.117820615181909	0.00707328464354216
MRPL33	-0.0647798405563177	0.207066594067176
MRPL34	-0.0581316239898187	0.208950054162993
MRPL37	-0.0553915963154332	0.0530639503459006
MRPL38	-0.0211045888348068	0.572682726415006
MRPL39	-0.0623365740058685	0.0516927788654225
MRPL4	-0.000888922844026974	0.986117387851232
MRPL40	-0.0411136329523544	0.258490175265158
MRPL41	-0.0507931000158995	0.225836196526104
MRPL42	-0.0201903449823834	0.642887749137261
MRPL43	-0.0482410012886542	0.361121195514081
MRPL44	-0.0372119649866227	0.322067752052107
MRPL45	-0.0549644575823995	0.121972625995735
MRPL46	-0.0432371234054607	0.224535661031627
MRPL47	-0.0849313303724702	0.0156494535187108
MRPL48	-0.0740192803584169	0.0226398881659736
MRPL49	-0.0463702110627999	0.11916753620969
MRPL50	-0.0199333135654702	0.558790222692169
MRPL52	-0.0351808671990276	0.636653828927606
MRPL53	-0.0877997237982087	0.0203010590308624
MRPL54	-0.0374406514111271	0.236517554922152
MRPL55	0.0331110107649596	0.751482798391653
MRPL57	-0.0601545927707814	0.0413521102962572
MRPL58	-0.043097681076923	0.147002512277527
MRPL9	-0.0713953796897678	0.0399263945268553
MRPS10	-0.0633452712328188	0.0506025112698441
MRPS11	-0.0829266179491494	0.0221151608851532
MRPS12	-0.0407597934761913	0.264499350864249
MRPS14	-0.054034416590384	0.393280979164322
MRPS15	-0.0632049601683841	0.0468223701096463
MRPS16	-0.0637152689366828	0.0635514746803425
MRPS17	-0.0307275215173325	0.516881890954181
MRPS18A	-0.0373147771252808	0.352405137645828
MRPS18B	-0.0564820170896792	0.0990776966381171
MRPS2	-0.0503991159359762	0.166267236506696
MRPS21	-0.143125602633154	0.00548975442421914
MRPS22	-0.061861496249527	0.152595615216402
MRPS23	-0.0644381179325678	0.0986922974255909
MRPS24	-0.068126270462684	0.0990776966381171
MRPS25	-0.0481888999287342	0.131977578772627
MRPS26	-0.0103320197466414	0.774379015366034
MRPS27	-0.0295541009614118	0.476233963302213
MRPS28	-0.061536303871157	0.0359700839408304
MRPS30	-0.0548509271339666	0.146237013702658
MRPS31	-0.0330400522176759	0.376528657836946
MRPS33	-0.108855395504572	0.0185187393199212
MRPS34	-0.0453043136174203	0.236552634952827
MRPS35	-0.0768510660396761	0.0473847189722385
MRPS5	-0.0671894300161995	0.0259691992226938
MRPS6	-0.0183483375872795	0.537471937315622
MRPS7	-0.0855520890999098	0.0204357208712687
MRPS9	-0.0738137287587134	0.0163328386927281
MRRF	-0.00565044771430331	0.876790420571028
MRS2	0.00874341279138342	0.850778208466357
MRTFA	-0.00675592728939589	0.902913351838703
MRTFB	0.029656613285423	0.398375219228168
MRTO4	0.0316284674415471	0.302819151844704
MSH2	0.020411878907191	0.530878759694363
MSH3	0.136119469392142	0.192405885196773
MSH6	0.0528465116247549	0.257621264453804
MSI1	0.00828499232410182	0.802428205605409
MSI2	-0.0164915986679258	0.813177389121449
MSL1	0.0289096172253328	0.608762840031937
MSMO1	-0.0885533314755853	0.0884186261583364
MSN	0.0459109284486475	0.110697740841409
MSRA	0.0471826690576594	0.0178011566721353
MSRB2	0.0207045013160398	0.290512883306617
MSRB3	0.00354073301883881	0.96289662055811
MSTO1	-0.0116759669174178	0.696300453127785
MT-ATP6	-0.0152196814329322	0.722899391202473
MT-ATP8	-0.00551120892059564	0.917451750398526
MT-CO1	-0.0103693503129805	0.892866832038634
MT-CO2	-0.0177073475606407	0.618379021834013
MT-CO3	-0.0159062693948005	0.733144886781073
MT-CYB	0.0686781301938462	0.567650224583462
MT-ND1	0.144902339270193	0.206594504535638
MT-ND2	0.0719916327282908	0.475691719646964
MT-ND3	-0.0967220148717791	0.0172026939343305
MT-ND4	-0.0394013844504817	0.409699467659471
MT-ND5	-0.0158665663946259	0.658189386891438
MT-ND6	-0.00511973455769515	0.915443413897069
MT1E	0.220518574809548	0.0105738332519386
MT1F	0.264949373516007	0.00776847419763932
MT1G	0.232049306425875	0.133343594062394
MT1H	0.237234991086783	0.285995283921809
MT1M	0.126102659402626	0.110845783588498
MT1X	0.169337592002806	0.155418967862237
MT2A	0.200012317534909	0.0176579720346695
MT3	0.0101328174348171	0.888820869614848
MTA1	0.000366136800552544	0.994167438004413
MTA2	0.0220409354658679	0.418320050368027
MTA3	-0.00236479861183569	0.962603980984965
MTAP	0.0939119849507099	0.0137177936034018
MTARC1	-0.0359784379823407	0.331544320437759
MTARC2	-0.0331614821544495	0.357620795366138
MTCH1	-0.0108059488523261	0.68287899520254
MTCH2	-0.0189048335834081	0.311131765895119
MTCL1	-0.00718132261438087	0.677846679695703
MTCL2	0.0293227996515675	0.430253063313671
MTCL3	0.0138931866705729	0.36320789014555
MTDH	-0.0375371746158205	0.11916753620969
MTERF4	-0.0281824592987907	0.566982122774905
MTFMT	-0.0700510355140196	0.129282015005407
MTFP1	-0.0824426348243603	0.0338765040784638
MTFR1L	0.0128687855484677	0.495652838348761
MTG1	-0.0184099368685516	0.787257139149053
MTG2	-0.0421848691269525	0.411967301443623
MTHFD1	0.151974618829579	0.0756673910190063
MTHFD1L	0.044301659424392	0.197806234802667
MTHFD2L	0.0431008461941778	0.0253997461963725
MTHFR	0.0406176369833778	0.321667928823451
MTHFS	-0.0284025374144222	0.698060233502152
MTIF2	-0.0179304509208776	0.489509156512885
MTIF3	0.00463282191919243	0.883135448256194
MTM1	0.0192828629924903	0.432079179631002
MTMR1	0.026634522381277	0.0804703502695902
MTMR10	-0.0243229100833368	0.501816115378777
MTMR12	0.0177914271392601	0.426432150954717
MTMR14	-0.0213138105834112	0.60947747219786
MTMR2	-0.007577631306182	0.727439812040292
MTMR3	0.142333481208128	0.10578421031827
MTMR6	-0.0293639702067962	0.125074297466684
MTMR7	-0.0564838609434185	0.00793351025994044
MTMR9	-0.038638801486385	0.0853386720813681
MTNAP1	0.00877997598053096	0.877492359956852
MTO1	-0.0268777681073245	0.527963392176413
MTOR	-0.0273127688365378	0.00833492869007069
MTPAP	-0.0137252921017838	0.682302927725582
MTPN	-0.0243633492785037	0.292966355775378
MTR	-0.0354312344114894	0.420506320152525
MTRES1	-0.0124097087319377	0.74536011737398
MTREX	0.0126445270668444	0.714329723800143
MTRF1	-0.0133563358983009	0.870124439694104
MTRF1L	-0.00679017681392974	0.886781989090956
MTRR	-0.0247110450859457	0.616113462353426
MTSS1	0.084312541936233	0.0307621951644837
MTSS2	-0.0995363183147964	0.251762341499552
MTURN	0.0538703345346175	0.0266589702822434
MTUS2	0.00616101357773689	0.864823621689269
MTX1	-0.0141297238826996	0.480377396372054
MTX2	-0.0545282440598017	0.0151508476455397
MTX3	-0.0403923887022732	0.0402243099660114
MUL1	0.0191055843072041	0.376528657836946
MUSTN1	-0.0917714781022738	0.213895909082619
MVB12A	-0.047819249682213	0.599128977637476
MVB12B	-0.0402432526042069	0.317974320956732
MVD	-0.0314833989321343	0.269762344634237
MVK	-0.0437555675352091	0.371022751854296
MVP	-0.130724705730757	0.0878415299772529
MX1	-0.00590820040420433	0.968449849348115
MXRA7	-0.0447491559136846	0.409100630190484
MYADM	-0.0104445091244955	0.827347946097637
MYBBP1A	0.0246475303656766	0.420506320152525
MYBPC1	0.0427761541091403	0.347081754910564
MYCBP2	-0.0181527449324954	0.698672055001367
MYD88	0.0739101686220696	0.124166715035674
MYDGF	-0.00411527820913493	0.864823621689269
MYEF2	0.0243490931948301	0.518593876051284
MYG1	0.0166310311040331	0.642949981965329
MYH1	0.119699551828235	0.62249006457572
MYH10	-0.0247176991704749	0.102262601421627
MYH11	-0.23277420404393	0.0216949445923073
MYH14	0.039032819064063	0.373917013501306
MYH7B	0.0274294770096489	0.813722010756554
MYH9	-0.0445539227717763	0.0489472174978058
MYL12B	-0.0265407812023108	0.206594504535638
MYL6	-0.0354729611282152	0.122863371436782
MYL6B	-0.000426034426353	0.986649900029459
MYL9	-0.165102467095572	0.0259011131064839
MYLK	-0.0412907598496773	0.133245374518142
MYO10	-0.0304054785393645	0.576739573238137
MYO18A	-0.00678419711991043	0.677126979063946
MYO1B	-0.0625377812535661	0.0186426821644629
MYO1C	-0.0316337919561819	0.19313819951257
MYO1D	-0.0882906615105838	0.31211151535524
MYO1E	-0.0478616905784439	0.436197624726543
MYO1F	-0.0640981511608178	0.213570513628017
MYO5A	-0.0296695178612172	0.0706219128371678
MYO5B	0.0317338950474388	0.70776953153628
MYO6	-0.0188016813575867	0.538874325211459
MYO9A	0.0107300309730686	0.475421235878508
MYO9B	0.0321027158642302	0.501432555168897
MYOF	0.00356237803194295	0.952455417322544
MYOM2	0.0327565547026717	0.764157036946989
MYORG	0.000783757548841496	0.989859269283413
MYRIP	0.0425838987680596	0.169853489894627
MYT1L	0.0693866064015125	0.407781564648514
MZT1	0.0274037969981563	0.351480985148232
MZT2A	-0.0447111265360598	0.213636870442412
MZT2B	0.11667976707957	0.550641907468677
N4BP1	0.0114835276937613	0.526916135857797
N4BP2L1	0.0327332716241282	0.659391154276724
N4BP3	-0.0707961198871744	0.140071370645401
NAA10	-0.0280568280401725	0.153479776145996
NAA15	-0.179675901780638	0.00233097784938008
NAA16	0.0241357460449202	0.45333615524014
NAA20	-0.00428817324014077	0.948208704305986
NAA25	-0.00680823171206476	0.793909294317729
NAA30	-0.011058589590011	0.562599163872306
NAA35	-0.0154001017938604	0.490645746559904
NAA38	-0.0107414765340732	0.668527787658045
NAA50	0.00381542323197809	0.862526864012544
NAA80	-0.00269823136318433	0.960704795767227
NAAA	-0.0126488807035879	0.862228019690323
NAB2	0.0205567563880227	0.647273410434039
NACA	-0.0235272370667455	0.275189733879456
NACA2	-0.0668360771973858	0.131657691620281
NACAD	-0.0346913438730406	0.10123748290328
NACC1	0.0532628222390892	0.0745700829563376
NACC2	0.116424219439556	0.0473078815077787
NADK	-0.0289954111172142	0.589567741231595
NADK2	0.00809199946125139	0.743190830068184
NADSYN1	0.0161084335532283	0.781894348892172
NAE1	0.0025471895422985	0.916572667495635
NAGA	-0.0213814463082237	0.627283652105728
NAGK	0.0467889316849341	0.0176041795498743
NALCN	0.0274980511636141	0.480265061914413
NALF1	0.0918537313210033	0.103909828017989
NAMPT	-0.0193663891112268	0.697560256162235
NANP	-0.0304013616023197	0.489677465346041
NANS	0.0358366418510452	0.217042635245064
NAP1L1	0.0165604343444143	0.66930328794075
NAP1L4	0.00324494140002546	0.882149587725742
NAP1L5	-0.0457464344910853	0.139363092869785
NAPA	-0.0520951510499568	0.0199409590685718
NAPB	-0.0218909331712331	0.324616806932064
NAPEPLD	0.0126705560274759	0.736987254145786
NAPG	-0.0258525174649439	0.173015774146089
NAPRT	0.0291779691631981	0.737363926298706
NARS1	-0.0524925379399333	0.00547223842255753
NARS2	0.0219389340566147	0.387412705104506
NASP	0.0143190844799144	0.594611744472327
NAT10	-0.000746264355708459	0.97945575576916
NAT14	-0.000612779214505921	0.987466202758107
NAV1	-0.0452275851895496	0.0825201631774699
NAV3	-0.053548205574723	0.126248443111044
NAXD	0.0260813171047585	0.118992738438958
NAXE	0.0431661970455487	0.0834734065912433
NBAS	-0.0214720551693485	0.100857487194397
NBEA	-0.00421381765797084	0.78306430103195
NBL1	0.00199316061304416	0.972178770001933
NBN	-0.00678337436794824	0.899258797137287
NBR1	0.0693824509651463	0.156559391182882
NCALD	-0.0957572585420612	0.00547223842255753
NCAM1	0.0738925061766028	0.0565905331609608
NCAM2	-0.0022374817013617	0.948857192725047
NCAN	-0.0299721974778515	0.374505959011636
NCBP1	0.039276260908995	0.160819589123155
NCBP2	0.0485992565590288	0.130282516574162
NCBP2AS2	-0.0390650931237445	0.269334826753945
NCBP3	0.127982076911574	0.427425143305266
NCDN	0.0121243920862999	0.713142689429973
NCEH1	0.00908546925626619	0.729241749851289
NCF1B	-0.067610319335937	0.539193211915746
NCK1	0.0171814155292677	0.35298792232368
NCK2	-0.00568283939830368	0.7586787525328
NCKAP1	-0.0313226385884309	0.0572582012553631
NCKAP1L	0.0138346515872878	0.789835581098724
NCKIPSD	0.00506688312210289	0.891351363654625
NCLN	-0.0107030269669164	0.482235085069849
NCOA1	0.00393092555183504	0.940892823212488
NCOA2	-0.00735941056285846	0.908376881645454
NCOA4	0.0762821492159952	0.507325970700586
NCOA5	0.0682228547371783	0.0239316121349856
NCOA7	0.0311617992351372	0.0503832361982835
NCOR1	-0.0264000309829072	0.615042887547329
NCOR2	-0.00802298186256736	0.841757273547929
NCS1	0.0049642825132642	0.88717249907141
NCSTN	-0.0173677030125984	0.607481425238241
NDC1	0.0369564931999838	0.342071017781021
NDE1	0.0239777317141915	0.636393333853888
NDEL1	-0.00653538509855947	0.763543453446734
NDFIP2	0.00817520932975135	0.880556814907992
NDN	0.0353571048777133	0.576739573238137
NDP	0.0730961265837219	0.37451799528159
NDRG1	-0.0158569673677792	0.792360744333511
NDRG2	-0.133724151214312	0.000337524301628733
NDRG3	0.065336285943461	0.365390195763335
NDRG4	0.0591838470925166	0.0199182111871673
NDUFA10	-0.0640449443732631	0.0216949445923073
NDUFA11	-0.032814447485308	0.347081754910564
NDUFA12	-0.0352705582187302	0.122465129661894
NDUFA13	-0.0496346014553909	0.0656475871670146
NDUFA2	-0.0370307317946931	0.214492357235612
NDUFA3	-0.0983708202213425	0.0245486943062263
NDUFA5	-0.0196775581318039	0.65247851442835
NDUFA6	-0.0416012497321871	0.220454591467581
NDUFA7	-0.0445109280185621	0.0670709644895481
NDUFA8	-0.0687096649829675	0.02090012323459
NDUFA9	0.0465001113919969	0.739983928334921
NDUFAB1	-0.0470357671220982	0.292485439588249
NDUFAF1	-0.0170857700219744	0.701103298692061
NDUFAF2	-0.005834870417696	0.869818881708293
NDUFAF3	-0.00831595471589284	0.850654704785628
NDUFAF4	-0.0118808758376981	0.864051150529198
NDUFAF5	-0.0265696757176954	0.349484968081636
NDUFAF6	0.00243238320377381	0.941818385834214
NDUFAF7	-0.0819275404477213	0.00234636958935389
NDUFAF8	-0.054005440003992	0.510506193242189
NDUFB1	-0.0427145386581523	0.165284793281734
NDUFB10	-0.0231201780951547	0.397523212590643
NDUFB11	-0.0506010232513565	0.0604372135244021
NDUFB2	0.000209970131195336	0.997399268702519
NDUFB3	-0.0544599372675597	0.124166715035674
NDUFB4	-0.0276619881926989	0.284109508796228
NDUFB5	-0.0585667592940567	0.026064566913526
NDUFB6	-0.0284050337902914	0.205239393443179
NDUFB7	-0.111998167576359	0.00106732750508926
NDUFB8	-0.0572542301989453	0.0597488725031824
NDUFB9	-0.072056245603357	0.0172026939343305
NDUFC1	-0.0614431622643176	0.0852120362958025
NDUFC2	-0.0604115001649799	0.0319068802990214
NDUFS1	-0.0460656149843873	0.0811128396918062
NDUFS2	-0.0449295965952047	0.113445556213263
NDUFS3	-0.0198782104939983	0.506904132440384
NDUFS4	-0.0539525927572307	0.0486979996488718
NDUFS5	-0.0449977323124807	0.216618486997909
NDUFS6	-0.0452719181868278	0.125493927942979
NDUFS7	-0.072321925850762	0.0216949445923073
NDUFS8	-0.0844539540709812	0.00859391180537943
NDUFV1	-0.0557294431665197	0.0324374579143033
NDUFV2	-0.0301057344160851	0.350175100378099
NDUFV3	-0.0562629322124248	0.0608448112495962
NEB	0.145494296222937	0.244647839273143
NEBL	0.0152799584126416	0.582423220359207
NECAB1	-0.066691808642914	0.118005023827104
NECAB2	-0.0323057332420891	0.636579328815371
NECAB3	0.118229267689108	0.181408974066148
NECAP1	-0.0528017377127332	0.0407802858636559
NECAP2	0.0415459389736882	0.260161963318292
NECTIN1	-0.0680546550769936	0.0034952605197278
NECTIN2	0.0451185189124297	0.0703810868052454
NECTIN3	-0.0550347883507864	0.253436459622676
NEDD1	0.246807282524457	0.270530187994179
NEDD4L	-0.00907044265405998	0.719069751834904
NEDD8-MDP1	0.00192146378440305	0.916976157530915
NEFH	0.0446909019941902	0.65534563854025
NEFL	0.0330326853510625	0.683916437284472
NEFM	0.0281669892526866	0.741722423060006
NEGR1	-0.0308656567243802	0.39984137286297
NEIL2	-0.0204410641378401	0.679629938758631
NEK1	0.0513741143267025	0.131879726250862
NEK4	0.009090331607713	0.93821685108963
NEK6	-0.00438986575496822	0.937494346692006
NEK7	0.0629315672451577	0.0170062810374885
NEK9	0.00760922632105474	0.755995612542169
NELFA	0.0122839263144152	0.813373078891732
NELFB	0.00870192198467576	0.796742210431181
NELFCD	0.0119352145616925	0.853083686292621
NELFE	-0.0129240557305852	0.82557007395827
NELL2	0.0227769778618972	0.572669903695613
NEMF	-0.0483160573204419	0.00901520967400269
NEMP1	0.0135851555187939	0.862228019690323
NENF	-0.0474935522159543	0.0549783845433593
NEO1	0.00688205695782637	0.750439252687802
NES	0.0353112234794484	0.438139100423992
NETO1	-0.00359541779961076	0.940512396460768
NETO2	-0.0418141024184115	0.214498133766954
NEU1	0.0353134473891289	0.583956879615877
NEU3	-0.00607312549496747	0.872849799818241
NEURL1	-0.0327211625938411	0.368174808318839
NEURL4	0.0363346450981644	0.197515105939244
NEXN	-0.0351538617034831	0.648908118147813
NF1	-0.0555655568668179	0.00019836905311458
NF2	0.0203747319277702	0.425804529008611
NFASC	-0.0296248793025353	0.163800066951141
NFAT5	0.0387457617785365	0.0249300908404009
NFIA	0.0940966813857593	0.359792377451923
NFIB	0.074852441127281	0.285503567657669
NFIC	0.0450634606118449	0.374505959011636
NFIX	0.0335887092692437	0.560979635951401
NFKB1	0.0256775347167321	0.420519026570832
NFKB2	0.0041589871124665	0.96877284024274
NFKBIB	-0.0209255781281512	0.492543693689514
NFKBIE	0.0315655818027489	0.705168797707549
NFS1	-0.050671401760295	0.0172749271079109
NFU1	-0.00374016430568949	0.922118850602263
NFX1	0.00950816034645049	0.732521943528019
NFXL1	0.0228358033153825	0.443788937490913
NFYB	0.0224533460958944	0.810979437824938
NFYC	0.0907626027009338	0.0709802499726594
NGB	-0.00160812511572256	0.983029864703186
NGEF	-0.0970735559706959	0.0175405696878741
NGLY1	0.0418498392325163	0.0114009170708037
NGRN	-0.0802535944674064	0.0265324621707403
NHEJ1	0.0870749979122714	0.0430236272288993
NHERF1	-0.0277136978789629	0.245744906210281
NHERF2	0.0142276424248835	0.464280476073526
NHLRC2	0.0188441440884253	0.347081754910564
NHLRC3	-0.0359534152433956	0.358092035217825
NHP2	0.0483656043527893	0.0332460074149509
NHS	-0.0363654821641968	0.400154539713338
NHSL1	0.0647458657007849	0.249773446600253
NHSL2	0.0976919469497788	0.0700241189949186
NHSL3	-0.0224386246249315	0.592523957200484
NIBAN1	0.0193795425648219	0.751482798391653
NIBAN2	0.0109957196015336	0.772119111222667
NICN1	-0.0375238635435333	0.468578214183472
NICOL1	0.042160761523149	0.46240039407725
NID1	-0.0408803549778603	0.320779326189718
NID2	-0.00026321170631554	0.994167438004413
NIF3L1	0.0043973130615626	0.845092624188719
NIFK	0.0449067129916697	0.403612565971539
NINJ2	-0.0432518009482483	0.604132400843541
NIPA1	0.00282462108946398	0.970478461796909
NIPAL2	0.00679812675040999	0.922441307850544
NIPAL3	0.0226661586692045	0.533986000521722
NIPBL	0.000854744085933116	0.986874552254856
NIPSNAP1	-0.0340381009046254	0.317326038249856
NIPSNAP2	-0.0372779837956888	0.151417886265315
NIPSNAP3A	0.0220501052394316	0.807283534617437
NIPSNAP3B	-0.0167456199144854	0.868734767163307
NISCH	0.0223835650144473	0.144042872750915
NIT1	-0.045003149431718	0.0812526022082641
NIT2	-0.0529947169127896	0.217067981150192
NKAIN3	-0.037513068632687	0.866129434500961
NKIRAS1	0.0238263883309802	0.191140203330346
NKIRAS2	0.0814714799449899	0.0773091245365148
NKRF	0.0331247871303338	0.108608423998272
NLE1	0.0147104873809525	0.768755084609923
NLGN1	0.050028936472719	0.130418464250737
NLGN2	0.0161926392031414	0.433429615657713
NLGN3	0.027279041244849	0.197515105939244
NLGN4X	0.0155034639976201	0.481896556360528
NLK	-0.0311114642487098	0.409683503330207
NLN	-0.0539454057619946	0.197806234802667
NLRX1	-0.0137034818288625	0.533373994199196
NMD3	0.0359122068047749	0.0997111261781655
NME1	0.00852193161493597	0.783050526367093
NME2	-0.00256132964934264	0.905695417982186
NME2P1	0.0474817884547724	0.240251515170316
NME3	-0.0118005803501345	0.545723263331569
NME7	0.0362541784547444	0.115491395038675
NMI	0.082901645462316	0.727957597521911
NMNAT1	0.0194990308133554	0.739983928334921
NMNAT2	0.0131902742847521	0.895434446628761
NMNAT3	0.0173834595888243	0.622978818995646
NMRAL1	-0.0571168760236138	0.452903615729728
NMRK1	0.110300793988576	0.0107737754999104
NMT1	0.00056714575027509	0.986649900029459
NMT2	-0.0441716289175209	0.0701791425918645
NNT	-0.0580459724455677	0.00872615983655788
NOA1	-0.0192065653694476	0.792360744333511
NOAZFP	-0.0126931881210442	0.697856461295378
NOC2L	-0.00480683471346809	0.909310876500408
NOC3L	0.0410953614702402	0.641915161077651
NOCT	-0.111093788576318	0.000205766187408756
NOL11	0.00732213649146052	0.876137024902434
NOL3	0.00554787120599312	0.898496835741024
NOL4	0.0314412600457326	0.702212765626236
NOL6	0.0100313926619865	0.869046806956961
NOL7	-0.0112982891052317	0.814455105941371
NOLC1	-0.00321614445278875	0.951433692370463
NOMO1	0.0564910724199452	0.420519026570832
NOMO2	-0.013767130506493	0.303811332300192
NONO	0.0107165347706661	0.802196879920225
NOP14	-0.0341097058205583	0.708881467965439
NOP16	-0.0337136342218513	0.350754157026452
NOP2	0.0595958794542218	0.0789468815303298
NOP56	0.0231335191546375	0.312379910491428
NOP58	0.0182528811046711	0.528843908525559
NOP9	0.0477059027967163	0.321965430134018
NOPCHAP1	0.00546575105928548	0.918902705869117
NOS1	-0.0600360846339925	0.00584207476765761
NOS1AP	0.00156037271959886	0.983676826068551
NOS3	-0.0175128647884562	0.850654704785628
NOSIP	0.0612614653006718	0.151942990790718
NOSTRIN	0.0364350107805981	0.505130600003478
NOTCH1	-0.00963758554568134	0.886781989090956
NOTCH2	0.0380001119997722	0.156247173163386
NOVA1	0.0206025548026123	0.517220734494567
NOVA2	0.0352190618373422	0.323708817814833
NPC1	-0.0313801835234179	0.429090050753139
NPC2	0.0605083784418295	0.106899490480926
NPDC1	0.0539134027332054	0.186899725977855
NPEPL1	0.0363192242903448	0.374505959011636
NPEPPS	0.0429363301952823	0.00440950800145211
NPL	-0.0428509797432159	0.564819941175144
NPLOC4	0.0147772740025396	0.42911975607513
NPM1	0.0209496207897364	0.498954157079316
NPM2	0.0362531426497464	0.415491624596137
NPR2	0.0606049407954607	0.131271858537051
NPRL2	-0.0360795581963781	0.621118796924764
NPRL3	-0.0227076910143121	0.566644579189387
NPTN	0.0436435138117633	0.55469428099389
NPTX1	0.0656965523070477	0.0401409703303027
NPTX2	-0.26991255055408	0.000107830975611074
NPTXR	0.024878195705743	0.681088386829653
NPY	0.0478026399448466	0.487324350021734
NQO1	0.196140703177622	0.10241961393922
NQO2	0.00510180943357885	0.960944290080904
NR1D1	0.0735883863967047	0.191151592328651
NR2C2	0.0691099752403126	0.0259691992226938
NR2C2AP	0.00234471896090691	0.968243030317975
NR2F1	0.0569551211729788	0.227060009868234
NR3C1	0.0223895044612465	0.530445091134296
NRAS	0.0250496250173342	0.475925904464231
NRBF2	0.0123166712716656	0.640419357346759
NRBP1	-0.0201021933146226	0.257621264453804
NRBP2	-0.0262779556551407	0.181382790875904
NRCAM	-0.0625125467787907	0.00133856335612878
NRDC	-0.00850283047006684	0.790076589753558
NRF1	0.178632687219298	0.0896958907296175
NRG3	0.0129084457665341	0.856400475602618
NRGN	-0.000317709935962085	0.997399268702519
NRIP2	0.151194208002969	0.0116462027424916
NRIP3	-0.0482201239502789	0.253112362114501
NRN1	-0.241553070504037	1.28393798448765e-06
NRP1	0.00220121547290199	0.95964096882728
NRP2	0.0278078687023525	0.515027432992394
NRSN1	0.0628933499145669	0.159393943114511
NRSN2	-0.115627031280206	0.024912783621307
NRXN1	0.0779244482814654	4.95425535529954e-05
NRXN2	0.0430217027211644	0.0193034933090653
NRXN3	0.0616062881013799	0.0255399884454602
NSA2	-0.0536073146644254	0.293089986629391
NSD3	0.0169402725324631	0.693780826607678
NSDHL	-0.0473799543024844	0.146689565793431
NSF	0.0769481346752361	0.216618486997909
NSFL1C	0.0369492424996926	0.00731731990419865
NSG1	0.0540136003772254	0.356583813562012
NSG2	0.0526514238543478	0.126200563775719
NSMCE1	-0.0291402461405534	0.705894550447247
NSMCE3	0.0325619487377201	0.600425643023003
NSMF	-0.0595017452238293	0.0142527505843732
NSRP1	0.104892437411342	0.111138678064304
NSUN2	-0.00930987118390092	0.78806198494037
NSUN4	-0.0395215071873022	0.346490537104555
NSUN5	-0.0128601885497673	0.927514898926935
NT5C	0.095018974616184	0.0575416636171406
NT5C1A	0.0496781774986165	0.098761319671524
NT5C2	0.00541914664491486	0.874855397137427
NT5C3A	-0.0322904895452274	0.114710151168666
NT5C3B	-0.0192364005136388	0.58365953967847
NT5DC1	-0.128853285235818	0.000663043470482426
NT5DC2	-0.0059683831837393	0.948104516632389
NT5DC3	-0.0367773131447368	0.381844406474246
NT5E	-0.0967712047591522	0.00538638817371955
NTHL1	0.034500824797191	0.636579328815371
NTM	0.0124622891085465	0.620844846303064
NTMT1	-0.0711577464236221	0.00923157419080051
NTN1	1.03049005406703	4.43594746470885e-19
NTNG1	-0.0571446850415068	0.0821984931063402
NTNG2	-0.0180674525939971	0.583956879615877
NTPCR	0.0109295931632801	0.869046806956961
NTRK2	-0.0969348830806118	0.681721912854382
NTRK3	0.0123508819947678	0.722899391202473
NUAK1	-0.0277059912847272	0.202447298009819
NUB1	0.0204931844277013	0.436534384866656
NUBP1	0.0250558653949396	0.521176376842218
NUBP2	0.0387926602931713	0.286924095670009
NUBPL	0.00641679463817905	0.886227210657262
NUCB1	-0.0542700217078612	0.0054832942880461
NUCB2	-0.0219047005696435	0.292396595905618
NUCKS1	0.0405179936054419	0.420499310327096
NUCLEOLIN	0.0143147932460173	0.73122345973435
NUDC	0.00239723494815179	0.936420134078482
NUDCD1	0.0249859787459284	0.313022331215813
NUDCD2	-0.00283355862065789	0.926650066614099
NUDCD3	-0.0270019652017731	0.262168681177051
NUDT1	0.00713735651498063	0.871813671514888
NUDT10	0.0450364296296182	0.177778642489633
NUDT11	0.000495021596783163	0.988386002473523
NUDT12	-0.0426207296781277	0.19650156048903
NUDT14	-0.0396482055643458	0.134739054746155
NUDT15	0.0534073928532504	0.211029377247758
NUDT16	0.0585078008589557	0.00810058023605422
NUDT16L1	0.0111481772974159	0.765833887001708
NUDT18	0.0271422872157663	0.38694159548759
NUDT19	-0.00484487883328485	0.929760253237095
NUDT2	-0.0347280039220332	0.127328444704147
NUDT21	0.0212481048407444	0.568467789363873
NUDT3	0.0129190501846424	0.530445091134296
NUDT4	-0.0793405767698989	0.00633857781820476
NUDT5	0.00642189897846557	0.850242946201297
NUDT6	0.0212568707941923	0.73961447046671
NUDT8	0.0170533360257881	0.636777541996429
NUDT9	0.00696259839743772	0.743190830068184
NUFIP2	-0.00845715400481085	0.786277316862048
NUMA1	0.034573365447753	0.401384113087504
NUMB	-0.0306513766040561	0.0698449814534072
NUMBL	-0.0492131964713833	0.0722269335642219
NUP107	0.039564483234935	0.0582298366589064
NUP133	0.0342365434847795	0.0657927297347678
NUP153	-0.0117205189608453	0.78154029030674
NUP155	0.0340979422348499	0.057878954530793
NUP160	0.014133938515933	0.587190066291477
NUP188	0.0206777117606704	0.455862619657013
NUP205	0.0252175402715556	0.246663723690905
NUP210	0.0151122809394275	0.630893187716218
NUP214	0.016747966980095	0.448341705102404
NUP35	0.0297895598901194	0.393265099152148
NUP37	0.0476498852157483	0.0500570091471886
NUP42	0.0632344533224246	0.202911612992506
NUP43	0.0334603183580807	0.356700760895172
NUP50	-0.01217429537282	0.736590502381541
NUP54	0.0182891877711705	0.370347480135836
NUP58	0.013874953297199	0.583956879615877
NUP62	0.033530163872053	0.102082344465564
NUP85	0.0176345175562822	0.548478079674282
NUP88	0.035531085687165	0.172042784229379
NUP93	0.018690567229385	0.336045226193323
NUP98	0.0181573361758644	0.360242066128746
NUTF2	0.039019328395802	0.127379053150591
NWD2	-0.0442931564067805	0.0724698203594038
NXF1	0.0474653763889975	0.0580364964761844
NXN	0.0381525136028497	0.205374726625287
NXPH1	0.12696247954816	1.4175751431994e-05
NXPH3	0.0645801961058181	0.120063734403029
NXT1	0.071530669218043	0.125483101299042
NYAP1	-0.000535664851209889	0.986874552254856
NYAP2	0.00854474191890979	0.802973726130923
OARD1	-0.0474030319956194	0.19787108480804
OAS3	-0.0221038738213139	0.805846411428922
OAT	-0.0218036991189611	0.476379076060347
OBI1	-0.0328236432517769	0.356522998813449
OBSL1	0.0107715073743467	0.897553122803739
OCIAD1	-0.0133697810157779	0.562600576215928
OCIAD2	-0.0213094184967094	0.677892150209398
OCLN	0.0287137286586544	0.485304679873724
OCRL	0.0395189368707333	0.0475553750361728
ODR4	0.0102460265319145	0.760086657398954
OGA	-0.0162818403324596	0.588793806336864
OGDH	-0.0444145923656167	0.641321700661171
OGDHL	-0.0123924506186014	0.69754912768388
OGFOD1	-0.00290027651686575	0.974362426301932
OGFOD2	0.037176768158857	0.488044734401433
OGFR	-0.0182113944676092	0.348793108721276
OGFRL1	0.00722414219793976	0.810399685884956
OGN	-0.251559902102192	0.0368144432066173
OGT	-0.0293588852333528	0.256918672903122
OLA1	0.00108901429815345	0.966978343554807
OLFM1	-0.0994733186653518	0.000950683339149908
OLFM2	-0.0598756986789076	0.0384727998809543
OLFM3	-0.0691834977256031	0.0212651972908952
OLFML1	-0.0815437750741283	0.72997349464257
OLFML3	0.298754509770453	6.11352271255941e-05
OLIG2	0.0104209753667059	0.927639459906628
OMA1	-0.0426173924453782	0.339517040409691
OMG	-0.0562092874021042	0.227954150526178
OPA1	-0.0540091654279858	0.020698076687859
OPA3	-0.0569085395219022	0.00565401465236743
OPALIN	-0.0833999357110882	0.302974617357494
OPCML	-0.00907608604169324	0.750047583291423
OPHN1	0.0267523725023897	0.129979471405449
OPLAH	0.0269518047842331	0.392270802506569
OPRD1	0.053020590976013	0.574988576832958
OPRK1	0.123258005055702	0.0453429634683446
OPRM1	0.0767309059622466	0.251287946448425
OPTN	0.100546647279256	0.155907075737205
OR1M1	0.051973798652436	0.519176776028016
ORAI2	0.152315800480942	0.00274891360910771
ORC2	0.0310852164620716	0.42856336426995
ORC3	-0.0317254992632937	0.628579824881543
ORC4	0.0753198883551993	0.0193034933090653
ORC5	0.0226813666479646	0.675889447822211
ORM1	0.0612654856124163	0.68287899520254
ORM2	0.0386576806169025	0.796742210431181
ORMDL3	0.00181773124487833	0.956304496867524
OS9	0.00264942438244556	0.973189989903992
OSBP	-0.0210871890738337	0.060156794193489
OSBP2	-0.0395982181940624	0.0235163422426829
OSBPL10	-0.0122630233328717	0.718294601671832
OSBPL11	0.0395857934318759	0.206282787566157
OSBPL1A	-0.0579176190610409	0.00900414609033415
OSBPL2	-0.0227848927880923	0.15287825458985
OSBPL3	-0.0801400770422048	0.00290459834351336
OSBPL5	0.0183152373250525	0.766715191770727
OSBPL6	-0.0428486730168278	0.0114009170708037
OSBPL7	-0.0306670856101297	0.479190595856342
OSBPL8	-0.0461880797939568	0.0028590886620901
OSBPL9	0.00580128208056381	0.853398084755747
OSCP1	-0.00789814330096972	0.859468196587723
OSGEP	0.018899169250217	0.352259117958924
OSGEPL1	-0.0650784478338298	0.166112137617809
OSTC	0.0185948212807372	0.835305841093116
OSTF1	0.0211115150017266	0.365063305468705
OSTM1	0.0356499067663767	0.199303828221953
OTUB1	-0.0233792446528676	0.17569272415553
OTUD4	-0.0124306174930503	0.764265278870924
OTUD5	-7.8038417115317e-05	0.999137678941166
OTUD6B	-0.00159215540551627	0.959608609508394
OTUD7A	-0.0199717734679841	0.308364337765347
OTUD7B	-0.0253838531658418	0.537661004321006
OTULIN	0.0276967900344057	0.546445317910866
OVCA2	-0.010550943403656	0.852593835516442
OXA1L	-0.0264518576794568	0.29904024308918
OXCT1	-0.166219988733435	0.304191066733903
OXLD1	-0.0356800607133262	0.240336846230126
OXNAD1	0.0462449839723068	0.372751214214639
OXR1	-0.0103037372824092	0.687965444947408
OXSM	-0.0322701409261843	0.186223775559573
OXSR1	-0.00544145834589309	0.830319470445127
P2RX7	0.0342283042014931	0.751482798391653
P2RY1	-0.111095837078329	0.0614227394698357
P2RY12	-0.00856312031642803	0.922862062916121
P4HA1	-0.0242568366852393	0.538504716255313
P4HB	-0.0283280146623105	0.121609443397346
P4HTM	-0.0133046866747851	0.843056582514089
PA2G4	-0.00697278987509716	0.767312312043466
PAAF1	0.0523977472454734	0.0737970196705736
PABIR1	0.0887503088501716	0.195349397836225
PABPC1	-0.00905138709169331	0.65269427851331
PABPC1L2A	0.041251231430279	0.110697740841409
PABPC4	-0.0469307073526289	0.0163476623586013
PABPN1	0.0419958169343812	0.239225323522416
PACS1	0.00696433854290395	0.752659604575998
PACS2	-0.00134633264903483	0.95964096882728
PACSIN1	-0.0427824003131786	0.156669423284206
PACSIN2	0.0481367207547786	0.453257675350511
PACSIN3	-0.0287725641106836	0.296420363713691
PADI2	0.136161293992032	0.00565401465236743
PAF1	0.0465205476532891	0.160048153472255
PAFAH1B1	-0.0230137336475567	0.0879113476924139
PAFAH1B2	0.0270191472166517	0.272432666195244
PAFAH1B3	0.16610540870125	3.75268940690045e-07
PAG1	0.0249491928450659	0.403763391972691
PAICS	0.0159598352960519	0.47867082600711
PAIP1	-0.0666045894767868	0.00182121169948172
PAIP2	0.108254825498253	0.0327493894727371
PAK1	-0.0774621311227654	0.00417000355424013
PAK1IP1	0.043525269889883	0.397334383769894
PAK2	0.0155501854848206	0.397624926316784
PAK3	-0.03076731510371	0.167694785695216
PAK4	0.0233166313535201	0.411967301443623
PAK5	-0.0148778393264141	0.582816914497413
PAK6	0.0827725345914579	0.257470759224366
PALD1	0.0189956321303617	0.559762640437162
PALLD	0.0131804182404123	0.764265278870924
PALM	-0.0494527787237498	0.0419375568575204
PALM2AKAP2	-0.0610911352348406	0.04769706043555
PALM3	0.103325563491675	2.25644907781406e-05
PALMD	-0.0136775553958522	0.802007573381496
PALS1	0.0214191861001333	0.102781015449919
PALS2	0.0186426737445083	0.406514591782549
PAM	0.0805680514036112	0.00430709004296796
PANK1	0.0230243801981956	0.646552288582654
PANK2	0.0267284148657886	0.157105574685691
PANK4	0.0241061741053232	0.145456698374803
PANX1	-0.0453684928819357	0.184808775191102
PAPLN	0.0173452860948325	0.78806198494037
PAPOLA	0.0520802196723343	0.125035836478733
PAPSS1	-0.034408351161781	0.3000668238408
PAPSS2	-0.0509553516845818	0.124432337139778
PAQR9	-0.0832615166717162	0.298928346840796
PARD3	0.114053634874005	0.00245271058912057
PARD6A	-0.0191985559411888	0.633830399680186
PARD6B	0.0411925503157773	0.442426487392425
PARG	0.0153176096650827	0.681187272786803
PARK7	0.0365266431558578	0.0488060564975336
PARL	0.0169371632219243	0.61702400757485
PARN	-0.0292375482697372	0.263419635276741
PARP1	0.0223852676555224	0.572669903695613
PARP10	0.0163239288846465	0.762804998305798
PARP2	0.0989270558347177	0.176344675310868
PARP4	-0.0437405869439768	0.457485309537888
PARP9	-0.042274817423762	0.621118796924764
PARS2	-0.0577831943768157	0.00173069023747038
PARVA	0.0119121678975122	0.62249006457572
PARVB	-0.00791832026738717	0.883135448256194
PATL1	0.0608688199412928	0.0496653556681327
PAWR	-0.0683861349162429	0.126366787959523
PAXBP1	0.0133375239600149	0.796742210431181
PBDC1	-0.000103120545109747	0.9966051486349
PBLD	0.0665545024700342	0.166267236506696
PBRM1	0.0269959487331436	0.603103170759695
PBX1	0.00224610800921068	0.972014232251844
PBXIP1	0.159435837331829	1.92413140369776e-06
PC	-0.0137533315393784	0.600425643023003
PCBD1	0.0678951561386316	0.420519026570832
PCBD2	0.0420858920479172	0.268786276104264
PCBP1	-0.00552000429036894	0.812551021376784
PCBP2	-0.00559444043611096	0.87767394578761
PCBP3	0.0468582390331672	0.36413637601701
PCBP4	-0.0497019663333063	0.319464239826602
PCCA	-0.0165773503996607	0.417441174242325
PCCB	-0.0176377909677668	0.471797334660038
PCDH1	-0.0130750928730906	0.662212117799697
PCDH10	-0.0254143993437834	0.233008056990294
PCDH17	0.0294636818020688	0.199636600264467
PCDH19	0.0212930933235742	0.55765794794362
PCDH7	0.0281975778172432	0.401091696371975
PCDH8	0.0412998257879135	0.319859877708021
PCDH9	-0.0174543064415112	0.369990060538787
PCDHAC2	-0.0253528601111142	0.275189733879456
PCDHB14	0.0771986181993394	0.138045356273907
PCDHGA3	0.0208193774196325	0.56746766597701
PCDHGB1	-0.0407726205503865	0.141556695984062
PCDHGB7	0.0480868876810831	0.312870882451995
PCDHGC3	0.00226013143782806	0.943426864760449
PCDHGC5	-0.0376724359343978	0.248664357374174
PCF11	0.051526316278828	0.520968712688081
PCID2	0.0545342474560725	0.0500570091471886
PCIF1	0.0498013064699591	0.574959105047086
PCK2	0.0023130636214567	0.969046074219213
PCLO	-0.0214363682831104	0.299959517793553
PCM1	-0.071865118340045	1.23923433762828e-05
PCMT1	-0.0011088284033588	0.969046074219213
PCMTD1	-0.0209028771927336	0.799899322067742
PCNA	-0.0218435492557363	0.562193979637409
PCNP	0.0268875962719439	0.507325970700586
PCNT	0.0468148941207293	0.0291699916049023
PCNX1	0.0119398738366523	0.862637275513878
PCNX3	-0.000386169828429428	0.994372639929142
PCOLCE	0.0638941240952692	0.237609683981562
PCP4	-0.121044335546416	0.0169676650069585
PCP4L1	-0.0584163112949158	0.097708036953312
PCSK1	-0.0340693906888029	0.432379257447856
PCSK1N	0.0434510732678028	0.445622047553924
PCSK2	0.071340080902827	0.0470778939436854
PCYOX1	0.00286221045350549	0.899258797137287
PCYOX1L	-0.0641201596706618	0.00730978836306181
PCYT1A	0.0160485696973002	0.438529679166418
PCYT1B	-0.00440794062454752	0.927514898926935
PCYT2	-0.00898818746068215	0.717339404618468
PDAP1	-0.0287919360273798	0.106774598493674
PDCD10	-0.0328512453103098	0.00833492869007069
PDCD11	0.0211825646503405	0.600425643023003
PDCD2L	0.0180477448728198	0.77661371848192
PDCD4	0.0639046469142323	0.0439611935904454
PDCD5	0.00850160421244328	0.698943368971298
PDCD6	-0.0370641315630437	0.236908881952978
PDCD6IP	-0.0203754626607395	0.468323534725627
PDCL	0.0347976033217359	0.188924865160416
PDCL3	0.0169831851185236	0.523045845735787
PDE10A	0.0190462182434694	0.609874891322405
PDE12	0.000168741274024775	0.99345914833297
PDE1A	0.0169634475769415	0.617678605898042
PDE1B	0.0355327987887171	0.249754213197168
PDE1C	-0.0293376435096727	0.300015332140026
PDE2A	-0.000362201696034917	0.99507974770143
PDE4A	-0.0669885619056356	0.000417156592436342
PDE4B	-0.0608191134942732	0.124288111681725
PDE4C	-0.0458725767444957	0.475242032412725
PDE4D	-0.0405273193475844	0.260638176052883
PDE4DIP	0.122633817799462	0.00290459834351336
PDE6D	-0.0324443313700345	0.235729694358237
PDE8A	-0.0151934149821492	0.872263624170036
PDE8B	-0.0245300003248278	0.412189567179725
PDF	0.0196757562084193	0.520711056995975
PDGFRB	0.0488297574687012	0.113677672134919
PDHA1	-0.0704317594859996	0.000782501239073992
PDHB	-0.0701149970716948	0.00339141704891988
PDHX	-0.0625381715989364	0.00172229418465294
PDIA3	-0.0154163770196163	0.465835011462779
PDIA4	-0.0223985466894799	0.378362555491631
PDIA5	0.0873936384488358	0.0902086012482205
PDIA6	-0.0332444779915998	0.146237013702658
PDK1	-0.0107650204442666	0.643483273252909
PDK2	-0.0169006206018411	0.539346027143436
PDK3	-0.0607797066620751	0.0270619119171981
PDLIM1	-0.0755063728545764	0.141604980375285
PDLIM2	0.00467871390279903	0.929261499547783
PDLIM3	0.0881016175885699	0.0410907531402616
PDLIM4	0.0678387969351458	0.124368064714789
PDLIM5	0.0635643449052624	0.0185518517201843
PDLIM7	-0.137453575505878	0.0259691992226938
PDP1	-0.00643774249623826	0.830885177590834
PDPK1	0.0399960658822941	0.00600690516989543
PDPR	0.0295887134806102	0.0892584991432469
PDRG1	-0.0213614398040688	0.598094792125263
PDS5A	0.055541030846733	0.141927327103805
PDS5B	0.0915502058591839	0.020060213868148
PDXDC1	-0.00243544774336241	0.952455417322544
PDXK	0.0260848800079223	0.181382790875904
PDXP	0.0139041412137481	0.4348926834694
PDZD11	0.0298656299536146	0.0996278530816777
PDZD2	-0.0159038878899875	0.574787785072589
PDZD4	-0.0090143127171172	0.802347983520259
PDZD8	-0.029333826125553	0.0666346339069482
PDZRN3	0.0217135065186524	0.600425643023003
PEA15	0.506879818595115	0.125790325626922
PEAK1	-0.0198243819288181	0.644841387901236
PEBP1	0.0429625386466259	0.0178384235966799
PECAM1	0.0899574927151963	0.625272531516394
PECR	0.00298450970647146	0.948127589538005
PEDS1-UBE2V1	-0.0235435022223629	0.0368144432066173
PEF1	-0.00472865638007738	0.847772999007605
PEG10	0.0462137667398513	0.170948237365444
PELI2	-0.0316075517271838	0.674454769107642
PELO	0.0325061746987162	0.178954297701151
PELP1	-0.0327556706459552	0.392101366983064
PENK	0.0248006341256038	0.777581540935247
PEPD	0.0785832597920576	0.0114009170708037
PES1	0.0157792851576248	0.580834308534538
PET100	-0.0151744913813507	0.681396713273784
PEX1	0.00481006342845212	0.891212251860267
PEX10	0.0145335731054891	0.765050882374895
PEX11B	0.0394105489698137	0.272432666195244
PEX12	-0.0207839220866753	0.629408560741237
PEX14	-0.000199692534946797	0.994192814916856
PEX16	-0.0383674228829582	0.200842599359931
PEX19	-0.0108905554741571	0.669957001396892
PEX2	0.151097929794372	0.19132951659529
PEX26	-0.00473514614470535	0.952455417322544
PEX3	-0.00983593326528676	0.754984530680269
PEX5	-0.0310154039998257	0.117235692412562
PEX5L	-0.0596017987331916	0.132785337265342
PEX6	0.016167946580633	0.707422195566184
PEX7	-0.0191096367650607	0.676574657559914
PF4	0.124091278923503	0.251761089877642
PFAS	0.00467892367383096	0.859865477956442
PFDN1	-0.0026320057688094	0.902863762426987
PFDN2	-0.00314112014847476	0.906009235555223
PFDN4	-0.0115276218318796	0.587190066291477
PFDN5	-0.019741679413697	0.256143393400585
PFDN6	-0.0119901417363459	0.481896556360528
PFKFB2	-0.0216848261226066	0.515308684226162
PFKFB3	0.00210473509471179	0.960004752989315
PFKL	0.0436087440701709	0.0249894770550474
PFKM	0.00143677448676341	0.947597474130835
PFKP	-0.00185621202862973	0.958312864070462
PFN1	-0.00556562902511434	0.864275310337365
PFN2	-0.0250499336353178	0.447510907128374
PGAM1	-0.00448055821314086	0.881831649936913
PGAM2	0.185376935154289	0.0414615351158239
PGAM4	0.0740312722682514	0.100569455152922
PGAM5	-0.0150863198330362	0.659391154276724
PGAP1	-0.0292955863359985	0.337851677027715
PGAP4	-0.0134040237659659	0.845092624188719
PGBD5	-0.0238387684003075	0.457485309537888
PGD	0.0300926615975251	0.0825945676752273
PGGT1B	0.00928454931365136	0.713974885593191
PGK1	0.00548698888553867	0.864410271150479
PGK2	0.1804316630854	0.275616068348231
PGLS	0.0591694341299377	0.0163476623586013
PGM1	0.0210209621051424	0.549483048791063
PGM2	0.0479370593731152	0.141324479690744
PGM2L1	-0.0705450902088119	0.0442371860908033
PGM3	0.00525683483483071	0.883721853636759
PGM5	-0.0414320276291727	0.48249227197157
PGP	0.0292742708926119	0.122476555747121
PGPEP1	0.0633638008415556	0.0980728056751078
PGRMC1	-0.00647592807918612	0.841776058045506
PGRMC2	0.0172399593227416	0.373284910642552
PGS1	-0.0420430003905697	0.0897951492334576
PHACTR1	-0.062815432844677	0.0305183565658192
PHACTR2	0.0201383540031127	0.527607991399078
PHACTR3	0.00390962627416771	0.913847645339124
PHACTR4	-0.00910901392004335	0.886154122325167
PHAF1	-0.0566916871720803	0.0128475112439999
PHAX	0.0315473148918203	0.481957704339406
PHB1	-0.0122463867503933	0.572669903695613
PHB2	-0.0162360179278237	0.439238401473579
PHC2	-0.0182912368717448	0.659391154276724
PHC3	0.0324234261263129	0.546129470347329
PHF1	0.107513744396074	0.00901520967400269
PHF14	0.0311716768857482	0.50864525921887
PHF2	0.0261221577631456	0.634772677681417
PHF20L1	-0.0301285453506218	0.575032662190849
PHF24	-0.0717610750219102	0.0198611120244677
PHF3	0.0587105525833572	0.178564886835182
PHF5A	0.0474160869493576	0.103033728310854
PHF6	0.0538038927852922	0.292969329458577
PHGDH	0.0543510194127388	0.227680592102092
PHIP	0.0538249883766892	0.167694785695216
PHKA1	0.00253295113611655	0.948127589538005
PHKA2	0.0446759219954045	0.0227061305843137
PHKB	0.0170029704949136	0.395138474864832
PHKG1	0.0210684343967827	0.465007567655054
PHKG2	-0.0105902097822816	0.757775879101585
PHLDA1	-0.0272477772442296	0.475691719646964
PHLDA3	-0.0423872422620885	0.497422451205164
PHLDB1	0.00879826176060319	0.85535521101652
PHLPP1	0.0178006179296638	0.664831081986439
PHLPP2	-0.00784191887192717	0.791340311941771
PHOSPHO1	-0.0672790387084626	0.186144504105115
PHPT1	0.0433570835026904	0.201667689908217
PHRF1	0.0129358658968673	0.902863762426987
PHYH	-0.0112986463059311	0.743654217651989
PHYHD1	0.169606257035024	0.00125252453169045
PHYHIP	-0.00430127117051399	0.878030676228774
PHYHIPL	-0.0253092249687333	0.206291411138103
PHYKPL	0.0710674046579162	0.0151157182412426
PI16	0.210252561084031	0.0130757093440245
PI4K2A	0.0592287510231199	4.84027718863128e-05
PI4KA	-0.023247221114622	0.157541728700871
PI4KB	0.0158470327638353	0.391878098480142
PIANP	0.00459994048278362	0.944995566697773
PIAS1	0.0574140730715625	0.290935471417706
PIBF1	-0.00761530865000813	0.927629995803415
PICALM	-0.0733882346941393	0.0383124662146146
PICK1	-0.0415259759159974	0.0758793477582768
PID1	0.0546420712668311	0.122784087843061
PIEZO1	0.00812669843106629	0.880405083520974
PIGBOS1	-0.0679345495172825	0.0491787601398575
PIGG	0.00176647100403313	0.976413009246831
PIGK	-0.0180324286039093	0.662206830569076
PIGO	0.0148266631594845	0.720078076459684
PIGS	-0.0368745181927841	0.141324479690744
PIGT	-0.0127525063798663	0.569469404565727
PIGU	-0.0381702896031386	0.270715045844064
PIGX	0.00727130855239405	0.919353920476774
PIH1D1	0.00640048705847774	0.878302210828611
PIK3C2A	-0.0248617489921689	0.244739100363791
PIK3C2B	0.0171369230645035	0.697165383074478
PIK3C3	-0.0115213207010398	0.387526736224527
PIK3CA	0.00608504423159961	0.754984530680269
PIK3CB	0.0196844882311191	0.296573367637642
PIK3CD	0.0251827572305504	0.527440179076352
PIK3IP1	-0.0226169163105857	0.684328371323834
PIK3R1	0.00752107182058596	0.600135198851667
PIK3R2	0.054225395580343	0.0528356747932819
PIK3R4	0.00242154638818295	0.870107819075268
PIKFYVE	-0.00804029131729393	0.596738683688596
PIN1	-0.00859128820579114	0.794755026466695
PIN4	0.0147058695978155	0.69754912768388
PIP4K2A	-0.0939713923872492	0.154316401268089
PIP4K2B	-0.053683473893456	0.625272531516394
PIP4K2C	0.00356103779429939	0.927842226546579
PIP4P1	-0.0105832761691181	0.77661371848192
PIP4P2	-0.0130468160810181	0.718545312093845
PIP5K1A	-0.0659352948513279	0.00271769529976959
PIP5K1B	0.00130939805802301	0.973189989903992
PIP5K1C	-0.0576667983662671	0.00172229418465294
PIP5KL1	0.0292209282803678	0.405283119017284
PIPOX	0.0199399373416849	0.697165383074478
PIR	0.00777754163142624	0.898638200066448
PISD	-0.0413442406572556	0.336011567861484
PITHD1	0.0350114312895131	0.0407123897571486
PITPNA	-0.0424267503853394	0.0209069936332822
PITPNB	-0.015123678215562	0.399693953537652
PITPNC1	-0.115188739780129	0.0614227394698357
PITPNM1	0.00782075494863047	0.65151085901596
PITPNM2	-0.0124601788984295	0.595626261561705
PITPNM3	-0.00728361673605637	0.748018491694351
PITRM1	0.0833758124047584	0.405283119017284
PJA1	-0.00558037722823401	0.925329249030148
PJA2	-0.0800101878610234	0.00747247739657947
PKIA	0.106113999200776	0.0156494535187108
PKIB	0.0970531830503281	0.500451949491613
PKIG	-0.00206743044982199	0.965535668804865
PKM	0.0379726365364661	0.113610034024319
PKN1	-0.00869638698481565	0.755995612542169
PKN2	0.0170370985628174	0.57531435603026
PKNOX1	-0.0198630466820622	0.854344648553209
PKP2	-0.0594463953775055	0.23303431789944
PKP4	0.00338637371434075	0.8197002678274
PLA2G12A	0.035737925251124	0.590465519764456
PLA2G15	0.0627987197725936	0.129404797841053
PLA2G4C	-0.0278368032213493	0.702881722317679
PLA2G6	0.00426527355628871	0.881253405889718
PLA2G7	-0.0351010175787462	0.742498332020262
PLAA	-0.0423980572349786	0.000952223198981961
PLAAT3	-0.0956416090362412	0.222170550720972
PLAT	-0.0432981181669722	0.514495350676959
PLAUR	0.0609606601245278	0.450669055177216
PLBD2	0.0185226168793446	0.655745639091267
PLCB1	-0.116594884966988	0.00165450700923034
PLCB2	0.023566785897249	0.592511524985664
PLCB3	0.0045620735367573	0.877476379653052
PLCB4	0.0465736988041598	0.368174808318839
PLCD1	0.0822868445212389	0.000472076241519035
PLCD3	0.0972236451969377	0.000148314605597317
PLCD4	0.00560132240353306	0.956717907819403
PLCG1	0.0118664286526922	0.351480985148232
PLCG2	-0.0147296404372643	0.847584277544965
PLCH1	-0.0141085152202529	0.736987254145786
PLCH2	0.0218117409022975	0.504884322971254
PLCL1	-0.0523727156839142	0.0771057106545757
PLCL2	-0.0697022291622882	7.23446331630078e-05
PLCXD3	0.0597317654287013	0.135984415406291
PLD1	-0.0219331093633471	0.754396703253433
PLD2	0.0018575198058135	0.965943862783571
PLD3	0.0329947869460714	0.368174808318839
PLEC	0.263616003662841	2.0990004091347e-05
PLEK	0.0547066710069573	0.297002036485854
PLEKHA1	0.05272084495371	0.103182045034373
PLEKHA2	0.0117266134615558	0.714329723800143
PLEKHA4	0.0528093869638259	0.561712565428843
PLEKHA5	-0.0117685576562587	0.583023412841761
PLEKHA6	-0.0239490411155758	0.859326526857061
PLEKHA7	0.0631692661057981	0.0762319802866703
PLEKHB1	-0.0395590876557506	0.661038276988169
PLEKHB2	-0.0434572774599833	0.0997481131825483
PLEKHD1	0.0404647280495899	0.554397923945988
PLEKHF1	0.00944279799798736	0.876019200440348
PLEKHF2	0.0297800471971345	0.297002036485854
PLEKHG3	0.00388264120816201	0.960944290080904
PLEKHG5	-0.0245886345567562	0.54744640604873
PLEKHM2	-0.0229802283410671	0.217102729591823
PLEKHO1	0.0344118077491428	0.359370199007948
PLEKHO2	0.022223279139215	0.544739235449335
PLG	0.0599520690872092	0.376528657836946
PLGRKT	-0.0519008556887277	0.265139116981671
PLIN3	0.0317501739893165	0.603088527860552
PLIN4	0.0830503229005585	0.0608448112495962
PLLP	-0.0383032154716781	0.532893722969207
PLOD1	0.0707761474999921	0.254130040297506
PLOD2	-0.0583770334987787	0.335056940986152
PLOD3	-0.0247999892690222	0.623497416786511
PLP1	-0.14192194642652	0.256206047457076
PLPBP	-0.0138435226452173	0.373917013501306
PLPP3	-0.00550074380800181	0.91768631248128
PLPP6	-0.00544883299603795	0.902163783084101
PLPP7	-0.018780918838981	0.663740238073675
PLPPR2	-0.0354567713887913	0.475033768317578
PLPPR3	0.0162987262596744	0.857864632599462
PLPPR4	-0.0601162443468073	0.12243674398061
PLRG1	0.0184392610573268	0.639146707261789
PLS1	-0.00653512528704146	0.895944960344504
PLS3	-0.0607516092887166	0.0185960676747686
PLSCR1	-0.0689039618250677	0.232777940761688
PLSCR3	-0.00283055793297496	0.927842226546579
PLSCR4	0.0867516706423434	0.0249509547299841
PLTP	0.0342001736522332	0.520690550838175
PLXDC2	0.0861590002717313	0.0505283549742014
PLXNA1	-0.0678718321906075	0.0318999208156412
PLXNA2	-0.00896277259002799	0.705894550447247
PLXNA3	0.0193147251205214	0.736610261480779
PLXNA4	-0.0516110012211304	0.0654060209159112
PLXNB1	0.089810918457523	1.4175751431994e-05
PLXNB2	0.0376405634576559	0.0859785723509591
PLXNB3	0.030318225722573	0.516059278252289
PLXNC1	-0.00253413140006584	0.95964096882728
PLXND1	-0.02381244101542	0.470898856312462
PML	0.0129277168617995	0.566143796802043
PMM1	-0.03114203800422	0.456622677219058
PMM2	-0.0402107213279952	0.222552855483718
PMP2	-0.127583784197466	0.457593165791209
PMPCA	-0.00901727609129778	0.731614279480847
PMPCB	-0.0212753736570525	0.33192368706534
PMS2	-0.0298335675023667	0.40528068784417
PMVK	0.0252554897808339	0.520711056995975
PNCK	-0.00706335318520571	0.928325900977394
PNISR	-0.0223863586909848	0.672133518096418
PNKD	-0.00712221122062562	0.869046806956961
PNKP	0.0451229181721342	0.198467475515285
PNMA1	0.0185709088072053	0.679523645314509
PNMA2	0.019794176909221	0.697165383074478
PNMA3	-0.0201462146591461	0.78154029030674
PNMA6A	0.0675323473763069	0.157887433324931
PNMA8A	0.0338049919909156	0.296264238762234
PNMA8B	-0.0430486291417377	0.260062426351493
PNN	0.0181091902785005	0.610451074183473
PNOC	0.0190776802890071	0.832934970379647
PNP	0.0424822399703039	0.373141139943849
PNPLA6	-0.110077243446503	0.280790985730654
PNPLA7	0.0430848585544652	0.283122108636599
PNPLA8	-0.00802987313553472	0.713142689429973
PNPO	0.011341163308964	0.836860958868648
PNPT1	-0.0305546179952069	0.0305850250159303
PODXL	-0.0791165415996945	0.00564463027904962
PODXL2	-0.0217029248938712	0.43082141251664
POFUT1	0.003736231445014	0.945509693514877
POFUT2	0.0177375498173448	0.607481425238241
POGLUT1	-0.0125658599847324	0.767109727921922
POGLUT3	0.0488403183414253	0.211051505711758
POGZ	0.0462770789746179	0.141556695984062
POLB	0.00949273843504379	0.93358635711952
POLDIP2	-0.0394261159578876	0.0525497920642158
POLDIP3	0.044267070618819	0.231431513732173
POLE3	0.104001181263089	0.0195023384651459
POLG	0.00263037337735247	0.972895426927427
POLG2	0.0183561674610053	0.692030981760675
POLR1C	0.00243945144170868	0.952054806888551
POLR1D	0.00481530902454191	0.913965619091791
POLR2A	0.029845855174503	0.348815719663002
POLR2B	0.0339843697793991	0.426313230117209
POLR2C	0.0112598965829446	0.797454106333312
POLR2D	0.0484420869846025	0.198467475515285
POLR2E	-0.00831512211123404	0.810598623904747
POLR2G	0.0723026965415	0.0598931086594659
POLR2H	-0.00154016902106519	0.960944290080904
POLR2I	0.0692402642974874	0.0777878797538245
POLR2J	0.046302144479187	0.147433176182619
POLR2K	0.0507980493978425	0.243993183483272
POLR2L	-0.0209029711044044	0.683873330036775
POLR2M	0.0304539389900588	0.341233243239611
POLR3A	0.0403857821036598	0.289635440655247
POLR3B	-0.00450474201034985	0.926969161387966
POLR3C	-0.00639380845443527	0.935662707070106
POLR3D	-0.0226780976856271	0.673295940494109
POLR3E	0.0707889075630224	0.200654031126118
POLR3F	-0.0360148256085466	0.475421235878508
POLRMT	-0.0593120540383342	0.0701791425918645
POM121	-0.00240416379886454	0.97818338795932
POMGNT1	-0.0827587955776037	0.758368942395707
POMGNT2	0.0134448538701856	0.751482798391653
POMK	0.00560004516370875	0.889085617327558
POMT1	0.000807919639896168	0.989859269283413
PON1	0.0418724723450966	0.761021072317453
PON2	0.0354518064604026	0.376528657836946
POP1	0.0468168336419564	0.163031037550782
POR	0.00711567275384682	0.713900996382265
PORCN	-0.121902163076985	0.00331947810889861
POTEF	0.1979589287103	0.0611120356450315
POTEI	0.136029405904147	0.216704342388517
POTEJ	0.0942205059412733	0.110697740841409
POTEKP	0.181191049948789	0.102781015449919
POU3F3	0.0131242642205351	0.787891808914382
PPA1	0.00692159805423676	0.830470391936198
PPA2	-0.0277840708129599	0.270370858303435
PPAN-P2RY11	-0.00243168100640839	0.970261356087495
PPAT	0.0145058184055719	0.525951116274416
PPBP	0.0871601188514832	0.436401019967331
PPCDC	-0.012851843419351	0.794497619689119
PPCS	0.032882206523105	0.0407802858636559
PPDPF	0.0689510542091999	0.413585920346183
PPEF1	-0.183605828438688	0.0002018689918487
PPFIA1	0.0278459036390079	0.0736878150821556
PPFIA2	-0.0180719125362614	0.3307183259844
PPFIA3	-0.017544272138044	0.269313630856081
PPFIA4	0.0279763389890687	0.160056214058317
PPFIBP1	0.00479100289421706	0.856816285372157
PPFIBP2	0.00309283527383585	0.95964096882728
PPHLN1	0.0142735806736025	0.780117384722736
PPIA	0.0377405612133332	0.204529149132655
PPIB	-0.0205930209837364	0.304494618474948
PPID	-0.0370535539243056	0.436808784757783
PPIE	-0.0160571197802279	0.697165383074478
PPIF	-0.0197339923969146	0.444218192231901
PPIG	0.0039032748216391	0.96097198325486
PPIH	-0.0217863400389316	0.506158001863352
PPIL1	-0.00478704640320454	0.911335106089325
PPIL2	0.10401483654983	0.0289184657885936
PPIL3	-0.00258115726243296	0.978718879001135
PPIL4	0.0264461799470856	0.357973988683319
PPIP5K1	-0.0352943965457458	0.238276068918457
PPIP5K2	-0.024789783519956	0.237613668739037
PPL	0.00839068541299443	0.90121236246278
PPM1A	-0.00714569364837615	0.58365953967847
PPM1B	-0.0101061837831214	0.648830783912975
PPM1E	-0.0521861846413172	0.00135861490963479
PPM1F	-0.000855001895250562	0.969046074219213
PPM1G	-0.0130178406453388	0.758785697653828
PPM1H	-0.0141541252151916	0.499985559793046
PPM1J	0.0156421263594874	0.676283951119379
PPM1K	0.0147926153012319	0.659789443192306
PPM1L	-0.0118193128116863	0.562607041503964
PPME1	-0.025521244766369	0.18446968302864
PPOX	-0.00998997094635545	0.738814088791842
PPP1CA	-0.0605366215494224	0.000332386410001078
PPP1CB	-0.016741900352262	0.357620795366138
PPP1CC	0.0422292501054712	0.0916238472708798
PPP1R10	0.0613823648167694	0.0108458633976301
PPP1R11	-0.0742965171984254	0.0433753581713505
PPP1R12A	0.0331615386228717	0.737287646783476
PPP1R12B	-0.0131954582239815	0.581518341021572
PPP1R12C	-0.0346639819566588	0.265795678332066
PPP1R13B	-0.0128975540029773	0.509637134105362
PPP1R14A	-0.117193976964948	0.270530187994179
PPP1R14B	0.0193563979463514	0.7624474716032
PPP1R14C	-0.0613983786355087	0.132785337265342
PPP1R16A	-0.00606866402358969	0.871152318068078
PPP1R16B	-0.0160091291874734	0.38314867182419
PPP1R18	-0.0207677752637302	0.722899391202473
PPP1R1A	0.0508185805737559	0.120847903905157
PPP1R1B	0.0137298390860478	0.834491830527488
PPP1R2	-0.0281737117754707	0.314010182155555
PPP1R21	0.00384147973680521	0.857864632599462
PPP1R37	-0.0291925981086791	0.171215902212911
PPP1R3D	0.0237735900144467	0.492734636154921
PPP1R3E	0.0353708479751026	0.251655691361048
PPP1R3F	0.00931616354373438	0.618379021834013
PPP1R3G	-0.0125084527430015	0.771981104515991
PPP1R7	-0.032070336569815	0.0249509547299841
PPP1R8	0.0152341086491803	0.728337000833638
PPP1R9A	-0.0132355594545403	0.549119508603549
PPP1R9B	-0.02573217537621	0.220454591467581
PPP2CA	-0.0384691285240876	0.0496653556681327
PPP2CB	-0.0395204848932428	0.0176579720346695
PPP2R1A	-0.042776079549239	0.00912415488796848
PPP2R1B	-0.0585629035430081	0.261412069219977
PPP2R2A	0.00489723624652522	0.805284576365222
PPP2R2B	0.052361456723871	0.552678040895135
PPP2R2C	-0.0770233555655049	0.00225420992718826
PPP2R2D	0.0348659111174946	0.0158157925565538
PPP2R5A	-0.0631274295223439	3.78131291419236e-05
PPP2R5B	-0.0320018969010957	0.152513700025905
PPP2R5C	-0.0311747379397731	0.198063587618701
PPP2R5D	-0.0449477211789978	0.00833492869007069
PPP2R5E	-0.0348451727819438	0.0271407052400893
PPP3CA	-0.0157988889103786	0.647440335697196
PPP3CB	-0.0319249066269794	0.0598357931353824
PPP3CC	0.00417107883592727	0.877353679879363
PPP3R1	0.443047521399543	0.296670203963934
PPP4C	-0.0119476713016875	0.67670554217506
PPP4R1	-0.0407504240531351	0.319160936066214
PPP4R2	0.0124772747329517	0.787578402225216
PPP4R3A	0.0237301145497517	0.358801783110051
PPP4R4	-0.0193441758047755	0.621118796924764
PPP5C	-0.0467057643672241	0.000550241882373532
PPP6C	-0.0121842105971784	0.509549383332553
PPP6R1	-0.0206069285279729	0.167694785695216
PPP6R2	-0.0161210994404818	0.253904124924441
PPP6R3	-0.000836978277639178	0.966978343554807
PPT1	0.0932330679817149	0.00252166826621946
PPTC7	-0.00960135413202033	0.807856066602589
PPWD1	0.0191863711373022	0.585029326803361
PQBP1	0.0546657062494974	0.0878415299772529
PRAF2	-0.0649653875047563	0.00388951303619465
PRAG1	0.00129118260162753	0.986649900029459
PRAM1	0.0377476215803767	0.415294242626764
PRCC	0.0163126472500312	0.836948004357447
PRCP	0.00911834756863114	0.869818881708293
PRDM11	-0.0188059315263783	0.84509602373156
PRDM2	-0.019767370796833	0.729765763370188
PRDX1	0.071823727122506	0.00790408652987227
PRDX2	0.0389625669313717	0.0997171597072268
PRDX3	-0.00677815523214942	0.807553635436309
PRDX4	0.00543339841132634	0.87767394578761
PRDX5	0.0405458766548705	0.024912783621307
PRDX6	0.087684947533125	0.0249509547299841
PREB	-0.000497199176387797	0.980446944640667
PRELP	-0.0656260800519131	0.651700983802054
PREP	-0.0244079320707462	0.181382790875904
PREPL	0.0130014482384355	0.653536781188979
PREX1	0.0283892571603359	0.265116213526599
PREX2	-0.0576913562655344	0.0635514746803425
PRICKLE1	-0.0349672101542013	0.192460954190894
PRICKLE2	0.00283457707385699	0.933391176545643
PRKAA1	0.0251399581216424	0.139582430040953
PRKAA2	0.0202242744903359	0.491426477407428
PRKAB1	-0.0432410283865826	0.0780632252856025
PRKAB2	0.10107305411068	0.00452949139762017
PRKACA	-0.000657276334842249	0.986712592587214
PRKACB	-0.121980995962258	0.00163274289898914
PRKAG1	0.0213474632099283	0.18304770546827
PRKAG2	0.0308899082210112	0.0519582223837406
PRKAR1A	0.00803707992045044	0.815885048996723
PRKAR1B	-0.022471344646502	0.342931043345781
PRKAR2A	-0.0149482958333982	0.428711500197813
PRKAR2B	0.000887834940139998	0.986341550935792
PRKCA	0.0413140073188961	0.0451889691538353
PRKCB	-0.00964022070683818	0.776285447916039
PRKCD	-0.0449858055546844	0.312288490401921
PRKCE	-0.0546695096916266	0.0170062810374885
PRKCG	-0.0196423935325103	0.685710531156086
PRKCH	-0.00683795364852713	0.961619860240486
PRKCI	0.0275677699929621	0.103399514490654
PRKCQ	-0.00260227672415056	0.959608609508394
PRKCSH	-0.0297089908354934	0.0546537237488476
PRKCZ	-0.00643815768693637	0.908360787550883
PRKD1	0.00872341186413436	0.897826047641737
PRKDC	0.00774942314649871	0.808624705943005
PRKG1	0.0659655715801688	0.0311297578754521
PRKG2	-0.0366965996730666	0.187173235836819
PRKN	-0.00699571390999158	0.899471801259342
PRKRA	-0.0589701282681628	0.0575516125978754
PRMT1	-0.0019135733985394	0.929261499547783
PRMT2	0.0725943014418521	0.141324479690744
PRMT3	0.0401297589279168	0.127691705225781
PRMT5	0.00291128266755298	0.871367142591826
PRMT8	-0.0713235889052577	0.0115993000781948
PRMT9	-0.0492157463826703	0.750439252687802
PRNP	0.0306086737444228	0.257621264453804
PRODH	-0.0795406664058881	0.290578677977005
PRORP	-0.0288562239272185	0.690724476590652
PROS1	0.0574456305390981	0.40011743389396
PRP4K	0.0410588024810191	0.129404797841053
PRPF18	0.0548156854390553	0.420506320152525
PRPF19	-0.0371363946100923	0.813424632867149
PRPF3	0.0308607378255994	0.355411634215128
PRPF31	0.0246146802497335	0.350754157026452
PRPF38A	-0.0176531731415175	0.654412603826695
PRPF38B	0.0783309844179812	0.144871487036546
PRPF39	-0.00238506493365512	0.968243030317975
PRPF4	0.0345959551405322	0.166267236506696
PRPF40A	0.0406999326332594	0.254803785508277
PRPF40B	-0.0277459888531278	0.495652838348761
PRPF6	0.0140395176311277	0.672154087003994
PRPF8	0.0124325417000412	0.676550794642571
PRPH	0.291179116076473	0.0668708524899263
PRPS1	-0.0202495964047119	0.267311711368895
PRPS2	-0.0842187828405385	0.000709070207914602
PRPSAP1	-0.0328650694656564	0.0304171582515015
PRPSAP2	-0.00267446012262135	0.919560853623289
PRR12	0.0185990151013957	0.72612270161014
PRR18	-0.0346034948454792	0.719877836366671
PRR36	-0.0045088690362147	0.904701224789196
PRR7	-0.0107129887104889	0.864823621689269
PRRC1	-0.00149178444989438	0.964556906662267
PRRC2A	0.0168928356319044	0.430253063313671
PRRC2C	0.0122076199219888	0.5157256551213
PRRT1	-0.0418527798299991	0.229745457298377
PRRT2	-0.0189747421100666	0.510175290149705
PRRT3	-0.0660359709854968	0.0139684574389391
PRSS1	0.0207255390109621	0.736610261480779
PRTFDC1	-0.084833808061089	0.0197938122253787
PRTN3	0.0222136856663286	0.85535521101652
PRUNE1	0.0433048219031825	0.0112439674126956
PRUNE2	-0.0107305503951722	0.62343871578101
PRX	0.0458637894554497	0.491018054944264
PRXL2A	-0.0479449515540038	0.0896998400217202
PRXL2B	-0.00804427294360219	0.793909294317729
PSAP	-0.0611452106922819	0.421844871915952
PSAT1	0.0275799156868648	0.445403267414523
PSD	-0.0282398949505434	0.373417843136224
PSD2	0.0678269465338915	0.0018380751812153
PSD3	0.0423607656569208	0.332272399570604
PSEN1	0.00219117515578196	0.93821685108963
PSIP1	-0.00248987612119156	0.970897230415574
PSMA1	0.0232730406852334	0.181382790875904
PSMA2	0.0250288693510448	0.0982246454659151
PSMA3	0.00791454764043598	0.614415966393153
PSMA4	0.00412516021254705	0.889174228381352
PSMA5	-0.00738108878219429	0.751150082387905
PSMA6	0.0203797019144925	0.111116068401934
PSMA7	0.027670631646679	0.0352292370368451
PSMB1	0.0270183682841963	0.123946068104663
PSMB10	0.0122242647886198	0.799765274805947
PSMB2	-0.00244296561580135	0.911829379566721
PSMB3	0.00895967702921807	0.812169513308267
PSMB4	0.00401696639625003	0.944408449706723
PSMB5	0.0282857380991145	0.0451200844363843
PSMB6	0.0304651134869962	0.0199409590685718
PSMB7	0.0088612168482082	0.70560548080401
PSMB8	0.0422080495587473	0.0733723713603711
PSMB9	0.0521223129464041	0.107974310648299
PSMC1	-0.0116376791690372	0.328456854631519
PSMC2	-0.00345275767415984	0.831181306244903
PSMC3	-0.00659924999333575	0.639908941318427
PSMC4	0.0560816006860546	0.0019851823305843
PSMC5	-0.00140451326696198	0.948767309899381
PSMC6	0.022408392189256	0.0960970712758307
PSMD1	-0.0148342640267488	0.347006691895079
PSMD10	0.00116266457586961	0.969877642787714
PSMD11	-0.000406216020209973	0.984863337780784
PSMD12	-0.0112595236341186	0.506158001863352
PSMD13	-0.0270954799958294	0.0463645070192784
PSMD14	-0.0240364756699287	0.332965705300245
PSMD2	-0.00727647819517505	0.590775497908921
PSMD3	-0.00522887156124551	0.750439252687802
PSMD4	-0.0909609861323438	0.0900147293352604
PSMD5	0.0074086140049012	0.769995317389761
PSMD6	-0.00339973836454383	0.810573937571951
PSMD7	-0.0166816734885522	0.257998672303974
PSMD8	0.00382411236504033	0.869046806956961
PSMD9	0.0206239918333679	0.269762344634237
PSME1	0.0148594145210543	0.589632177789222
PSME2	0.0269453580771706	0.273759372905732
PSME3	-0.0370827632625608	0.0730990464936495
PSME3IP1	-0.00319797955869622	0.950373688213714
PSME4	-0.0877247134432019	0.0705941788891467
PSMF1	-0.00215641592742305	0.948104516632389
PSMG1	-0.0273118470031436	0.298319421308429
PSMG2	-0.0551176662124	0.0778527915807296
PSMG3	0.0262530331846363	0.595847936753127
PSMG4	-0.000626566532219847	0.994112294165668
PSPC1	0.00589557204071021	0.877353679879363
PSPH	0.0136593244142869	0.554397923945988
PSRC1	0.0376071447358207	0.444582270188895
PTAR1	0.0343980667478803	0.320779326189718
PTBP1	0.0363380208973946	0.14186750926722
PTBP2	-0.00543468493357003	0.883135448256194
PTBP3	0.00755914835503921	0.895465736114958
PTCD3	-0.0837484193237971	0.0371151701226116
PTDSS1	0.00617968266639113	0.883135448256194
PTDSS2	0.0213580133396057	0.517065772437379
PTEN	-0.00994778142956053	0.562316039741882
PTER	0.13959893579646	0.0185211768714277
PTGDS	0.0595284694486279	0.351175142858233
PTGES	0.0174720115431975	0.811567386654709
PTGES2	0.0149745871920682	0.490833136416173
PTGES3	0.0164739737019356	0.360503292151346
PTGFRN	-0.0250715105213803	0.395282154574103
PTGR1	0.0841858686683539	0.104283416931817
PTGR2	0.0730281259637329	0.0101301257802659
PTGR3	-0.0205461231174488	0.327617864917646
PTGS1	0.000238979446678611	0.997399268702519
PTK2	-0.0293971325582207	0.0451293472107533
PTK2B	-0.0283002522187876	0.256860722085415
PTK7	-0.00274826905433236	0.940051225797535
PTMA	0.026128162114059	0.713771770990852
PTMS	0.0913867662532519	0.060437830568337
PTN	0.12226480077921	0.0558683075836179
PTP4A1	0.01367731336941	0.626976335213595
PTP4A2	0.0257545418595685	0.48377563601633
PTP4A3	-0.0136726226915407	0.779635048081004
PTPA	0.0451660755049807	0.126449715883759
PTPDC1	-0.0503387661885742	0.108608423998272
PTPMT1	-0.0571451670145	0.0262137923015622
PTPN1	-0.0255309227674736	0.424771440134949
PTPN11	-0.0171953421166056	0.207066594067176
PTPN12	0.00976944505729446	0.848371319594005
PTPN13	0.0215041057467267	0.518025378172986
PTPN14	0.0707464343348982	0.371827607633151
PTPN18	0.0163443810130877	0.869818881708293
PTPN2	0.0385803957171691	0.449673936010162
PTPN23	0.00905111130881335	0.497160230965188
PTPN4	0.024361710329628	0.275928219819985
PTPN5	-0.0162850348075711	0.713771770990852
PTPN6	0.0309275713221379	0.553569031956335
PTPN9	0.00490913566186763	0.887350492216519
PTPRA	0.0134310545014309	0.404771515291284
PTPRC	0.0465729759234529	0.249986832949921
PTPRD	-0.0236276714504425	0.506158001863352
PTPRE	0.0072918366064349	0.77016747710365
PTPRF	-0.0280013149802742	0.0894724402542148
PTPRG	0.00917640379387114	0.778633537964916
PTPRJ	-0.00519192413552852	0.878302210828611
PTPRK	0.0228539414923053	0.36738341411855
PTPRM	0.0117295901660911	0.718574844214136
PTPRN	0.0402503689795982	0.285318511798499
PTPRN2	0.0549538922522955	0.0773306956267002
PTPRO	0.0661255979402084	0.219707891194742
PTPRR	0.0125027819138297	0.796742210431181
PTPRS	-0.0285990363916224	0.517374084228578
PTPRT	0.0210113293295697	0.499492841582357
PTPRU	0.0405661701546288	0.195809864565615
PTPRZ1	-0.0185862074590315	0.296208838239096
PTRH1	-0.06967440684633	0.206594504535638
PTRH2	-0.0193457160907847	0.410862487168784
PTRHD1	0.113024150527165	5.92342320842995e-06
PTS	-0.0478019525055963	0.172042784229379
PTTG1IP	0.0445789690131783	0.382578170114335
PUDP	0.0448349871806729	0.21169884841748
PUF60	-0.0109908275832432	0.705894550447247
PUM1	-0.00786911610695729	0.697856461295378
PUM2	-0.00986635863992158	0.830885177590834
PURA	0.00167618903215869	0.946663147709635
PURB	0.0164307647734095	0.605192373832249
PURG	-0.0573405662584969	0.00417000355424013
PUS1	-0.0445229436154688	0.0410907531402616
PUS7	0.00433449547921533	0.960944290080904
PUSL1	0.022161595322845	0.585407392958372
PVALB	-0.062252626158635	0.525951116274416
PVR	-0.0505139090920471	0.04769706043555
PWP1	0.0470481708286376	0.0375577022503012
PWP2	0.00409811731760981	0.929760253237095
PXK	-0.0399241196324863	0.467025206568592
PXN	0.0390414402159293	0.239790873355899
PYCARD	0.0635784914255977	0.100569455152922
PYCR2	-0.0897219056837427	0.012387355485665
PYCR3	-0.0189552613916951	0.641531867912573
PYDC1	0.148815409559749	0.15527401359396
PYGB	0.0391716063725903	0.265793494668721
PYGL	0.0472862476693322	0.197125842818728
PYGM	-0.0517096528002572	0.296117971927694
PYM1	-0.0112834557082214	0.64010897196944
PYROXD1	-0.0452980155208486	0.249672761061218
PYURF	0.0256247075097589	0.799307182532363
QARS1	-0.0196803214079515	0.280961719503106
QDPR	-0.0131331038134568	0.863357963548914
QKI	-0.0456742592924246	0.152936029553623
QNG1	0.00595204008822398	0.834126253315761
QPCT	0.0773062485798257	0.103033728310854
QPCTL	0.00713745445947211	0.855490268124843
QPRT	0.142208059920447	0.000516110917679755
QRICH1	0.0315114141344987	0.328377840642125
QRSL1	0.00359441981717418	0.927629995803415
QTMAN	0.00727014499331981	0.80572643869427
QTRT1	-0.00254999423693213	0.932407243743568
QTRT2	-0.0107213645909353	0.800351949265434
R3HCC1	0.0223246783868871	0.7624474716032
R3HDM1	0.0647744876745584	0.196311046002537
R3HDM2	-0.0853738369944672	0.00265045732031247
RAB10	0.0145833227705597	0.555659457880187
RAB11B	0.0237111790057251	0.0687755927414107
RAB11FIP2	0.00584476395262691	0.798815054027184
RAB11FIP5	0.0224931133417503	0.110701179613425
RAB12	0.0147603871151021	0.35298792232368
RAB13	0.0149587435008	0.621112289442065
RAB14	-0.0152416123443272	0.365482920392746
RAB15	-0.0297623642600321	0.343789305763007
RAB18	-0.0177988926497903	0.291088893752066
RAB19	-0.0652840286795451	0.545433241923817
RAB1A	0.0160922764999336	0.436534384866656
RAB1B	0.00962214560653085	0.811346195839792
RAB21	-0.0312057247366604	0.127328444704147
RAB22A	0.0166084604060963	0.308641618629071
RAB23	0.00550422997065228	0.866492490792039
RAB24	0.0342126579311308	0.0187793034387135
RAB25	0.237610742030764	0.583956879615877
RAB26	0.0685068503531858	0.0581484393072288
RAB27A	0.0583943263840239	0.198096869509752
RAB27B	0.209969192456088	0.000320164497018542
RAB28	0.00746197960121342	0.774265383761725
RAB29	0.0422986329266263	0.164200286359194
RAB2A	-0.00158459536771523	0.950963022724667
RAB2B	-0.0162527738607575	0.328138207095859
RAB30	-0.0327573226222435	0.0861389474609894
RAB31	0.0539937402685889	0.0614227394698357
RAB32	0.0313097443672676	0.364983548560951
RAB33A	0.0359007905708474	0.0724698203594038
RAB33B	0.026809388292794	0.268205420419526
RAB34	0.103861431966632	0.174244577783533
RAB35	-0.0324929330689367	0.111142874976908
RAB37	0.0378096198957606	0.289222444578116
RAB39A	-0.0135937850492915	0.722305833140146
RAB39B	0.0229715005688167	0.120041480935954
RAB3A	-0.000353634777591594	0.993664205699302
RAB3B	-0.174650421104294	0.000396836657624337
RAB3C	-0.023471530855348	0.641531867912573
RAB3D	-0.00781923280100535	0.913847645339124
RAB3GAP1	-0.0540105977838725	0.269249046646801
RAB3GAP2	-0.0228927809472397	0.0764391338597529
RAB3IL1	0.0334566639253916	0.565362535587279
RAB3IP	0.0295940575367045	0.396578347158296
RAB40B	-0.0503881243908953	0.291414603986071
RAB40C	-0.00662710548605625	0.836860958868648
RAB4A	0.0160906647784158	0.219238099131307
RAB4B	-0.00741705452597448	0.78806198494037
RAB5A	-0.0379816921880886	0.0538203367968822
RAB5B	-0.0252857841744006	0.249560767636922
RAB5C	-0.0380862139415613	0.00249827752338637
RAB5IF	-0.0200506248922577	0.60114353609419
RAB6A	0.0304863415005836	0.155264324002129
RAB6B	0.0304234466609672	0.317265425247715
RAB6C	0.0447433416667824	0.813810943112093
RAB7A	-0.0225367868341013	0.143735412676935
RAB8A	-0.00970408928745204	0.708956020562377
RAB8B	-0.000555699171389104	0.983276909967146
RAB9A	0.0414133509509054	0.00803251808275112
RAB9B	0.0346879694355975	0.094572836587803
RABAC1	-0.0142716078816345	0.64735201358073
RABEP1	-0.0133575900859785	0.376528657836946
RABEP2	0.0179371235243048	0.381844406474246
RABEPK	0.0139886880106798	0.66026941720706
RABGAP1	0.039266919970728	0.196089909175853
RABGAP1L	0.00518017284176703	0.881253405889718
RABGEF1	-0.0135210340822195	0.284697874563923
RABGGTA	0.00395642545393563	0.866856556137512
RABGGTB	-0.0332425596384185	0.11869823391202
RABIF	0.0776769804126263	0.00208976912589498
RABL2A	-0.0756926346455162	0.00577586536450646
RABL2B	-0.0398042226297906	0.627220516094591
RABL3	0.00300207607988121	0.91816156522645
RABL6	0.00914467288468448	0.563565013138851
RAC1	-0.0830444216293617	0.00440950800145211
RAC2	-0.0530189424259899	0.46556392398396
RAC3	-0.0162103772666921	0.810042337233631
RACK1	-0.046725857172085	0.00103131407787901
RAD21	0.0757172620225316	0.0500726346368935
RAD23A	-0.0164213486806837	0.331453154319487
RAD23B	-0.00519088310707554	0.766123890617884
RAD50	0.0179980006816025	0.532918727873039
RADIL	0.0681019787644294	0.241813106715521
RAE1	0.0369220572902384	0.0124607883282071
RAF1	0.0434011281332812	0.0716547239902479
RAI1	-0.0169648958864038	0.90388128690161
RAI14	0.0179870396040433	0.710259673497854
RALA	-0.0504744156447442	0.00448307665772709
RALB	0.0103032310978066	0.656479616334963
RALBP1	-0.00220639295737782	0.912490299138209
RALGAPA1	-0.0234642479045322	0.081464201470665
RALGAPA2	0.0342046918964413	0.615839980508611
RALGAPB	-0.00908323511109613	0.532893722969207
RALGPS1	0.0105853790154167	0.750439252687802
RALY	0.00710634845684212	0.869818881708293
RALYL	0.0847714819062868	0.0289184657885936
RAMAC	-0.0649283059979526	0.0246857102835884
RAN	-0.0239808761123263	0.903869632340503
RANBP1	-0.0137887909302563	0.564763739820111
RANBP10	-0.0090077401412999	0.814668247511211
RANBP2	0.0372712979737605	0.0128901853639942
RANBP3	0.0329480392902878	0.162463776411487
RANBP6	-0.0178307587053072	0.412196612885944
RANBP9	-0.0308215547512248	0.0602139900512416
RANGAP1	0.0527653086899053	0.00275208689228017
RAP1A	-0.0328280899998308	0.290512883306617
RAP1B	0.118977497399942	0.157541728700871
RAP1GAP	0.0279454840497159	0.717249657615324
RAP1GAP2	0.0132629542237711	0.633040329191009
RAP1GDS1	-0.0683553937937133	0.00127464563920005
RAP2A	-0.0019791441403107	0.967376520860156
RAP2B	0.00773749046185829	0.87767394578761
RAP2C	-0.0535925000568984	0.111087017025974
RAPGEF1	-0.0213986785421446	0.267193511170532
RAPGEF2	-0.017839362140746	0.599273392618361
RAPGEF3	0.0418612930439898	0.264165671042577
RAPGEF4	-0.0171197030238935	0.354053960860501
RAPGEF5	0.0668881214919318	0.0918490110875734
RAPGEFL1	0.0669643946203355	0.246339345848163
RAPH1	-0.0343749215359223	0.174940734246562
RARRES2	0.106332320566196	0.0199182111871673
RARS1	-0.0366839600597007	0.0149433520741174
RARS2	-0.0132724552395989	0.802007573381496
RASA1	-0.00927839957570162	0.692273386996126
RASA2	-0.0476612621037419	0.0533992937359937
RASA3	0.0379120428911947	0.0720179695744651
RASA4	0.077976264731033	0.206594504535638
RASAL1	-0.0529408714152473	0.156247173163386
RASAL2	-0.045283296873614	0.0192488525612461
RASD1	-0.00437866046871252	0.953286552114604
RASGEF1A	0.0328101932178035	0.436735792954536
RASGRF1	-0.086068692999755	0.000370515999102305
RASGRF2	-0.0207942740983761	0.615354566001659
RASGRP1	-0.023237339771465	0.644258914561942
RASGRP2	0.020342621693938	0.470898856312462
RASIP1	-0.00566391619452525	0.876019200440348
RASSF2	-0.00981029864973398	0.886230896137622
RASSF5	-0.00318684880840772	0.970261356087495
RASSF8	0.156142824215852	5.27401827228108e-05
RAVER1	0.0556292292320873	0.126803139424624
RB1	0.0507700236658231	0.407936738938876
RB1CC1	0.0164180444486337	0.241054444037388
RBBP4	0.0324046530234417	0.311131765895119
RBBP5	0.0424400725176124	0.156668870699058
RBBP6	0.0251291118561322	0.495652838348761
RBBP7	0.0430388063659499	0.0894724402542148
RBBP9	0.0183167848291628	0.608406255026314
RBCK1	0.00424787621829958	0.909465468737821
RBFOX1	0.0795319799237444	0.113874039429686
RBFOX3	0.0536690285651711	0.0565845673020109
RBKS	0.0590226667880878	0.0141088419158488
RBM10	0.0127832718694333	0.69754912768388
RBM12	-0.0171165445175485	0.653045324231109
RBM12B	0.0213868839848714	0.289533013622105
RBM14	0.0413393469281174	0.201401726389183
RBM15	0.0484513917856969	0.0861625376750935
RBM15B	0.0918071197825413	0.0598934937598483
RBM17	0.00697004853442355	0.830885177590834
RBM19	0.0177400729511042	0.659443083014916
RBM22	0.0146462927519736	0.69754912768388
RBM25	0.0200676626637235	0.505130600003478
RBM26	0.0286316722381257	0.269762344634237
RBM27	0.0293096611866735	0.671896297234737
RBM28	0.0424444004788963	0.272432666195244
RBM3	-0.189408003221618	0.0829459972513451
RBM33	0.118920034778911	0.0195023384651459
RBM39	0.0517810320234572	0.155264324002129
RBM4	0.0537776384896249	0.0997481131825483
RBM42	0.0419369968763846	0.280553041764098
RBM4B	-0.00420148455788888	0.939255638321124
RBM5	0.000631239930936139	0.988551239534728
RBM6	0.0461439445166956	0.31845993721351
RBM8A	0.0349409256695503	0.263356516376328
RBMS1	-0.107060034868225	0.207066594067176
RBMS3	-0.0232644464979613	0.586437279380196
RBMX	0.0272279075946421	0.598094792125263
RBMXL1	0.0557278220092767	0.141004648376517
RBP1	-0.032163786590258	0.488675533448104
RBP4	0.00287274814136836	0.969088816487074
RBP7	-0.0384879039347462	0.689929155393921
RBSN	0.00396047781345141	0.862470247641551
RBX1	0.0713596140228652	0.0676395212800214
RC3H2	0.074834519372913	0.0423097490545151
RCAN1	0.0273389003861609	0.275616068348231
RCAN2	-0.0533734638900211	0.102781015449919
RCBTB1	0.0156863546290465	0.7115607671788
RCBTB2	0.0467871960187336	0.39283514345975
RCC1	0.0536164688563772	0.0597488725031824
RCC1L	0.0261610813903833	0.430952834469534
RCC2	0.0377057951783166	0.346366142289785
RCCD1	0.0477647563307719	0.497131269495941
RCHY1	0.078929880042803	0.0210813605027958
RCL1	0.0430471309148506	0.453022275692942
RCN1	0.0288646365287273	0.454734535684083
RCN2	-0.0183658742502482	0.526444571888711
RCOR3	0.0582281159788725	0.111806279050238
RCSD1	-0.0496706637307625	0.199636600264467
RDH11	-0.00417620790034473	0.883721853636759
RDH13	-0.0304464268098148	0.493502437420364
RDH14	-0.0162535056359828	0.263021417671755
RDX	-0.0122990224705964	0.836626171512734
RECK	-0.0243771210254178	0.74536011737398
RECQL	0.029834089343547	0.353280918523061
REEP1	-0.0456414684617744	0.083398546793008
REEP2	-0.0195449317885549	0.382255073100409
REEP3	-0.0190094257940963	0.786864502091055
REEP5	-0.0689581743499323	0.0141505015508506
REEP6	0.00714367013338563	0.876137024902434
REL	-0.00699179362845614	0.864823621689269
RELA	-0.010139346513435	0.690192399617966
RELCH	-0.0156540182445632	0.331503566645497
RELL1	0.0487338489411459	0.330742330738367
RELL2	-0.023630549018119	0.416158831940714
RELN	0.0615797109780308	0.285503567657669
REM2	0.00600014412057018	0.901816474857203
RENBP	0.120313260041306	0.00175585322269304
REPS1	-0.00139280029813867	0.944066343731382
REPS2	0.00871139224908413	0.628183447361032
RER1	-0.0509958162749847	0.0419229280365374
RERE	-0.0065647498861199	0.94362036368906
RETREG1	-0.0374261299507543	0.173494059350163
RETREG2	-0.02466551368605	0.349484968081636
RETREG3	0.0233149528652193	0.375789194834302
RETSAT	-0.0130017431257606	0.792411503029614
REXO2	0.0112446804284977	0.675546475456827
RFC1	0.0252234397925703	0.627321219425333
RFC2	-0.0128915311224191	0.845092624188719
RFC3	-0.0158959567402895	0.699371292855958
RFC4	0.0245817356491852	0.466560759567812
RFC5	0.00443634258225911	0.949569595384098
RFFL	0.0455796635730699	0.446290227484713
RFK	-0.0380505591363353	0.240883776141106
RFT1	-0.0429427008683564	0.230885550422836
RFTN1	-0.0536047984794224	0.0501932329555642
RFTN2	0.0502683395138953	0.0473078815077787
RFX5	-0.0150890233408949	0.802007573381496
RFXAP	0.00250104043090765	0.975067933017295
RGCC	0.158900411491011	0.00483230612056286
RGL1	0.10252363549026	0.374505959011636
RGL2	0.0537197888028185	0.0690751873606808
RGMA	-0.0495176418146558	0.112349606489403
RGMB	-0.00673091117401314	0.927514898926935
RGN	0.011369210672927	0.869818881708293
RGS10	-0.0620699125695103	0.118844588170271
RGS12	-0.0291056410897435	0.235093420854638
RGS14	0.0182781313347696	0.665886466127511
RGS17	0.0623948733422061	0.0319062680244685
RGS19	0.0199894629201433	0.738578554930477
RGS20	-0.0247079242761244	0.354518814750613
RGS3	0.0228187308572396	0.814341999989798
RGS4	-0.139154046910553	0.0506025112698441
RGS6	-0.0360529268479043	0.0644782372706522
RGS7	-0.0455635824156308	0.00395793835804279
RGS7BP	0.0035589960180924	0.926371379584646
RHBDD2	0.0120563263057469	0.87683467705856
RHBDF1	0.0478596190059536	0.205239393443179
RHBDL1	-0.0192508261805089	0.766255159300894
RHBDL3	0.0211210536215146	0.655347811699779
RHEB	-0.0376444777463047	0.0925000591303501
RHOA	-0.0453648653154256	0.061558919979509
RHOB	-0.0413660606669546	0.0818315696012473
RHOBTB3	-0.0176239037741989	0.724858754968253
RHOC	0.0935917748536239	0.0289184657885936
RHOF	-0.0535401783142304	0.0740223013979267
RHOG	-0.0922415226727568	0.0347985811100255
RHOJ	0.154452401728964	0.0441441053913741
RHOQ	-0.00804750859695834	0.808556676781494
RHOT1	-0.00456457657247762	0.83874022980019
RHOT2	0.0353751165638192	0.489958535280871
RHPN2	-0.0746180526548721	0.171873096676777
RIC3	0.0136534880821463	0.77016747710365
RIC8A	-0.0165430113304853	0.5157256551213
RIC8B	0.03307541275728	0.276735357635006
RICTOR	0.0268622720183307	0.300997899938005
RIDA	-0.0508384387032585	0.115316915151358
RIF1	0.0990048588671047	0.065882309084475
RIGI	-0.00674923312043357	0.902911335882589
RILPL1	-0.0211224421560847	0.405283119017284
RIMBP2	-0.0165805945470198	0.508780229291441
RIMKLA	-0.091441342466743	0.0455910033903999
RIMOC1	-0.0185330589875059	0.500451949491613
RIMS1	-0.007434514945103	0.768175019460416
RIMS2	0.143950435770266	0.12463389702275
RIMS3	-0.0189753750452483	0.48203794269079
RIMS4	-0.0113349360999183	0.642862154820631
RIN1	0.0371162577896184	0.251638700499576
RIN2	0.0488321033127538	0.42879547354235
RING1	0.0415454563216534	0.249040406428438
RINT1	-0.0506405848773361	0.00783946087461634
RIOX1	0.000682156132808975	0.987521744611879
RIOX2	0.102346572480371	0.0949163214990289
RIPK1	0.00145392451016202	0.979694625077687
RIPK2	-0.0114809437051584	0.766965670138853
RIPOR1	-0.0156884279680989	0.396279291171204
RIPOR2	0.0120440109075093	0.902163783084101
RIT2	0.0381354791076113	0.268786276104264
RLBP1	0.066429855159216	0.33665374011947
RLIG1	-0.0118200708616173	0.812169513308267
RMC1	0.00911802189813939	0.676283951119379
RMDN1	0.0207421891797528	0.561306225664345
RMDN2	0.0240638828923176	0.287604340006522
RMDN3	-0.0329904469146312	0.0995780191231213
RMND1	-0.00674340307803228	0.864877428648911
RMND5A	-0.0132930291521289	0.622430556565104
RNASE1	-0.0650367357578514	0.325118192508671
RNASE4	0.091850426832992	0.170810138179098
RNASEH2A	0.0443243047298934	0.413585920346183
RNASEL	-0.00713670023846948	0.89120779042963
RNASET2	0.0547200257715718	0.249040406428438
RND1	-0.00865839731569795	0.89390850925084
RNF11	0.0140057102338674	0.633040329191009
RNF112	0.033468742512841	0.569799211153126
RNF113A	0.04351204967482	0.4217546692868
RNF114	0.0453749538152207	0.0614227394698357
RNF121	-0.0230717033519202	0.666882794701575
RNF123	0.00246346031343464	0.92368619823207
RNF126	0.00194751436426317	0.961073935263733
RNF13	-0.0675726725002505	0.639830861370049
RNF130	0.0187321322067493	0.716481304409709
RNF14	0.0326883865137302	0.287496251144062
RNF141	-0.00552804227548984	0.877497448288136
RNF144A	-0.0754164621614272	0.630031031865271
RNF146	0.0224235767538931	0.327897221344434
RNF149	0.0632424912264961	0.198467475515285
RNF150	-0.0142343311675114	0.835680161461919
RNF157	-0.0604759277052862	0.083398546793008
RNF169	0.23935769446164	0.0431049758908801
RNF170	-0.0197958466323032	0.424028926772383
RNF181	-0.0101288315749985	0.869046806956961
RNF185	0.0337315146972149	0.302103817868082
RNF2	0.0304824233740646	0.560497413363135
RNF20	0.0258297515249111	0.389400536527239
RNF213	0.0169025207445666	0.550641907468677
RNF214	-0.0166885267890608	0.163031037550782
RNF220	0.0352352846450059	0.189154787103891
RNF25	-0.00962592723495084	0.726678519129926
RNF31	0.0384377214366144	0.0859785723509591
RNF34	0.02676786569417	0.353758831363913
RNF40	0.0437085734227238	0.140102115009137
RNF41	0.0262025660488394	0.248552548087704
RNF5	-0.0143653413217937	0.77661371848192
RNF7	-0.0146073275628952	0.710129311048955
RNFT2	-0.0167725865795774	0.902863762426987
RNGTT	0.0649960319592442	0.229720677512988
RNH1	0.0153309853780503	0.698292718991641
RNMT	-0.0631935418796388	0.0107224553934007
RNPEP	0.0502288044602018	0.039012609917783
RNPS1	0.0327479931517221	0.522542722885696
RO60	-0.00592547732815536	0.847532646006335
ROBO1	-0.00737334790382804	0.785119194211935
ROBO2	-0.00985199124270769	0.751412673730185
ROCK1	0.0532447564063376	0.0302338546631844
ROCK2	-0.0333185294494023	0.0141088419158488
ROGDI	-0.0176205176631462	0.418348985173192
ROMO1	-0.0538531884734974	0.45682306074815
RORB	-0.0786587558810814	0.221092679735357
RP2	0.0229230433500391	0.575378128425758
RPA1	0.0119688806484906	0.724110045375419
RPA2	0.0217563206701432	0.415294242626764
RPA3	0.00629412505541291	0.883225952011063
RPAP1	-0.00232113478192436	0.953334914020232
RPAP2	0.0291382420104905	0.581518341021572
RPAP3	0.012018811857241	0.5595730002619
RPE	0.0312165210124244	0.377312928825845
RPF2	0.00194170304177271	0.980446944640667
RPGR	-0.0239325969259326	0.539346027143436
RPH3A	-0.13379780508807	1.78865238075578e-05
RPIA	-0.0194818086139149	0.507737932070792
RPL10	-0.0963942564410289	3.19098195400195e-05
RPL10A	-0.0341770360573522	0.0584464963103734
RPL11	-0.0329451154175918	0.0338410516562062
RPL12	-0.0409729876150524	0.0029551699307058
RPL13	-0.0694953530766198	0.00793351025994044
RPL13A	-0.0403828757438885	0.0598934937598483
RPL14	-0.0595823210622635	0.257470759224366
RPL15	-0.0431527164613886	0.0381562744339337
RPL17	-0.0275468281801356	0.0607152461439509
RPL18	-0.04301720801033	0.0655328760966095
RPL18A	-0.0776774158190031	0.0020437574787555
RPL19	-0.0189873251331135	0.433429615657713
RPL21	-0.0460653520378994	0.00769333080659623
RPL22	-0.0265675559400117	0.0429586679639972
RPL23	-0.0191842295057068	0.28849336599001
RPL23A	-0.0365251098499023	0.144986078848912
RPL24	-0.0823776345347351	0.00417000355424013
RPL26	-0.0380177720890119	0.0924172140133767
RPL26L1	-0.0743535366521505	0.247987530338062
RPL27	-0.0485720525080239	0.0285969740090804
RPL27A	-0.0748370697136836	0.000350172070433299
RPL28	-0.0720096088938361	0.0193034933090653
RPL29	-0.0485016011860473	0.184645256955088
RPL3	-0.0644728898320938	0.000629580125754092
RPL30	-0.0538300685243842	0.0103919821428251
RPL31	-0.00526229542332179	0.805804794288233
RPL32	-0.0650619932489707	0.00807350727528221
RPL34	-0.0685244698610202	0.0336708982430714
RPL35	-0.0528434922358069	0.11916753620969
RPL35A	-0.0486660660427806	0.00576574287244001
RPL36	-0.0803758981612267	0.00920444600732485
RPL36A	-0.063099748689904	0.0176579720346695
RPL36AL	-0.0195854675228198	0.655203495249364
RPL37	-0.0908397338906649	0.0398644361332403
RPL37A	-0.0233467766462763	0.37477448464112
RPL38	-0.0347688205525815	0.135362321421672
RPL39	-0.0344946344399162	0.636102460662273
RPL4	-0.0396214256224951	0.182737263946841
RPL5	-0.0498806495981904	0.00522176477558109
RPL6	0.0112369994843416	0.690103449760539
RPL7	-0.0212073670871582	0.154854669936167
RPL7A	0.0764497123554774	0.202280143219165
RPL7L1	-0.0138838344499084	0.761190160353442
RPL8	-0.0269201393361308	0.206282787566157
RPL9	-0.0468341582791613	0.00454461815257287
RPLP0	-0.0445405223901827	0.00809827154743731
RPLP1	0.0332951565506177	0.642949981965329
RPLP2	-0.0323249225519677	0.0684436315862366
RPN1	0.00470683786006493	0.822517510120168
RPN2	-0.0181680052183016	0.244938303477843
RPP14	-0.0301087597621212	0.823415543633254
RPP25L	-0.039309591897932	0.563565013138851
RPP30	-0.0278971111502121	0.725373314424073
RPRD1A	0.0376592697140726	0.217550745625323
RPRD1B	0.00851228717157675	0.845178890994149
RPRD2	0.0199235275515521	0.63949708147261
RPS10	-0.0388624523654647	0.126200563775719
RPS11	-0.0329174246283001	0.0128901853639942
RPS12	-0.0407429046659213	0.0101301257802659
RPS13	-0.0342242048062676	0.0996555074423325
RPS14	-0.0276529557394216	0.111583154010335
RPS15	-0.104883149039137	0.0119003844620966
RPS15A	-0.0283073193287507	0.184826188682314
RPS16	-0.0392581593843258	0.00338523343369162
RPS17	-0.0485034816141626	0.0128475112439999
RPS18	-0.043771852231992	0.0528258660629129
RPS19	-0.0447422277571012	0.00377818358030456
RPS2	-0.0519596308217743	0.00225420992718826
RPS20	-0.0127880489074471	0.318554600272505
RPS21	-0.0220376987849879	0.250548378131845
RPS23	-0.0303901417750361	0.172879578604548
RPS24	-0.0434092710290477	0.241287572288433
RPS25	-0.0463646436551218	0.108608423998272
RPS26	-0.0544267242828113	0.0865118576291681
RPS27	-0.0463161698697653	0.0737591905625338
RPS27A	-0.100804058345767	0.00793351025994044
RPS28	-0.0461906735126573	0.00836634614659455
RPS3	-0.0570865177827931	0.000210572732257224
RPS3A	-0.0487795338781092	0.00049723514882105
RPS4X	-0.036327117784853	0.0158956051812034
RPS4Y1	-0.278406967037349	0.0745700829563376
RPS5	-0.0738420807989681	0.000115492373197992
RPS6	-0.0381752631426934	0.165688409052809
RPS6KA1	0.0368309630533045	0.454626940131073
RPS6KA2	0.0824622499604385	4.84027718863128e-05
RPS6KA3	0.0264773789990751	0.142650512513612
RPS6KA4	0.0198595435592642	0.669297729293424
RPS6KA5	0.183183645722359	0.000184337984314521
RPS6KB1	0.0018362656068848	0.959608609508394
RPS6KC1	-0.0118872197703326	0.563565013138851
RPS7	-0.0180802127681608	0.317741472473543
RPS8	-0.0689641637441835	2.84093198281855e-05
RPS9	-0.0518619409569088	0.00624110208388626
RPSA	-0.0123905162611204	0.659391154276724
RPTOR	-0.00358175424817056	0.794529664983968
RPUSD2	0.0367465686397024	0.617945940236617
RPUSD4	-0.00286528268090991	0.970478461796909
RRAGA	-0.01082937844906	0.637541643924791
RRAGC	0.0174970297839822	0.419972814001618
RRAGD	0.0105471532602812	0.799170395745446
RRAS	-0.026655743666928	0.184808775191102
RRAS2	-0.0149375778511191	0.544739235449335
RRBP1	0.060518402993702	0.528555425950981
RRM1	-0.0944034247401954	0.00222741984341296
RRM2B	-0.0320028358531298	0.285995283921809
RRP1	0.0550115372484288	0.268606336305623
RRP12	0.0171677222364122	0.675889447822211
RRP15	0.0121046682997623	0.877353679879363
RRP7A	-0.0751868474120393	0.268786276104264
RRP9	0.00359852682608047	0.938479644015085
RRS1	0.0390930079252407	0.305041457511781
RSBN1	-0.0249187242212673	0.640283996487105
RSBN1L	0.0823909322944979	0.386827806244334
RSF1	-0.00289764657762272	0.95439869096369
RSL1D1	-0.0029502925581755	0.911829379566721
RSPRY1	-0.0081744425494015	0.807553635436309
RSRC1	0.028840168693029	0.477860268008866
RSRC2	0.0123461905498804	0.871838338877128
RSU1	-0.0222533117330651	0.375403453672406
RTCA	0.0218253157067736	0.494430888074313
RTCB	0.0118020063777056	0.697856461295378
RTF1	0.0150008677680416	0.65082571570979
RTF2	0.0680903278562636	0.0491787601398575
RTKN	-0.066162118045092	0.284457992321983
RTL8C	-0.0503855035185777	0.120182414019627
RTN1	-0.188417790575545	0.00249827752338637
RTN2	0.0308330717768996	0.315425203698704
RTN3	-0.0545952304514344	0.0210813605027958
RTN4	0.126089331062065	0.245938059735679
RTN4IP1	0.0046057736085577	0.893018745362808
RTN4R	0.0138221578319424	0.594727246791351
RTN4RL1	-0.01113812595576	0.775739181103861
RTN4RL2	-0.0330861665571039	0.210834271287647
RTP1	0.136854174987318	0.0611411089749607
RTRAF	0.0298310119494445	0.187548895772568
RUFY1	0.0132573654427926	0.369909233359571
RUFY2	-0.029622693068341	0.467351755760358
RUFY3	0.0570554031999473	0.240722102335016
RUNDC1	-0.0077683334036005	0.914320999908398
RUNDC3A	0.0320987783078242	0.0866077197015856
RUNDC3B	0.0648613805387977	0.0657927297347678
RUSC1	-0.0223713882594401	0.623120447313595
RUSC2	-0.0131938032426999	0.794675934433236
RUSF1	-0.0388259852236873	0.094132532170615
RUVBL1	0.0394040143546741	0.0266491894823792
RUVBL2	0.0226201083964204	0.199752420036794
RWDD1	0.0218753008215871	0.385299824551219
RWDD2A	0.0139606432813708	0.837307478012756
RWDD2B	-0.0714653621765389	0.241650101021289
RXRA	0.00301217946972676	0.960944290080904
RXRB	0.0379907343032538	0.411967301443623
RYBP	0.0562644085511454	0.221224107071728
RYR1	0.222188552837695	0.53669781673678
RYR2	-0.0248537596275891	0.220483755753117
S100A1	0.0452328335958694	0.437739651720122
S100A10	0.0155078284090556	0.859468196587723
S100A11	-0.00578604138585466	0.94362036368906
S100A12	0.0133636652318345	0.935341346164147
S100A13	0.0450339508143804	0.507325970700586
S100A16	0.0150754854881272	0.561402498704718
S100A4	0.159628509697769	0.0737970196705736
S100A6	0.166363770467232	0.000384425607396861
S100A8	-0.108741622204881	0.410733873348737
S100A9	-0.0630502997307018	0.693256820689585
S100B	0.084626742389228	0.187004316547807
S100P	-0.0222233903030765	0.918994457090728
S1PR1	0.0346489953620269	0.411967301443623
S1PR5	-0.0252824481550886	0.798061661624694
SAA1	-0.0350224676082311	0.903587814189825
SAA2	0.0210276451268535	0.916578444914745
SAA2-SAA4	0.0119736230874015	0.93821685108963
SACM1L	0.00818376661787754	0.587261673909428
SACS	0.0165178486135247	0.58707051162136
SAE1	0.0265472252623887	0.420372514843074
SAFB	0.0615894828271748	0.0597549637511474
SAFB2	0.085143575305923	0.0029202411436658
SALL2	0.0122058257314396	0.91965725026258
SAMD12	0.0153278972626423	0.590775497908921
SAMD14	-0.0221018146592745	0.513697810443845
SAMD4A	0.0886629547467626	0.169961614726391
SAMD4B	-0.0226747323448335	0.382619939028557
SAMD8	-0.0590186966235094	0.0543418083381559
SAMHD1	0.0722539689104691	0.0133097608700007
SAMM50	-0.0330735248823987	0.0990700471115816
SANBR	-0.0349572848395032	0.153357269200781
SAP130	0.0245838767467227	0.554257590405176
SAP18	0.0445012506130316	0.199547957852359
SAP30BP	-0.00388146650376234	0.93821685108963
SAP30L	0.0332499054010343	0.350754157026452
SAR1A	-0.0282627565301857	0.121794445819572
SAR1B	-0.0207176154508226	0.410623350587344
SARAF	-0.00763665376170181	0.842004277650908
SARDH	0.00366446409874555	0.968021240465997
SARM1	-0.0331012244827756	0.122947028923685
SARS1	0.00162303515890627	0.948104516632389
SARS2	-0.0148828942424011	0.595434309491661
SART1	0.0371876612788205	0.186705350807917
SART3	0.044124221533939	0.115804665892239
SASH1	0.0363546276601665	0.237806699214412
SASH3	0.0147639186978829	0.870107819075268
SAT2	0.183384043684527	0.00514793852571498
SATB1	-0.0383379534419956	0.527912629974869
SATB2	-0.0317473656423609	0.369156500858779
SAXO6	0.0362261598152964	0.326442647663052
SBDS	0.00926144041621386	0.817225432744585
SBF1	0.0152040344115946	0.268205420419526
SBF2	0.0408504367100752	0.0130757093440245
SBNO1	0.00919936351089581	0.851713668896257
SBSN	0.102487294559497	0.416820294123002
SC5D	-0.00989374704905263	0.820527716548958
SCAF1	0.0135448220199567	0.743190830068184
SCAF4	0.0110513039723429	0.814668247511211
SCAF8	0.0538882918185018	0.17177696357546
SCAI	-0.0567945835656859	0.0218036894047169
SCAMP1	0.0241013310099309	0.280573466366625
SCAMP2	-0.00432392842743233	0.924915153770622
SCAMP3	0.0326794678110137	0.0754797384333911
SCAMP4	0.00755999059854184	0.684182807769736
SCAMP5	-0.00290111973541451	0.929701354009419
SCAP	0.0071647611233326	0.886551089236189
SCAPER	0.0283788108760912	0.447138127832597
SCARA3	-0.0276779922402792	0.713900996382265
SCARB1	-0.00340609690678087	0.931841492829396
SCARB2	-0.010722025927097	0.732865467262939
SCARF1	-0.0230220677391209	0.669392217089121
SCCPDH	-0.000386044594876178	0.986712592587214
SCD	-0.10327129441737	0.0861056306848161
SCD5	-0.0137345227665622	0.767487589927828
SCFD1	-0.0471633342585098	0.0100914470094774
SCFD2	-0.0227841623537314	0.250600467276367
SCG2	0.0488707096213893	0.318778967948762
SCG3	0.0465301263145066	0.245380398605617
SCG5	0.0843667222882528	0.00682063719817623
SCGN	0.205570672782422	0.0256189794546544
SCIN	0.214501301718748	0.0270058156951119
SCLY	0.0441574705841141	0.298928346840796
SCN1A	-0.00599405098963754	0.90766791442153
SCN1B	-0.00404559586262466	0.92774817013816
SCN2A	-0.00551247599976094	0.830885177590834
SCN2B	-0.0458901812038025	0.0151935562248407
SCN3A	0.145377307399799	0.0120756007319995
SCN3B	0.00392315804415581	0.934295162584948
SCN4B	-0.00613441560454686	0.958144836515064
SCN7A	0.0334555422198294	0.84942961058706
SCN8A	-0.011796928266478	0.69754912768388
SCO1	-0.00477904836854642	0.869818881708293
SCO2	0.0293468989530571	0.40528068784417
SCOC	-0.0699969157881875	0.330513197198769
SCP2	0.00391312608630466	0.897350673446719
SCPEP1	0.0583453947041851	0.0172026939343305
SCRG1	-0.00814996732849717	0.899258797137287
SCRIB	0.0360533182697524	0.0572536556991813
SCRN1	0.0382200632951192	0.0914297315216689
SCRN2	-0.000502699591149069	0.990830120051705
SCRN3	-0.00522851190942141	0.914927295953645
SCYL1	0.00730006717246606	0.648050533610394
SCYL2	0.0119687210716402	0.562316039741882
SDAD1	0.00729427258543038	0.906920972657201
SDC2	0.203533511482244	0.00146752952938199
SDC3	0.0586154862335369	0.426313230117209
SDC4	0.189954626356445	0.000237324825618115
SDCBP	-0.012394148854427	0.662530468757551
SDCCAG8	0.0218769254394001	0.766255159300894
SDE2	0.0924804405518651	0.0723551764675976
SDF2	-0.0304204968533233	0.445810809181615
SDF2L1	-0.0362207742022647	0.231956158058958
SDF4	-0.0134171416391425	0.758368942395707
SDHA	-0.0311521494604821	0.0552459953524956
SDHAF2	-0.0556641828028001	0.239944170734663
SDHAF3	-0.0217232440349019	0.633543371522734
SDHAF4	-0.0432616982985413	0.309949263405652
SDHB	-0.0197026402137457	0.34066925284606
SDHC	-0.133495479416199	0.00337489147303225
SDHD	-0.221774063225908	0.00154534159400156
SDK2	0.0179955911771458	0.593227158889073
SDR39U1	-0.0646345777730446	0.15527401359396
SDSL	0.00954703559485918	0.830885177590834
SEC11A	-0.00252477204653831	0.941151260330702
SEC11C	-0.024216754201312	0.436426522922273
SEC13	-0.022890424635659	0.0528356747932819
SEC14L1	0.0193197609352437	0.565373458157401
SEC14L2	0.0285685134646097	0.369119194952349
SEC16A	0.00298642930654973	0.901513927234136
SEC22A	-0.0818732457767579	0.0212651972908952
SEC22B	0.0278011645721909	0.0832347399449707
SEC23A	-0.00961813447619036	0.533986000521722
SEC23B	0.00760947948496807	0.792480184189546
SEC23IP	-0.00495892467602176	0.854060018106842
SEC24A	0.00567937736453186	0.802973726130923
SEC24B	-0.00136256052654464	0.944408449706723
SEC24C	-0.0155290973361981	0.232821725988435
SEC24D	0.0174803551532565	0.713142689429973
SEC31A	-0.0216357381262994	0.0718150684794281
SEC61A1	0.0147518233025057	0.61122027801657
SEC61A2	-0.0367452559097806	0.0524181796687551
SEC61B	-0.0330844881341173	0.154755830430102
SEC62	-0.00136457926479419	0.962101414355828
SEC63	0.00323933831904322	0.870107819075268
SECISBP2L	0.00540618666541792	0.93821685108963
SEH1L	0.0107319844585674	0.610374646705506
SEL1L	-0.037829328460981	0.108724875928711
SELENBP1	0.0421649054734596	0.339517040409691
SELENOF	-0.0321322450881627	0.105754312983011
SELENOH	0.0351677525116836	0.419198023051679
SELENOM	0.00584302988945851	0.913298730046545
SELENOO	0.0520173855311435	0.0546538261339402
SELENOP	0.11316758179809	0.0401409703303027
SELENOS	0.0138389171021682	0.754133474072846
SELENOT	-0.0079307550809381	0.851713668896257
SELENOW	0.0178184133144867	0.640351357471052
SEMA4A	0.0713961162658446	0.0970540857702809
SEMA4B	-0.00906081708034889	0.838070255619398
SEMA4C	0.0453229450679968	0.0545214550926124
SEMA4D	-0.0230999458108738	0.359792377451923
SEMA4F	-0.00359090062616504	0.947046031146086
SEMA6A	-0.05051793354755	0.210834271287647
SEMA6B	-0.0349390085490189	0.464280476073526
SEMA6D	-0.0142482638943741	0.723012999485437
SEMA7A	0.0450497696509814	0.181382790875904
SENP3	-0.0325115966458839	0.495368411334998
SENP8	0.0151694003163443	0.59437199329757
SEPHS1	0.0445575171593005	0.349217429143373
SEPHS2	0.00821274576243836	0.834491830527488
SEPSECS	-0.0230086750205878	0.57961825893138
SEPTIN10	-0.0375577154319413	0.270264219645993
SEPTIN11	-0.0493812084031418	0.0259582086666728
SEPTIN2	0.134806026308126	0.154744889855869
SEPTIN3	-0.0268825102319754	0.377172782604012
SEPTIN4	-0.0336597578905395	0.330742330738367
SEPTIN5	-0.0907880199959985	0.0770700091755827
SEPTIN6	-0.0136641528163717	0.521900945035689
SEPTIN7	-0.127706625965198	0.000186730924944537
SEPTIN8	-0.0100440039902793	0.7183247798167
SEPTIN9	0.0065062541162933	0.800500990546591
SERAC1	-0.00353409010851853	0.934295162584948
SERBP1	-0.0370163282432251	0.242263692970122
SERF2	0.0517472906301852	0.443055070845429
SERGEF	0.0581828651758505	0.12331102316075
SERINC1	0.0489996610785805	0.0122850232508949
SERINC3	-0.0367064464124088	0.349648230917683
SERINC5	0.0383039856095176	0.48249227197157
SERPINA1	-0.0956564799285696	0.47696263173414
SERPINA3	0.000527973479680838	0.997416220883531
SERPINA6	-0.0362716909237751	0.659391154276724
SERPINB1	-0.0492913682670799	0.447897726605853
SERPINB6	-0.126034948881257	0.0577891089338126
SERPINB8	-0.0211475108588254	0.693780826607678
SERPINB9	-0.0626311645008234	0.181382790875904
SERPINC1	-0.0177520038854603	0.870385329520831
SERPIND1	0.0323011579398826	0.751412673730185
SERPINE2	-0.161009255972785	9.04215001839275e-05
SERPINF1	-0.0151752902065213	0.742018590626699
SERPINF2	0.032606409448906	0.7375014736731
SERPING1	0.0205463807855629	0.826907157229402
SERPINH1	-0.0359458069873171	0.484530574023524
SERPINI1	0.000224242858959139	0.996159650677822
SESN1	0.128973996865242	0.000106208667562507
SESN2	-0.0526377280866818	0.257621264453804
SESN3	0.0443252314089243	0.331544320437759
SESTD1	-0.0576085848556621	0.00191856113133848
SET	0.0177419384948394	0.655203495249364
SETD1A	0.0628208676938042	0.378599653173013
SETD3	-0.00436800666282716	0.792360744333511
SETD7	-0.0544271071628141	0.0486979996488718
SETMAR	0.0303832022307695	0.600425643023003
SEZ6	0.0301075701450915	0.68287899520254
SEZ6L	-0.00346433902777774	0.918256631591717
SEZ6L2	0.102297488167387	0.0773091245365148
SF1	0.0537933906347248	0.11444780075418
SF3A1	0.000627481084235743	0.988466309101587
SF3A2	-0.00609022629409459	0.921198366422661
SF3A3	-0.00418518774922498	0.928118866968168
SF3B1	0.0109155965998611	0.7375014736731
SF3B2	0.0104534197457905	0.776155833259003
SF3B3	0.0337124936302603	0.202447298009819
SF3B4	-0.0230627671430184	0.690181668027059
SF3B5	0.0339330281642182	0.166112137617809
SF3B6	0.0358539162517845	0.255578117168883
SFN	0.149375916403999	0.220454591467581
SFPQ	-0.000439546162530086	0.993684591068952
SFRP1	0.547816704250189	5.60316450270489e-11
SFT2D2	0.127966865326999	0.0223338922795268
SFXN1	-0.0244603487525915	0.130894259447063
SFXN3	0.0347268038750613	0.16561595177365
SFXN4	-0.0161512090964601	0.578434525034727
SFXN5	0.010681735333875	0.810315825623571
SGCB	-0.000382940973923988	0.994167438004413
SGCD	0.0172836721608054	0.64735201358073
SGCE	0.00150418474906092	0.96568044620989
SGF29	0.0208708167009607	0.693780826607678
SGIP1	-0.0671861807367214	0.0925719385260254
SGPL1	-0.00211126196994052	0.937494346692006
SGPP1	0.0142253289102047	0.550166372530618
SGSH	0.00953797972621433	0.883135448256194
SGSM1	0.0562898844257953	0.0215135512528523
SGSM2	0.0830040322678499	0.035963727439678
SGSM3	-0.0537877517757427	0.0815258463887175
SGTA	-0.0371947716180031	0.0277835669448178
SGTB	-0.100368481166996	6.2994455968489e-05
SH2B1	0.0132145756059162	0.365390195763335
SH2D3C	-0.0360378509457535	0.123441814388963
SH2D5	-0.0242896782497267	0.430889951071922
SH3BGRL	0.0619456197046521	0.00971625106591997
SH3BGRL2	-0.00624650230247734	0.729079886059539
SH3BGRL3	-0.000869622541389448	0.984569291392095
SH3BP1	-0.0305332303807686	0.238908978872737
SH3BP4	-0.0422157792431266	0.361121195514081
SH3BP5	-0.0638127241070182	0.122106358005174
SH3BP5L	-0.0129484840791022	0.662212117799697
SH3D19	-0.0438007883666865	0.328138207095859
SH3GL1	-0.0851873349169657	0.00502155921569249
SH3GL2	0.0055860002650292	0.883135448256194
SH3GL3	-0.02692015800631	0.444218192231901
SH3GLB1	0.0232256132414177	0.626355737758634
SH3GLB2	-0.0481689173127544	0.0526468227378791
SH3KBP1	-0.0292961393110613	0.147533659531209
SH3PXD2A	-0.0164065805993747	0.260638176052883
SH3PXD2B	0.046584808281462	0.231956158058958
SH3RF1	-0.0529609484332494	0.188819088625056
SH3RF3	0.0236880169728373	0.736722992483102
SHANK1	0.0167514292399524	0.629165066343735
SHANK2	-0.0644893115811264	0.156669423284206
SHANK3	0.000882663957142232	0.980446944640667
SHARPIN	0.00609882485693719	0.901542342494057
SHB	-0.0166100242116239	0.791542615582221
SHC1	0.000616595030379724	0.993684591068952
SHC2	0.0138410373056696	0.725921332083151
SHC3	-0.0237644842896367	0.456044879874474
SHD	-0.0708707190697179	0.0584328508264467
SHF	0.0618547313463688	0.31333977037814
SHFL	0.00443317707839469	0.88027613072764
SHH	0.0681900392767373	0.373284910642552
SHISA4	-0.103098077068036	0.136319890132515
SHISA6	-0.0352593774359624	0.676275799373031
SHISA7	-0.0994166075212578	0.0204357208712687
SHISA9	-0.00457690539360014	0.938468864047859
SHMT1	0.047377984799118	0.272036695150859
SHMT2	-0.0762794967998645	0.0213040124701971
SHOC2	0.0264195073366654	0.0778527915807296
SHROOM1	0.0440041685822799	0.475421235878508
SHROOM2	-0.0195382851113839	0.436401019967331
SHTN1	-0.048689081669749	0.0778527915807296
SIAE	-0.00583769500635445	0.904379126090563
SIAH1	0.00347787435736666	0.95200728975635
SIDT1	0.0310367705083735	0.58833401758879
SIDT2	0.0587512547973464	0.0346147022877476
SIGMAR1	-0.0575890326391836	0.564680807108032
SIK2	-0.00758244391093699	0.869046806956961
SIK3	-0.0379912501558756	0.0119391056305605
SIKE1	-0.0385376564472604	0.473600352743355
SIL1	-0.101891544719004	0.0705941788891467
SIN3A	0.0574500057833247	0.154524332649689
SIN3B	0.00354549546078664	0.948138290741939
SIPA1	0.00250360185021876	0.970478461796909
SIPA1L1	-0.0366561444394773	0.102865636297483
SIPA1L2	-0.0197146848830203	0.471995268091194
SIPA1L3	0.0251705019349948	0.46788198092412
SIRAL1	-0.027447214435367	0.348581752153839
SIRPA	-0.0459208450945841	0.129404797841053
SIRPB1	0.576776384400644	0.0490571512719619
SIRT2	-0.1535572093979	0.10230182831972
SIRT3	0.0352293377227769	0.608308192876773
SIRT5	0.0224797031239119	0.436160801047586
SKAP1	-0.0411998840075342	0.562124283490239
SKAP2	-0.0265059715869552	0.699985429490004
SKIC2	-0.0178919227279577	0.413796026909466
SKIC3	-0.052462959706476	0.0186426821644629
SKIC8	0.00760818722469738	0.746215719694552
SKP1	-0.0500921369741888	0.0294975431593816
SLAIN1	-0.00220775872191153	0.974462806702963
SLAIN2	0.0288206131650037	0.30362283276134
SLC10A4	-0.0217552409872249	0.750439252687802
SLC11A2	-0.0411229791803215	0.418348985173192
SLC12A2	-0.0566650904728552	0.0553374056723438
SLC12A4	0.0632878053794346	0.166267236506696
SLC12A5	0.0165383898055209	0.520711056995975
SLC12A6	0.0101724981876764	0.597994425655511
SLC12A7	0.00856149997409661	0.933189075253571
SLC12A9	0.0155084689932357	0.630348132658697
SLC13A3	-0.0859408388023118	0.245328881103087
SLC13A5	-0.0766178785501151	0.155843225565224
SLC14A1	-0.0098421740347566	0.937494346692006
SLC15A2	0.0323912389050731	0.506904132440384
SLC16A1	0.0010413360901011	0.986712592587214
SLC16A2	-0.0121697496184157	0.728796479914112
SLC16A7	-0.0201988614562604	0.590880244618847
SLC17A5	0.0598211088045476	0.507737932070792
SLC17A6	0.0112175934737747	0.867161668427272
SLC17A7	-0.0121043864358788	0.77404984575286
SLC17A8	0.0746694010594791	0.130238546306789
SLC18B1	-0.00356288125803383	0.964068371958125
SLC19A1	-0.00872204407932398	0.809190710863513
SLC1A1	-0.0420063915893337	0.426313230117209
SLC1A2	-0.0849968908729635	0.161918571713104
SLC1A3	-0.01558840930728	0.768175019460416
SLC1A4	-0.0447823638416605	0.361677497515773
SLC20A1	-0.0203854814873524	0.682684154547752
SLC20A2	0.0623972481752066	0.0501246142018009
SLC22A17	0.0510517612643556	0.0894724402542148
SLC22A23	-0.0688417719618795	0.000106154389197526
SLC22A5	0.052019349924663	0.242263692970122
SLC23A2	0.0538054567520906	0.207939475249035
SLC24A2	-0.0456179756488569	0.309949263405652
SLC24A4	0.00187264615051747	0.970048473872185
SLC25A1	-0.0259431933163053	0.297047054301095
SLC25A10	-0.0594110670191824	0.0184789916982553
SLC25A11	-0.0528747928497395	0.0187793034387135
SLC25A12	0.0241810722466551	0.277274405586431
SLC25A13	-0.0379477565994887	0.23319161230958
SLC25A14	-0.00577909740664126	0.815894769650833
SLC25A15	-0.0867874349772979	0.112042563331914
SLC25A16	-0.120175068946313	0.0115730150733868
SLC25A17	-0.041515234758331	0.550166372530618
SLC25A18	-0.00281029031844077	0.957984005378427
SLC25A19	-0.0110560021849235	0.725373314424073
SLC25A20	0.00264447611829652	0.928907731646166
SLC25A22	-0.0373590309021996	0.191907956576307
SLC25A23	-0.0197464514540894	0.250615470065663
SLC25A24	-0.017445622439455	0.654877334908656
SLC25A25	-0.0177572464369481	0.464900991145173
SLC25A26	-0.0292077177611034	0.582038009071832
SLC25A27	-0.0747174122929398	0.00921234035415624
SLC25A28	-0.0111117709837401	0.892866832038634
SLC25A29	0.0570139336555051	0.0493355218421535
SLC25A3	-0.058270335291125	0.026064566913526
SLC25A32	-0.0408012326385082	0.152595615216402
SLC25A33	-0.117305696243974	0.00769772419212289
SLC25A36	-0.0718173838512839	0.00202886096989399
SLC25A4	-0.0572743890001571	0.076065189973845
SLC25A40	-0.00858972822540113	0.864275310337365
SLC25A42	-0.0255365231176621	0.3551854385106
SLC25A44	-0.006018949098333	0.820229286442347
SLC25A46	-0.0678403273169088	0.000318285067572802
SLC25A5	-0.0461578842289642	0.0697357176494496
SLC25A51	-0.0308878165338537	0.340785911165729
SLC25A6	-0.0516224663356323	0.0598357931353824
SLC27A1	0.00681579830734182	0.781038527636581
SLC27A2	0.0585497031601743	0.101022273408902
SLC27A3	0.0261704230768355	0.639830861370049
SLC27A4	-0.0266022172204533	0.155084484984996
SLC29A1	0.0365350410067488	0.401091696371975
SLC29A2	-0.013908473584297	0.85535521101652
SLC2A1	-0.0439241261512411	0.201667689908217
SLC2A11	0.039459318012332	0.443055070845429
SLC2A12	-0.031504440430407	0.549080488424019
SLC2A13	0.0491247850762445	0.221187263883497
SLC2A3	-0.10761547246685	0.00854581521342901
SLC2A5	0.00894427334884046	0.895465736114958
SLC2A6	0.0901247679370143	0.125740393327428
SLC2A8	0.0145461621073267	0.830681125495492
SLC30A1	0.000710325193374543	0.983711498902274
SLC30A3	-0.0599221804984531	0.16067466377976
SLC30A9	0.00897272636629578	0.638386622634204
SLC31A1	0.0270190394667413	0.66596879379327
SLC32A1	0.0163140223402917	0.587190066291477
SLC33A1	0.0181519639951147	0.513167952920197
SLC35A4	-0.0498125174761644	0.0642172943486025
SLC35B2	-0.022987687482581	0.675889447822211
SLC35F1	0.0502744026234713	0.470898856312462
SLC35F3	0.0509614413237724	0.418783238972665
SLC35F6	-0.0100401380661602	0.744452681044534
SLC35G2	0.057130510362974	0.372693009464533
SLC37A4	0.00908221182848565	0.84094138861602
SLC38A1	0.0483201238566411	0.18446968302864
SLC38A10	0.0278887825803553	0.802973726130923
SLC38A2	0.295718987566559	7.39710185804375e-05
SLC38A3	0.0698494893641473	0.039012609917783
SLC39A10	-0.043204397829708	0.181382790875904
SLC39A11	0.0765079319852962	0.0252112389040319
SLC39A12	0.0999807674372568	0.034326736919398
SLC39A14	0.0159563585236613	0.772704531460294
SLC39A6	-0.0042260875377377	0.909310876500408
SLC39A7	-0.0141431690049645	0.69754912768388
SLC3A2	-0.0388995779861717	0.0490571512719619
SLC41A3	0.0116742244703127	0.69754912768388
SLC43A2	-0.0234158155452705	0.445104109724304
SLC43A3	0.0369971931153028	0.559939253300992
SLC44A1	-0.0598311978559028	0.398375219228168
SLC44A2	0.0141820786160025	0.733100743802761
SLC45A1	0.0319775157354236	0.350754157026452
SLC45A4	0.0590292285147581	0.28849336599001
SLC4A1	0.0368031491490907	0.654412603826695
SLC4A10	-0.199598861009194	0.0212651972908952
SLC4A1AP	0.0408377853770586	0.155907075737205
SLC4A2	-0.0418028811212122	0.696077429338927
SLC4A3	0.0254173550650347	0.419198023051679
SLC4A4	0.00879027191846621	0.841073597894493
SLC4A7	0.00806535707598666	0.916469318048896
SLC4A8	-0.0657997490802897	0.0164212953787592
SLC5A3	0.182766293791995	0.00380761574394826
SLC5A6	-0.0322180985153838	0.507452469166747
SLC60A1	0.0359474261521248	0.241650101021289
SLC66A2	-0.0693342285693524	0.10123748290328
SLC67A1	-0.114569846076836	0.0847861677850927
SLC6A1	0.0205740547044568	0.474139610977455
SLC6A11	0.0397366182042748	0.30117685452872
SLC6A12	0.0168568818251479	0.697699866614708
SLC6A13	-0.0598810277490557	0.63618535101672
SLC6A15	0.0662411716828667	0.0141088419158488
SLC6A17	0.0140173698062673	0.721124032274282
SLC6A7	0.0904560919245364	0.00872615983655788
SLC6A8	0.00201958595093271	0.967810224209162
SLC6A9	0.0629599204573794	0.077332051187123
SLC75A1	0.0656231375322642	0.224535661031627
SLC7A1	-0.049420925317338	0.253858939717037
SLC7A10	-0.0185822906451659	0.705894550447247
SLC7A11	0.0322267121300168	0.555561396075493
SLC7A14	0.0533561272712559	0.0424825292161424
SLC7A2	0.17732695265591	0.00849793937091016
SLC7A3	0.119501576331807	0.081587498170561
SLC7A5	-0.0540136042046817	0.00759293830523755
SLC7A6	-0.0294959030994528	0.535251121141163
SLC7A6OS	0.00594239646129013	0.918816636064979
SLC7A8	-0.0881130662561019	0.0158956051812034
SLC8A1	-0.0331385845369961	0.257470759224366
SLC8A2	0.00941233499251842	0.797575813420417
SLC8A3	-0.0615406461784475	0.011901854317298
SLC9A1	-0.0518058438452895	0.0186723215493162
SLC9A2	-0.0495562066592474	0.737714714377903
SLC9A6	0.0366934700804263	0.100569455152922
SLC9A7	0.0247832554903871	0.307336025633563
SLC9A9	-0.0215799100495975	0.771981104515991
SLC9B2	0.0425270075918216	0.187521719158431
SLCO1C1	-0.010109830676822	0.916748201015955
SLCO2A1	-0.0264791963720407	0.833925818961742
SLCO2B1	-0.095704790137347	0.0423328847128852
SLCO3A1	0.0561629518046365	0.146237013702658
SLFN5	-0.0668574743251824	0.413796026909466
SLIRP	-0.0748773956365903	0.00610841369872738
SLIT1	0.0496237348806576	0.106760231364741
SLIT2	0.186815388878796	9.37887193176302e-08
SLITRK1	-0.0393017880906995	0.141288021831834
SLITRK2	0.0123042209494741	0.682550592000707
SLITRK3	0.0353787599477719	0.111196990627743
SLITRK4	0.0248421420739658	0.284109508796228
SLITRK5	0.0187224761147911	0.517220734494567
SLK	0.0258724544676871	0.686394093662936
SLMAP	-0.00866368308821794	0.857523522922836
SLTM	0.0613829660093633	0.0703810868052454
SLU7	0.00760778755522928	0.908967930786195
SMAD1	0.0498567588863564	0.423792055574372
SMAD2	-0.00593535701739724	0.812172641579306
SMAD3	-0.0346136369659064	0.436401019967331
SMAD4	0.0758231212546584	0.012387355485665
SMAD5	0.0353512397305774	0.153746570597291
SMAP1	-0.032713956719294	0.141121300873001
SMAP2	-0.0192793828971244	0.393291937852835
SMARCA1	0.0402515830483174	0.186052003638686
SMARCA2	0.0209698208662745	0.454888962387718
SMARCA4	0.0324680574656553	0.284457992321983
SMARCA5	-0.00290194352943756	0.952054806888551
SMARCB1	-0.00239779315524458	0.970897230415574
SMARCC2	0.0171617271600865	0.600425643023003
SMARCD1	0.0282941965519821	0.36413637601701
SMARCD3	0.0522380462957949	0.0936232227589091
SMARCE1	0.0370214658926187	0.140067982195158
SMC1A	0.0524028075724915	0.158247201976956
SMC2	0.0976876176559332	0.374505959011636
SMC3	0.0533807298979359	0.253122077449775
SMCHD1	0.0273463046433625	0.382619939028557
SMCR8	0.026263668270179	0.173015774146089
SMDT1	-0.0505043365043791	0.135681927563898
SMG1	0.038077922652888	0.0188617765510902
SMG5	0.00239516184761732	0.939668910733652
SMG6	0.0322434321317673	0.119570165195381
SMG7	-0.000374033116964767	0.992444076747917
SMG8	0.0244179837334287	0.272432666195244
SMG9	0.0498300402967307	0.238276068918457
SMIM12	-0.00695895836723517	0.881966953087238
SMIM13	-0.0146194774233393	0.723303264694563
SMIM20	-0.000685401743639485	0.986117387851232
SMIM26	0.0148475744450414	0.793658521461234
SMN1	0.0101690096231468	0.864877428648911
SMNDC1	0.0200705615775334	0.641531867912573
SMOC1	0.735006541868705	8.96600558137001e-22
SMPD1	-0.013019209599844	0.788278808853096
SMPD3	-0.0510117252722435	0.00377818358030456
SMPD4	0.0154382445360931	0.636604034545223
SMPX	-0.00921325597345816	0.886551089236189
SMS	0.0175043902219202	0.507512619727627
SMTN	-0.0745953381026544	0.404065520645911
SMU1	0.0418014164409714	0.141324479690744
SMUG1	-0.0511033222728393	0.276712097789469
SMURF1	0.0265526559241542	0.633919928341748
SMURF2	0.00781887768329156	0.901816474857203
SMYD2	-0.00519809185356265	0.944995566697773
SMYD3	-0.0025355857497015	0.942452751505845
SMYD5	0.0405245229324416	0.122106358005174
SNAP23	-0.00152536577096414	0.973189989903992
SNAP25	-0.120532685783096	8.25226634144634e-06
SNAP29	0.0205138333892797	0.5157256551213
SNAP47	0.0295036144128727	0.159059395805239
SNAP91	-0.026462884363915	0.227279593413922
SNAPC5	0.0120199487092568	0.856400475602618
SNAPIN	0.0243940006987668	0.313642094418467
SNCA	0.0240571219869242	0.640283996487105
SNCB	0.0391117912028329	0.392765269155837
SNCG	-0.0267028873372918	0.477445644557882
SND1	0.00275793057264295	0.909612889978896
SNF8	-0.025054540974532	0.188057308401007
SNN	0.0292353773648518	0.597134228545639
SNPH	0.00684554405731361	0.793193803541563
SNRK	-0.000849292702871589	0.973189989903992
SNRNP200	0.0281635431003272	0.319160936066214
SNRNP27	0.0268564826272696	0.639830861370049
SNRNP40	0.0258777068351473	0.465590897100826
SNRNP70	0.0341352000096723	0.304450508989672
SNRPA	0.0277410339975869	0.454537801199044
SNRPA1	0.0108071623028135	0.802196879920225
SNRPB	0.0137088162496533	0.746592264027132
SNRPB2	0.0120623796178089	0.836083927552817
SNRPC	-0.0694830392133348	0.447259496125057
SNRPD1	0.0495922666021986	0.0859785723509591
SNRPD2	0.00684838557638798	0.882246699231211
SNRPD3	0.0395783433507916	0.0804703502695902
SNRPE	-0.00303192417648956	0.953712938337138
SNRPF	-0.0449248341277557	0.2679184128271
SNRPG	0.0111594891873476	0.810573937571951
SNTA1	0.0652161613550637	0.00407035708815785
SNTB1	0.066314910992954	0.0342388853522583
SNTB2	-0.000923439386825729	0.969046074219213
SNU13	0.0318306327538075	0.238270856495436
SNUPN	-0.0131333304193164	0.766512984843558
SNW1	0.0101806076023274	0.818690744664304
SNX1	0.00314067667556067	0.871966161427939
SNX10	-0.0672480190707556	0.0859920637350526
SNX11	0.0237661422514671	0.328670557877854
SNX12	0.0302403087655204	0.00886682262833441
SNX13	-0.0244299275748258	0.126235172427811
SNX14	-0.0353494606046039	0.0687524125553919
SNX15	0.0411427957850533	0.048754087656867
SNX16	-0.0194280353308565	0.583956879615877
SNX17	0.0417644160408321	0.0183447974857687
SNX18	-0.018816731153481	0.496765782937855
SNX19	-0.0127954416296024	0.765879094423763
SNX2	-0.0166772100860109	0.278672863290571
SNX21	0.0182435528414294	0.713142689429973
SNX24	0.0233565542914006	0.551018131217634
SNX25	-0.0423370852622477	0.192405885196773
SNX27	0.0437514750388314	0.000752876303929608
SNX29	-0.0166202261422431	0.590810924114096
SNX3	0.0112791194891231	0.741725914124456
SNX30	-0.0334666909508212	0.0714618413443011
SNX32	-0.00839675567188865	0.881253405889718
SNX33	-0.00634825785843954	0.914927295953645
SNX4	-0.0155693214437728	0.371827607633151
SNX5	-0.00169106857653306	0.950502402546168
SNX6	-0.00568572882076361	0.780290917446767
SNX7	-0.00345348242744058	0.938468864047859
SNX8	-0.0179069995666453	0.576510149068147
SNX9	-0.016191536289216	0.355427838676076
SOD1	0.00795889468970401	0.913847645339124
SOD3	0.00343264635990111	0.959721423135434
SON	0.0322404009871583	0.243841654025883
SORBS1	0.0271464562077333	0.353280918523061
SORBS2	-0.0855295691888622	0.176193903794316
SORBS3	0.0261073055019726	0.411967301443623
SORCS1	-0.0215659947463266	0.586416330964267
SORCS2	-0.00894248466542991	0.719877836366671
SORCS3	-0.0530193251822056	0.0499000142418197
SORD	0.0677144627464672	0.0821984931063402
SORL1	0.0154580424318861	0.526567500492856
SORT1	-0.00310365592588138	0.932407243743568
SOS1	0.00284930081301858	0.882380872504615
SOS2	-0.0174310615506468	0.74328813220176
SOWAHA	0.0650149182500964	0.156247173163386
SOWAHB	-0.00128924205865383	0.978702942653821
SOX10	0.00430180534871744	0.964266739288078
SOX2	0.0834979664549502	0.0431049758908801
SP3	0.052193377818	0.586916909302695
SPAG1	0.0462952661966175	0.160056214058317
SPAG7	0.00746585114610608	0.84942961058706
SPAG9	-0.0111130528814554	0.854970465085748
SPARC	0.150979654983858	0.00886682262833441
SPARCL1	-0.00295799512497091	0.948104516632389
SPART	0.0313793104877746	0.080177248202941
SPAST	0.0343223647717036	0.00879916504278159
SPATA13	0.016325481964039	0.802973726130923
SPATA2	-0.0119470275503768	0.554397923945988
SPATA20	-0.00217485707495495	0.978702942653821
SPATA2L	-0.0796591111054586	0.242263692970122
SPATA33	0.0115311487174582	0.755995612542169
SPATS2	-0.0492297731881922	0.361121195514081
SPATS2L	-0.0782829114851016	0.026603057858515
SPCS1	-0.0467362087994333	0.114934185841838
SPCS2	-0.0171757148514402	0.423792055574372
SPCS3	-0.00417786089762151	0.91856012733493
SPECC1	-0.0192715499033336	0.306492668867361
SPECC1L	-0.010990109668768	0.516677851361314
SPEG	0.0217505462488263	0.232788830566235
SPEN	0.0542318108114743	0.146581100577768
SPG11	-0.0102463384944642	0.802428205605409
SPG21	-0.0267629700884809	0.339517040409691
SPG7	-0.0337947216494814	0.0323954924910216
SPHK2	0.0155869816469078	0.751412673730185
SPHKAP	-0.0407595129677698	0.464325339660094
SPIN1	0.0551261222923544	0.110156664226176
SPINT2	0.0213387588032637	0.562599163872306
SPIRE1	0.0398450476103784	0.0029551699307058
SPIRE2	0.0168028105809236	0.76327831256438
SPNS1	0.0244872230006405	0.655347811699779
SPOCK1	0.156157915878183	2.72438373960029e-08
SPOCK2	0.170268846108292	1.98927966710792e-12
SPOCK3	0.235435485867541	4.53699944448713e-09
SPON1	0.105660719329701	0.000237324825618115
SPP1	-0.112082848832341	0.522542722885696
SPR	0.0497589335255267	0.118116709703068
SPRED1	-0.0198018049878326	0.398375219228168
SPRED2	-0.038707898635694	0.319812164106276
SPRED3	-0.161985856531793	0.000574203916458943
SPRY2	0.00680331366890202	0.857864632599462
SPRYD3	0.0919063511553088	0.257575557727924
SPRYD4	-0.000698930570529652	0.986382683287937
SPRYD7	0.0381668736656148	0.0137760120380964
SPTA1	0.0434808637289335	0.532893722969207
SPTAN1	0.0338517814632634	0.338326646493194
SPTB	0.0418318405486986	0.305913858597043
SPTBN1	0.0527777161641475	0.706770404769077
SPTBN2	0.00328436991701676	0.886781989090956
SPTBN4	0.00728808510364867	0.690724476590652
SPTLC1	-0.0132061023772526	0.693780826607678
SPTLC2	-0.028503131776033	0.265742650160378
SPTY2D1	0.0343536523470691	0.617678605898042
SQOR	-0.0119693309388231	0.794836149402539
SQSTM1	0.0286658413785597	0.550641907468677
SRA1	-0.0239622654546384	0.407119848482415
SRC	0.0178880059285641	0.318778967948762
SRCAP	0.334984941900965	0.0259691992226938
SRCIN1	-0.11034935595688	0.221092679735357
SREBF2	0.0379941145096393	0.507325970700586
SREK1	0.00993573439288132	0.803131080572225
SRF	0.0651940241789055	0.193602790006342
SRGAP1	0.0195076612904083	0.48203794269079
SRGAP2	-0.0352725652104395	0.213079211456772
SRGAP3	0.0424174037681506	0.522542722885696
SRI	0.0125983020043483	0.85535521101652
SRM	0.00213436386246385	0.943426864760449
SRP14	-0.0139165034166381	0.750439252687802
SRP19	0.0281665699902932	0.363060169154476
SRP54	0.00418228561502922	0.856410063611615
SRP68	0.00649582051768301	0.708929573773028
SRP72	-0.0023156161708092	0.909176259658769
SRP9	0.00243283519515791	0.96568044620989
SRPK1	-0.0184932050735116	0.55765794794362
SRPK2	-0.0416798401477033	0.0104724214782696
SRPRA	-0.0444434064231385	0.00797405296076703
SRPRB	-0.0489544783571898	0.0253997461963725
SRR	0.0515738598020633	0.17453995897647
SRRM1	0.00995768013093445	0.852387921472075
SRRM2	-0.00604724715670518	0.877353679879363
SRRT	0.0553221733729397	0.0551685270027716
SRSF1	0.046761340726262	0.154248987439189
SRSF10	0.0773863514029612	0.00589032977390744
SRSF11	0.053357977702833	0.195715015394376
SRSF12	0.0554244970662463	0.181901897825776
SRSF2	0.0539443830894747	0.111008493791678
SRSF3	0.0446598118195746	0.21857606901325
SRSF4	0.0657573070706811	0.0430236272288993
SRSF5	-0.0617588573266222	0.470898856312462
SRSF6	0.0423378935002415	0.241650101021289
SRSF7	0.0570430080433466	0.0266491894823792
SRSF9	-0.00185271784856022	0.969077843233531
SRXN1	0.059740031628409	0.0267482168355367
SS18	-0.074329846379369	0.201953862526992
SS18L1	0.0436225607222367	0.419478441791911
SSB	-0.0191143560215798	0.60638793852591
SSBP1	-0.0122638102320989	0.69754912768388
SSBP2	0.088933527619721	0.112115245054093
SSBP3	0.0422835673540038	0.181784451758068
SSBP4	0.00543274291714185	0.938468864047859
SSH1	0.00452763765628442	0.869046806956961
SSH2	-0.029915273146874	0.197515105939244
SSH3	0.0547730653378066	0.0416973092295831
SSPN	-0.00734866884083946	0.927514898926935
SSR1	-0.0116789440350125	0.623365092985474
SSR3	-1.35546793407215e-05	0.999874081084602
SSR4	-0.0444788947114939	0.0768313650999117
SSRP1	0.0107679701203392	0.773659324873516
SST	-0.263361285254617	0.000472076241519035
SSTR2	0.0038046244826659	0.948127589538005
SSU72	0.00981154056221686	0.820859276474539
SSX2IP	-0.0588113622681753	0.112620830363899
ST13	-0.0589015146694845	0.0198611120244677
ST7	-0.00378004898937057	0.917433832149491
ST8SIA3	0.0534724234811962	0.204652004625075
STAB1	-0.0158875784081628	0.868394335234805
STAC2	-0.0454320936814001	0.0644782372706522
STAG1	0.068702239579315	0.224856692551778
STAG2	0.0451786096875016	0.376448754378303
STAM	-0.0295974684385348	0.0353739948062875
STAM2	0.00130932686498608	0.965943862783571
STAMBP	-0.00873380689751725	0.660849392130414
STAMBPL1	0.0111497098862678	0.688496895056615
STARD10	0.032276556385131	0.150542760099262
STARD13	-0.0187024313550615	0.640419357346759
STARD3	-0.0217881053556668	0.581518341021572
STARD3NL	-0.0148257456181041	0.631605769671385
STARD5	0.013312070335591	0.812222859908344
STARD7	0.0501019913586618	0.053821753515305
STAT1	-0.0327558951881125	0.58941084407179
STAT2	-0.067999618925419	0.0149433520741174
STAT3	0.0805028342855163	0.12243674398061
STAT4	-0.053632527458493	0.410845016409299
STAT5B	0.00782868714629441	0.783128630506084
STAT6	-0.0813706230701514	0.00392766659877646
STAU1	-0.00881883779545049	0.661038276988169
STAU2	-0.0173759628491558	0.374505959011636
STBD1	-0.0138593384267567	0.730130910141548
STEAP2	0.0127632269452132	0.690302086875643
STEEP1	0.0425332189042866	0.39059913079918
STIM1	0.0134350407522914	0.502217555693679
STIM2	0.0423770769462855	0.0614227394698357
STING1	0.0097225195551717	0.899953880938627
STIP1	0.0167310364012755	0.474139610977455
STK10	0.031654098165597	0.507737932070792
STK11	0.0029853386274435	0.895990389717157
STK11IP	0.0305569689042317	0.193757315536876
STK16	0.00279536867909297	0.968528107131109
STK24	-0.0207492512100736	0.1639912080749
STK25	-0.00106103830718712	0.970897230415574
STK3	0.0227176480052651	0.521176376842218
STK32C	-0.00318356145609812	0.92553022747327
STK33	-0.0410631213622719	0.312772898520285
STK38	0.0388819510211369	0.430380295217864
STK38L	-0.00945398684602516	0.623337955909674
STK39	-0.064048355654929	0.000669812999965739
STK4	0.0157574568344824	0.460330342762445
STMN1	-0.0714182252871017	0.026064566913526
STMN2	-0.0151595063485909	0.655292582099463
STMN3	-0.0907920996684489	0.00383235437487165
STMN4	-0.0462749997170139	0.168999006081043
STOM	0.00598839405802991	0.920031776455724
STOML2	0.00708877059463633	0.779635048081004
STON2	-0.0695875632031508	0.177947108100152
STOX2	-0.0449063416394678	0.433681146784561
STRADA	0.0316520613550407	0.146237013702658
STRAP	-0.0271807176040384	0.0471843295980237
STRBP	0.00932587641980868	0.773098940222602
STRIP1	0.00603087750467368	0.57175500899359
STRIP2	-0.0113032155637655	0.691981607719875
STRN	-0.0224907952220626	0.0755822407180604
STRN3	0.043855525680331	0.468578214183472
STRN4	-0.0203027648047592	0.17569272415553
STS	0.0135687828994884	0.772217788642945
STT3A	-0.000758279000566908	0.978702942653821
STT3B	-0.0296286320322228	0.153251122930347
STUB1	0.0242999063915442	0.135208505768046
STUM	-0.0538591731846119	0.222287524873063
STX10	0.0252781314844348	0.554397923945988
STX12	0.00657204622197403	0.75717420265274
STX16	0.044730750527246	0.00407561393989648
STX17	-0.00905738713401521	0.675889447822211
STX18	-0.00776403668106301	0.705975903280052
STX1A	-0.100530121489321	0.0031822214790245
STX1B	-0.0220540358656812	0.270822424921756
STX2	0.0519031926128949	0.100045573220425
STX4	0.00585233743039435	0.831440914804865
STX5	-0.0221274250580955	0.119211932450255
STX6	0.0421901338813605	0.0334967762355101
STX7	0.0253763055185378	0.197337477355787
STX8	0.046329001718089	0.0367678571335933
STXBP1	-0.0650931372626718	0.0198182448586932
STXBP2	0.0775022013210555	0.318035643177416
STXBP3	0.00783950973595432	0.807329158317215
STXBP5	0.0201529378895657	0.265742650160378
STXBP5L	0.0729669515257081	0.614415966393153
STXBP6	-0.025961694675691	0.577168866916624
SUB1	-0.0213986832371003	0.5887901705281
SUCLA2	-0.0289965789200084	0.231956158058958
SUCLG1	-0.0390390562353623	0.097545799190739
SUCLG2	-0.00510678917646187	0.890324177406717
SUCO	-0.0375622098512691	0.266729688959653
SUDS3	0.0195072537496898	0.6401979625877
SUGP1	0.0144228628068645	0.715241453375681
SUGP2	0.0131241660973213	0.697856461295378
SUGT1	-0.0197184897561249	0.812169513308267
SULT1A1	0.0548991383288159	0.572682726415006
SULT4A1	-0.0767040982034183	0.00793351025994044
SUMF2	-0.0685094157289073	0.0690621453405197
SUMO1	0.0260523155605652	0.437808768264891
SUMO2	0.0380295395163758	0.232942720553967
SUMO3	0.0463923987085583	0.0872773291889285
SUMO4	0.0332865896598233	0.380901969116825
SUN1	0.00623243021791411	0.868335437949835
SUN2	0.0448411380754751	0.186223775559573
SUOX	-0.0216885604346477	0.312379910491428
SUPT16H	-0.00262516547742132	0.952744224975304
SUPT4H1	0.0440181006348649	0.256286070233388
SUPT5H	0.0494195855730614	0.0538609493472894
SUPT6H	0.0694063800538801	0.0249261612886934
SUPV3L1	-0.0207198004318602	0.374505959011636
SURF1	0.0506070894142429	0.309857570061151
SURF4	-0.0427621536328533	0.248965661629958
SURF6	-0.00914561072451195	0.869412845380809
SUSD2	-0.0101510296943462	0.925329249030148
SUSD5	0.00805539178676203	0.886551089236189
SV2A	-0.00437614245491408	0.898119602895837
SV2B	-0.0342555286513076	0.364059193778889
SV2C	-0.0126181131076058	0.882216505310796
SVBP	-0.0340107373404165	0.510720571879567
SVIL	-0.0829369052968402	0.126833976665877
SVIP	-0.0286667072539871	0.287234808623444
SVOP	-0.0210411530622795	0.619475045884707
SWAP70	0.0125428550520915	0.69754912768388
SYAP1	-0.0358513689836027	0.0602140147724548
SYBU	0.021108877152567	0.455041209911691
SYCE1	-0.00219357712384771	0.973902220048697
SYK	0.035940296697912	0.40011743389396
SYMPK	0.00725606058125471	0.863357963548914
SYN1	0.0308586357403388	0.376906943109491
SYN2	0.0741418045005372	0.0486979996488718
SYN3	0.0323378909378619	0.336059119452154
SYNCRIP	-0.168496543708168	0.0209859965096917
SYNDIG1	0.00268990413606661	0.95439869096369
SYNE1	-0.0396336016976908	0.409968885001467
SYNE2	0.107761067459471	0.112042563331914
SYNGAP1	-0.0802611553753297	0.0137942589576583
SYNGR1	0.0162724361615938	0.690724476590652
SYNGR2	-0.0319242475219813	0.487544544441406
SYNGR3	-0.0518826553981536	0.117928554482029
SYNJ1	-0.0319299045213007	0.0944202601235738
SYNJ2	-0.0537556076182006	0.318558955763529
SYNJ2BP-COX16	-0.00758903318166258	0.626355737758634
SYNM	0.128292335011667	0.0034952605197278
SYNPO	-0.0956167181546533	0.0446523646997136
SYNPO2	-0.169164291271072	0.0482089038013882
SYNPR	0.0565252012100447	0.221092679735357
SYNRG	0.00443619670790391	0.891800793671676
SYP	-0.0441520381483073	0.221224107071728
SYPL1	0.101368445454303	0.565766382014138
SYT1	-0.242572101255702	0.0198611120244677
SYT11	0.020304862047282	0.396578347158296
SYT12	-0.0971112949689095	0.0032147819816037
SYT13	0.0223902114374854	0.456044879874474
SYT16	0.0120722640954903	0.767882368046592
SYT17	0.0232118814809913	0.655203495249364
SYT2	0.0342885463846395	0.787578402225216
SYT3	0.00112475628650809	0.96568044620989
SYT4	0.0761894501192092	0.00980366229157346
SYT5	0.0446568203344277	0.259670344370703
SYT6	0.0127109456636888	0.83874022980019
SYT7	-0.0499459077423534	0.0597549637511474
SYT9	0.111569948249602	0.24092791688961
SYTL2	-0.00808422238089208	0.830878804510347
SYTL4	0.10523215018816	0.100890162942363
SYTL5	0.0601250147985772	0.235829666915334
SYVN1	-0.0753869423516602	0.0156494535187108
SZRD1	0.0185146716607829	0.535251121141163
SZT2	0.00881858913242633	0.84535691231194
TAB1	-0.00419508915202671	0.830474994955554
TAB2	0.0400018959225986	0.743654217651989
TAB3	0.0124234626659223	0.565766382014138
TAC1	-0.042747430944086	0.470898856312462
TAC3	0.0522101879613848	0.230066563089653
TACC1	-0.0271543112502516	0.63151567876009
TACC2	0.010512067621584	0.754396703253433
TACO1	-0.00137919108020579	0.96289662055811
TADA3	-0.0111946809200163	0.807696552753617
TAF10	0.0244067508013514	0.43082141251664
TAF15	0.00631465672027629	0.897861803039002
TAF4	0.0645058700413611	0.343489076361164
TAF6	0.0177101661593626	0.743190830068184
TAF6L	-0.000873878761479652	0.989859269283413
TAF7	0.0588306167181732	0.160202451616487
TAF9	0.0630733629185117	0.412713631795338
TAFA1	-0.0819621604670508	0.112115245054093
TAFA2	0.0538166624869357	0.162366324716052
TAFA5	-0.0150591195118812	0.723972210215783
TAGLN	-0.280076911263619	0.0175007818450513
TAGLN2	-0.0791044686522393	0.0255399884454602
TAGLN3	-0.07555815138827	0.000292880333538732
TALDO1	0.00273858694099227	0.969546466435703
TAMALIN	-0.105631999291312	0.0502361895268459
TAMM41	-0.048238451686513	0.102685615621111
TANC1	0.084211619512892	0.328953933619136
TANC2	-0.0155761288068406	0.691307938405711
TANGO2	0.0536708860533886	0.0384727998809543
TANGO6	0.0143232542602035	0.765879094423763
TANK	0.0272568248573531	0.444094755141081
TAOK1	-0.0280769874782225	0.0221092141807242
TAOK2	-0.0170219216008412	0.23230827343749
TAOK3	0.0114974209404091	0.539193211915746
TAP1	0.00591487850742778	0.917518915024487
TAP2	0.0493024931721515	0.210123888681538
TAPBP	-0.035487621148789	0.465835011462779
TAPT1	0.0395038238561644	0.00567578106747336
TARDBP	-0.00626092052533797	0.869046806956961
TARS1	0.00893159945949537	0.681611380067984
TARS2	-0.0379124122428742	0.251287946448425
TARS3	-0.00690049337583853	0.8182452859342
TASOR	-0.0144090380453928	0.775089420338994
TATDN1	-0.0285142266774795	0.0614227394698357
TATDN3	0.0156111506001098	0.655203495249364
TAX1BP1	-0.0032056755620794	0.905432756116065
TAX1BP3	0.0827730748125342	0.0311245402228597
TBC1D1	0.0455551252885132	0.0259691992226938
TBC1D10A	0.00531224479020212	0.925995800788576
TBC1D10B	-0.00832048102891031	0.636393333853888
TBC1D13	-0.0412963814355513	0.0325827687145507
TBC1D14	-0.0223915139859341	0.640283996487105
TBC1D15	0.000106282961051459	0.99567753110842
TBC1D17	0.0118965123198313	0.609291790911903
TBC1D19	-0.0218843111724352	0.521176376842218
TBC1D20	0.0398678390739327	0.324844427371908
TBC1D22A	0.00506827234122552	0.876137024902434
TBC1D22B	-0.00607772467940411	0.813975922938708
TBC1D23	0.00219850781965303	0.919278325954554
TBC1D24	-0.0486423747358233	0.0722269335642219
TBC1D25	0.0268199990790378	0.50186466744281
TBC1D2B	0.0244138795134947	0.650093232371879
TBC1D4	0.00869316575762118	0.661831164507965
TBC1D5	0.00488553566399719	0.808354865411254
TBC1D7	0.00150315328865575	0.949569595384098
TBC1D8	-0.00301165780726986	0.967197607741451
TBC1D9	-0.0131659942760901	0.665886466127511
TBC1D9B	0.0122483409832307	0.60114353609419
TBCA	-0.0233933961752033	0.339558006916818
TBCB	0.00755086543049446	0.767312312043466
TBCC	0.00846984976227558	0.659729836165177
TBCD	-0.0143034664468865	0.598180935335727
TBCE	0.00120719103064992	0.961095103654397
TBCEL	0.0131122249154011	0.624149356130376
TBCK	-0.00491304297947387	0.82038797135325
TBK1	-0.0252024071025735	0.0936232227589091
TBKBP1	0.0246641517966571	0.636653828927606
TBL1XR1	0.00895242451595292	0.751482798391653
TBL2	0.00596377406397546	0.819079278408642
TBL3	0.0068693584264783	0.90346753230474
TBPL1	-0.0316254745110752	0.470898856312462
TBR1	0.0386909593399482	0.143396809784474
TBRG4	-0.0424564707969138	0.225836196526104
TBXAS1	0.058434024373922	0.222552855483718
TCAF1	0.0570356125025838	0.018258433783579
TCEA1	0.0505599138895277	0.122241851331569
TCEA2	-0.0183059343572283	0.7624474716032
TCEAL1	0.0416221630739086	0.238276068918457
TCEAL2	0.0244038108831071	0.644841387901236
TCEAL3	0.0559928318891861	0.185691940994373
TCEAL4	-0.00228372766641574	0.955631614798196
TCEAL5	0.00735891137930667	0.890764123354905
TCEAL6	0.0689386981344308	0.0709994138218603
TCEAL7	0.030680152744194	0.509549383332553
TCERG1	0.0284326560031104	0.355427838676076
TCF20	0.0312689538421979	0.538504716255313
TCF25	0.049235996004818	0.0207145781270901
TCF4	0.0697498967053017	0.23952125129515
TCHP	0.0235545306470729	0.882149587725742
TCOF1	-0.000841340829040298	0.980731957843046
TCP1	0.00733043319305235	0.64010897196944
TCP11L1	-0.0379567184785064	0.0251957138829535
TDP2	0.000737782024689108	0.989052428702438
TDRD3	0.00497603318736789	0.878927258568243
TDRD7	0.0354266362748102	0.269239233442689
TDRKH	0.0196400856879281	0.426313230117209
TDRP	0.0665923473209672	0.0646555237206685
TECPR1	-0.0278606824331745	0.467475420482449
TECPR2	-0.0297729844292894	0.0576216697368533
TECR	0.00762226753702572	0.802554165313053
TEFM	-0.0842776219679408	0.0722269335642219
TELO2	0.00493136652093401	0.898034242444209
TENM1	0.0139241244431939	0.715534754935807
TENM2	-0.0291244279980355	0.305740021323332
TENM3	0.00123309939137053	0.967424516239703
TENM4	-0.0416503467945564	0.0607152461439509
TEPSIN	-0.017422165843762	0.802007573381496
TERF2	0.0408036974244931	0.351252943921866
TERF2IP	0.0488374464039118	0.153512194766674
TES	-0.0433898638773973	0.482235085069849
TESC	-0.0461020899240822	0.173494059350163
TESK1	0.0195924045334221	0.757775879101585
TESPA1	-0.0181729662409692	0.710536208455992
TEX10	0.0111190388462854	0.74386243458026
TEX2	-0.00283400751803676	0.902592911290681
TEX264	-0.0196328598959059	0.518426024778446
TF	-0.177929941379138	0.0080296658573606
TFAM	0.00471724978016272	0.892866832038634
TFB1M	-0.00890213916955557	0.903821806328882
TFB2M	-0.0132243047196948	0.815017887222458
TFCP2	0.00700109656087408	0.781160813665778
TFE3	0.00038236139290625	0.991376450062836
TFG	-0.0231540134378724	0.0337301361617247
TFIP11	0.0285826910462074	0.325376631498306
TFRC	-0.0283490107963046	0.51512378638844
TGFB1I1	-0.00755491361047478	0.883225952011063
TGFB2	0.0218924488793329	0.719057232921109
TGFBI	0.0122352305419866	0.893400558333393
TGFBR1	0.0592446379705613	0.410845016409299
TGFBR3	0.022478833804942	0.69754912768388
TGFBRAP1	-0.00918038640074894	0.495652838348761
TGM2	-0.0904163052979093	0.092614103853822
TGOLN2	0.00664038577033815	0.831743847864883
THAP4	0.107105542180528	0.00778943390170258
THBS1	0.0401121769626272	0.605983413326659
THBS4	-0.0386214697061658	0.424771440134949
THEM4	-0.0703866304686902	0.0565602048086042
THEM6	0.0538512046823683	0.248560972254429
THEMIS	-0.0626407300309737	0.34647599632379
THG1L	0.0490626423716179	0.347081754910564
THNSL1	-0.0440478394423683	0.113418263265693
THNSL2	0.0964240471225089	0.205589530148764
THOC1	0.0376748702913574	0.235671908346753
THOC2	0.0295354894742497	0.357503385267729
THOC3	0.0173465716730886	0.720697094527766
THOC5	0.0660129163296997	0.115587107777251
THOC6	0.0354616272767991	0.376509948706247
THOC7	0.0315411895104955	0.497167831870805
THOP1	0.0154392054234919	0.489958535280871
THRAP3	0.0239039267422994	0.522542722885696
THSD7A	0.0425090672549538	0.217042635245064
THTPA	0.0167004211465235	0.447809782141385
THUMPD1	0.0199946357574367	0.505940823393807
THUMPD3	0.00118553461498167	0.970897230415574
THY1	-0.0490276489555857	0.207997569088456
THYN1	-0.00860938461392258	0.845292393443148
TIA1	0.0609404557426012	0.0748258562605087
TIAL1	0.00809245836311057	0.661038276988169
TIAM1	0.0148141415656797	0.741722423060006
TIAM2	0.0284785195719277	0.525626408301157
TICAM2	-0.0271757088925334	0.10123748290328
TIGAR	-0.0122054694118648	0.690181668027059
TIMCC	0.00469623268924324	0.927514898926935
TIMM10	-0.0413927629174408	0.124442505184433
TIMM10B	-0.0135159142658592	0.548790726899697
TIMM13	-0.0771301032521655	0.00593976046007923
TIMM17A	0.00828731673582539	0.964407339661113
TIMM17B	0.000673449955848393	0.986712592587214
TIMM21	-0.00766700361890171	0.808556676781494
TIMM22	-0.0430435311987298	0.239790873355899
TIMM23	-0.0386058362673658	0.186448255326595
TIMM29	-0.0145797092635189	0.4780592829618
TIMM44	-0.0325228064973812	0.146021901569014
TIMM50	-0.00248140953672694	0.916578444914745
TIMM8A	-0.0710276846989898	0.00859391180537943
TIMM8B	-0.0776232334886622	0.0053744538776924
TIMM9	-0.0185890266537729	0.321946012829899
TIMMDC1	0.0305879499408036	0.251878656005377
TIMP2	0.0706913213093041	0.0332460074149509
TIMP3	-0.159843504707209	0.23589702904967
TINAGL1	-0.0517526075733176	0.154740125790539
TIPRL	-0.0167388730214417	0.346804632951362
TJAP1	0.046586308769327	0.318748263209648
TJP1	-0.021164616147583	0.713771770990852
TJP2	0.199919260272892	0.0693637297140629
TK2	0.0358075187432142	0.0925719385260254
TKFC	0.021789413382741	0.430791357680061
TKT	0.0400078065915784	0.206631187717304
TLCD3B	0.0181662890277856	0.898060357791586
TLCD4	0.0463205848393987	0.0680809381158833
TLE1	0.0162489354535188	0.482235085069849
TLE3	-0.00534056286834295	0.905695417982186
TLE4	0.0904179893382277	0.213899309121453
TLE5	-0.019692103218233	0.666390695365035
TLK2	0.00758432224311528	0.859468196587723
TLN1	-0.000875224151363416	0.976413009246831
TLN2	-0.0502136673112521	0.00579564612334717
TLNRD1	-0.0107292802080454	0.812551021376784
TM6SF1	0.0184900310496651	0.75809929798698
TM7SF2	-0.0758312691757309	0.0155269385804591
TM9SF1	-0.0285098345130857	0.350754157026452
TM9SF2	-0.00724232439865757	0.746734310243708
TM9SF3	-0.0433014245308989	0.0401561769216804
TM9SF4	-0.0232528514906097	0.213570513628017
TMA16	0.00674230298810402	0.959016770853534
TMA7	-0.0396124304229611	0.511351634544073
TMC6	0.0260467878841357	0.749202700018918
TMC7	-0.0125909349597299	0.883135448256194
TMCC1	0.0324702985509384	0.0244381082324114
TMCC2	0.0059427055305338	0.754396703253433
TMCC3	-0.00417111908665094	0.960004752989315
TMCO1	0.0087107950282807	0.877353679879363
TMED1	0.0317288670844907	0.343489076361164
TMED10	-0.0286753765558981	0.126803139424624
TMED2	-0.0453802259514163	0.0792750606855626
TMED4	-0.0331636291226417	0.142650512513612
TMED5	-0.0519176040563101	0.0916238472708798
TMED8	-0.00257698195125999	0.927639459906628
TMED9	-0.0236540723316713	0.152230878447958
TMEFF1	-0.0326400160704967	0.475595314772428
TMEFF2	0.0676483391083813	0.3554117604253
TMEM106B	0.0386707008150076	0.725519880000926
TMEM109	-0.00879674510121475	0.740489938935243
TMEM11	-0.0315108269825707	0.157583138008189
TMEM115	0.0295429950681058	0.387679701183157
TMEM119	0.0221469743823993	0.660900178105935
TMEM120A	-0.0109630519119821	0.78154029030674
TMEM120B	-0.0486663644032655	0.217042635245064
TMEM121B	-0.0493446767079756	0.146237013702658
TMEM126A	-0.0176183528396295	0.568534125698838
TMEM126B	-0.0276510958125905	0.40528068784417
TMEM127	0.0799966810656326	0.224535661031627
TMEM130	0.0173264954231477	0.723972210215783
TMEM132A	0.0162959710702138	0.630348132658697
TMEM132B	-0.0103173145224497	0.693179047715488
TMEM132C	0.00570321688428728	0.898060357791586
TMEM132D	-0.0115509076963079	0.767533126857409
TMEM132E	0.0475553645679268	0.327686407941555
TMEM135	-0.0461724017090801	0.167829362644628
TMEM143	-0.0137772754209384	0.630110460375014
TMEM145	0.0283127412421256	0.337385881889426
TMEM14C	0.0248564910472431	0.615839980508611
TMEM151A	-0.0355789350885798	0.361769668419234
TMEM151B	0.0418041223466201	0.201953862526992
TMEM160	-0.00795478343819855	0.844241915652028
TMEM163	0.011444235997138	0.788963355067163
TMEM165	-0.0181426644813913	0.682550592000707
TMEM167A	-0.0032734598963915	0.970292798296575
TMEM168	0.0221158275277247	0.594628541629122
TMEM169	-0.0397242847706993	0.41170859960945
TMEM175	-0.00787246735217309	0.888792873775339
TMEM177	-0.028248653222034	0.340785911165729
TMEM178A	-0.00385505719408984	0.940892823212488
TMEM178B	-0.0316886558032278	0.58132757079427
TMEM179B	0.0248877435180322	0.754133474072846
TMEM181	-0.00757880346989248	0.869046806956961
TMEM184B	0.0707717972309852	0.198386052759193
TMEM184C	0.016884545608737	0.669392217089121
TMEM186	-0.0234880903716792	0.594936528650472
TMEM19	0.00541876985698009	0.848708931622837
TMEM192	-0.000566704638145468	0.986712592587214
TMEM201	0.0323757751263116	0.595434309491661
TMEM205	-0.00318693458407114	0.940021897599503
TMEM209	0.0190950882915953	0.715899489400291
TMEM214	-0.034146646333419	0.225898097579247
TMEM222	-0.0590705679431143	0.356714500443335
TMEM223	-0.0313023058421584	0.469084976145722
TMEM230	-0.0290227022533987	0.397523212590643
TMEM231	0.0639418690367605	0.157609200701367
TMEM240	0.0109909421563839	0.895990389717157
TMEM245	0.0489495163537428	0.0675839762729035
TMEM248	0.043375882821507	0.453258719669301
TMEM25	0.0272729172125221	0.437739651720122
TMEM259	-0.0246164343829538	0.673295940494109
TMEM263	-0.0248134412408624	0.507452469166747
TMEM266	0.0459268909369362	0.328670557877854
TMEM268	-0.00300180881486417	0.968390598762963
TMEM33	-0.024320481086977	0.182718294322294
TMEM35A	0.0484348914077002	0.17807738753373
TMEM38A	-0.0725621087664815	0.0132075656703125
TMEM41A	0.072745662519777	0.175222895285335
TMEM41B	0.0104685293139175	0.783128630506084
TMEM43	0.0701969489253323	0.00120451346929612
TMEM51	-0.034832100865308	0.562316039741882
TMEM59L	-0.0434252631949308	0.217042635245064
TMEM63A	-0.0403605456447164	0.562607041503964
TMEM63B	-0.0217481953074413	0.356714500443335
TMEM63C	0.0919590824341436	1.90902926875052e-05
TMEM65	-0.0499478701001968	0.0959651032157564
TMEM67	0.0671105434607594	0.135421702369479
TMEM68	0.00108775131653728	0.978718879001135
TMEM70	0.0262624059367104	0.503855528421058
TMEM74	0.0108824149879706	0.897213168900706
TMEM74B	0.0299689683971724	0.474139610977455
TMEM87A	-0.0147213793930912	0.592511524985664
TMEM9	0.0334472011331316	0.361121195514081
TMEM94	0.014656223837257	0.437361995794285
TMEM97	0.0570396870731754	0.172879578604548
TMEM9B	0.0464707437192888	0.0155751538368609
TMF1	-0.0185956014521464	0.52170762652452
TMLHE	-0.00850871117491658	0.905568867338463
TMOD1	-0.00498118873302416	0.859326526857061
TMOD2	0.0292517319013286	0.507737932070792
TMOD3	-0.00114425529359759	0.970897230415574
TMPO	0.0807808246085813	0.157041036178663
TMPPE	0.0164317756869647	0.67634194656044
TMSB10	0.0954884398355607	0.157609200701367
TMSB15A	0.0347991398254895	0.742062008159722
TMSB4X	-0.0428224790589928	0.693256820689585
TMT1A	-0.00235566956150336	0.961684049338424
TMT1B	0.121882684198489	0.00512102023512323
TMTC3	0.00483982257627585	0.889672621931671
TMTC4	-0.0327015408480623	0.553569031956335
TMUB1	0.00491674492816152	0.869473643061948
TMUB2	-0.0564382793224511	0.110697740841409
TMX1	0.0368793980576323	0.0666176346708736
TMX2	-0.0158201861927261	0.446290227484713
TMX3	-0.0250907727083007	0.26110718832745
TMX4	-0.0325219960082487	0.321026156340188
TNC	0.0764182597960466	0.55376783591648
TNFAIP1	-0.00194912502383882	0.972014232251844
TNFAIP2	-0.00193890892128835	0.986649900029459
TNFAIP8L3	-0.0453162798240779	0.142786155897585
TNFRSF21	-0.0225583110835992	0.445622047553924
TNIK	-0.0175719892674092	0.524175626689523
TNIP1	0.0362519132643788	0.576739573238137
TNK2	0.0141096341415314	0.640419357346759
TNKS	0.0083389845913117	0.848074283543528
TNPO1	0.00239967436037522	0.940571624980118
TNPO2	-0.0260838924495185	0.122625652677728
TNPO3	-0.0422218154661107	0.0186310613826029
TNR	-0.0260398243653278	0.172042784229379
TNRC6B	0.00912570800340384	0.788742741031965
TNS1	0.00901171955979238	0.732893568706848
TNS2	-0.00942088405674849	0.743654217651989
TNS3	0.052062691468349	0.101022273408902
TNXB	-0.0657918224928205	0.173523438690807
TOGARAM1	0.0633142445404234	0.0980728056751078
TOLLIP	0.0157907814484292	0.213895909082619
TOM1	0.0404069178000764	0.273759372905732
TOM1L1	-0.0279038917552952	0.497644235301174
TOM1L2	-0.0946573340030303	0.277363591132187
TOMM20	-0.0145390953351279	0.63723129746145
TOMM22	-0.0328997646765554	0.236431849213782
TOMM34	0.0290235891919122	0.418912945325038
TOMM40	-0.0293699509590339	0.360334726396364
TOMM40L	0.00772572181087958	0.852593835516442
TOMM5	-0.0450086510475685	0.107194867019657
TOMM6	0.0221906999027034	0.569123644378963
TOMM70	-0.0212854049454073	0.329446753242666
TOP1	0.0186156424157978	0.576739573238137
TOP2B	0.00538532692750356	0.876137024902434
TOP3B	0.000406191000730846	0.990813226934816
TOR1A	-0.0205756844573936	0.330336471526982
TOR1AIP1	0.0513675102336785	0.732072525225781
TOR1AIP2	-0.00446867827917585	0.869046806956961
TOR1B	0.00607335803299389	0.927514898926935
TOR3A	-0.0427226075222734	0.340785911165729
TOX4	0.0219140107886365	0.558790222692169
TP53BP1	0.0193259626387382	0.509549383332553
TP53BP2	0.0505411916579619	0.181382790875904
TP53I11	-0.0823532208059022	0.159301968647756
TP53I3	0.00264164330900502	0.96289662055811
TP53RK	0.0492878241178191	0.00340125836510669
TPBG	-0.0501863659630543	0.274830927398215
TPCN1	-0.0927327625862395	0.00835800286000552
TPD52	0.0223777730555785	0.662212117799697
TPD52L1	-0.0272452143475191	0.657897270769553
TPD52L2	0.0706120166581282	0.0609160917040879
TPGS1	-0.0324121036262894	0.280790985730654
TPGS2	-0.00781810199968249	0.869046806956961
TPI1	0.0383774477788646	0.0808389155731616
TPK1	0.0415349176871458	0.354142790047168
TPM1	-0.256767954877443	0.0270058156951119
TPM2	-0.276229112423549	0.0159695132445081
TPM3	-0.0498501045566932	0.190931293016754
TPM4	-0.0312777221951673	0.266708548431802
TPMT	0.0083038079136794	0.904832219958982
TPP1	0.0566250606244402	0.0897822397139407
TPP2	-0.0624344424622319	0.00484790278497699
TPPP	-0.0159002823234211	0.623451423403526
TPPP3	-0.00652179462776944	0.934400127650668
TPR	0.0327718686217151	0.119295246574723
TPRG1L	0.0551811082881931	0.151843476367322
TPRKB	0.0280051168357804	0.561005531344398
TPRN	0.0133089064050263	0.856530578627298
TPT1	-0.0487106809233171	0.0602140147724548
TRA2A	0.0605046936878854	0.0864241861213705
TRA2B	0.0539485175891949	0.0745064707455228
TRABD	-0.0451564793184842	0.339064533739962
TRADD	0.0215651356161652	0.63618535101672
TRAF1	0.0534695797957742	0.569799211153126
TRAF2	-0.0173902218770851	0.575695839539115
TRAF3	0.0399657338666901	0.0604372135244021
TRAF6	-0.0161471038419473	0.539193211915746
TRAF7	-0.00595692879738549	0.873960044007104
TRAFD1	0.0116915750281018	0.804342730617356
TRAK1	0.0146755639055502	0.623497416786511
TRAK2	0.0909171641325535	0.137604884764025
TRAM1	-0.00638196163332672	0.91857406800471
TRAP1	-0.0285771133866967	0.312870882451995
TRAPPC1	-0.0209414758444965	0.343903562848137
TRAPPC10	0.00571440938352552	0.764121352653501
TRAPPC11	0.000347150809242532	0.986341550935792
TRAPPC12	-0.0119512514847828	0.328456854631519
TRAPPC13	-0.0140881605832349	0.328138207095859
TRAPPC14	0.00140347345106595	0.956304496867524
TRAPPC2	0.0706735606118305	0.103033728310854
TRAPPC2L	-0.0155501704007569	0.305740021323332
TRAPPC3	-0.00611776212355609	0.749489638944357
TRAPPC4	-0.0130148125898915	0.713142689429973
TRAPPC5	0.00408830181154309	0.888172736884854
TRAPPC6B	-0.0737207948455382	0.00211420509454745
TRAPPC8	0.00158361735478765	0.936811052118951
TRAPPC9	0.00577666152702339	0.673824070381739
TREX1	0.0447971452838622	0.326574948846976
TRHDE	-0.0567697939367203	0.0145865117019474
TRIAP1	-0.00661473180647285	0.883135448256194
TRIM2	6.39965286078625e-05	0.997538314540765
TRIM21	0.0422673133715449	0.296670203963934
TRIM25	0.0699020856253621	0.00115056348325723
TRIM26	0.0796846665190519	0.0736878150821556
TRIM27	-0.0757938094865381	0.135984415406291
TRIM28	0.0111641163388573	0.774970648714234
TRIM3	0.0287170919504646	0.037147977884106
TRIM32	-0.00806155598788176	0.761963726596787
TRIM33	0.0466440660234267	0.170589926705656
TRIM36	-0.0761976506827844	0.00199345153005912
TRIM37	-0.0195690368790989	0.724496818960604
TRIM4	0.046757699917718	0.216618486997909
TRIM46	0.00934434698346917	0.695005072726787
TRIM47	0.0328861136008424	0.457923371428124
TRIM56	0.032181332905247	0.50186466744281
TRIM65	-0.0366052763233497	0.475702279175587
TRIM72	0.167392333206196	0.376528657836946
TRIM9	-0.0639209391412107	0.000184337984314521
TRIO	-0.0173557669373932	0.18802344048918
TRIOBP	-0.0171678427636206	0.593844755279635
TRIP10	0.0658771827870918	0.723285745767704
TRIP11	0.0161722229542129	0.445666665043449
TRIP12	-0.0331266929781126	0.0443541868558807
TRIP4	0.017000434392885	0.676415713222247
TRIP6	0.0639100148597518	0.0908305136271449
TRIQK	0.0746338762401428	0.0288847935493606
TRIR	0.0636855624996596	0.169263623038981
TRMT1	0.0338755789687381	0.550613717538814
TRMT10C	-0.0429121094016113	0.143396809784474
TRMT11	0.0280381938660874	0.531098905333702
TRMT112	0.00697367878852846	0.791084806892792
TRMT1L	0.021756280807018	0.642949981965329
TRMT2A	0.00775847172617351	0.883135448256194
TRMT5	0.00847444814171025	0.878743849055923
TRMT6	0.0186832764451126	0.794497619689119
TRMT61B	0.00348462695782331	0.961219073663288
TRMU	-0.00714072402065159	0.841414019595177
TRNT1	0.0162652338389272	0.390873153415532
TRPM2	-0.0307977255420298	0.53669781673678
TRPM3	0.0146253600987742	0.814321367545512
TRPM4	0.0789678872513884	0.24092791688961
TRPT1	-0.0407091337704885	0.416092386723246
TRPV1	0.0235421696506716	0.698115261907493
TRPV2	-0.0708584651947533	0.251655691361048
TRRAP	0.015557443622816	0.707907630292725
TRUB1	-0.0343109684040209	0.380112276623615
TRUB2	-0.0861777116891139	0.124642491527643
TSC1	0.00485533293518707	0.784929134311214
TSC2	-0.000203043636594111	0.991376450062836
TSC22D1	-0.0595562396843962	0.162990885261581
TSC22D2	0.0166505801860471	0.505053565903439
TSC22D3	0.0392798009031337	0.144188497797225
TSC22D4	-0.0775677934725434	0.183090124306597
TSFM	-0.0204652294085513	0.506158001863352
TSG101	-0.017835299450004	0.392026711337949
TSHZ3	0.130244059543637	0.495652838348761
TSN	0.0246171353296018	0.458096298486841
TSNAX	0.0034476407266999	0.926426744743439
TSPAN13	-0.0161955144114513	0.747896774025372
TSPAN14	0.00599670002573083	0.887164682597857
TSPAN15	-0.0897888735366415	0.294149308921756
TSPAN2	-0.00137628178835747	0.986712592587214
TSPAN31	-0.0172446680754013	0.883135448256194
TSPAN33	0.0393453362246075	0.473708268019891
TSPAN5	-0.0224571681834231	0.581518341021572
TSPAN6	0.0740998648869485	0.187009114628943
TSPAN7	-0.0558563125466458	0.0884168077680621
TSPAN8	-0.085477034915831	0.68437491354711
TSPAN9	-0.00870318595282132	0.883135448256194
TSPO	0.0630369872899945	0.0925719385260254
TSPOAP1	0.0412721939181718	0.466046138446606
TSPYL1	0.0592852736426053	0.19320884623919
TSPYL4	0.0245942609954447	0.540879557806095
TSPYL5	-0.0187731954440845	0.635365156065215
TSR2	0.0105573964583054	0.731623796366765
TSR3	0.0106911790706554	0.870124439694104
TSSC4	-0.000230063591928814	0.994192814916856
TST	0.0392545485267711	0.39059913079918
TSTD1	-0.0139053165778599	0.764157036946989
TTBK1	-0.0119361867494526	0.40349138238273
TTBK2	-0.000579577765596306	0.987325956460749
TTC1	-0.0213299593854966	0.373417843136224
TTC19	-0.0797410479105721	0.10123748290328
TTC21B	0.0357227439987943	0.451338060068153
TTC27	-0.0250029524459084	0.495925418639676
TTC28	-0.0501874127157555	0.372693009464533
TTC33	0.0501421580102488	0.126013320083071
TTC38	0.0124068271029951	0.869473643061948
TTC39A	0.0575304586065594	0.265116213526599
TTC39B	-0.0197862169210122	0.518291551781001
TTC39C	-0.0289657558982393	0.330742330738367
TTC4	0.017399886854553	0.64010897196944
TTC5	-0.0282525960275592	0.177439421718216
TTC7B	-0.0299105814833629	0.0904553481185209
TTC8	0.0353097602453585	0.679523645314509
TTC9	-0.00779047674090841	0.815757681642371
TTC9B	-0.007412939973161	0.883135448256194
TTC9C	0.0240794085934443	0.487920134448067
TTL	-0.0886010162788269	0.00031738550315697
TTLL1	-0.00439596214174326	0.938468864047859
TTLL12	0.0322441894331666	0.220454591467581
TTN	0.157929969810327	0.267528270224601
TTPAL	-0.037523522659645	0.0946908087047752
TTR	0.000892289501253529	0.993684591068952
TTYH1	-0.070871252868883	0.0158956051812034
TTYH2	-0.00654940334700971	0.912585335267028
TTYH3	0.00288967647222101	0.94291790395274
TUB	-0.00272551542231619	0.91408314782704
TUBA1A	0.00904536774033693	0.750047583291423
TUBA1C	0.107633632011237	0.130238546306789
TUBA4A	0.0777440846445121	0.0378082353428224
TUBA8	-0.0132038638345336	0.78154029030674
TUBAL3	0.00668759401587538	0.881831649936913
TUBB	0.0420901960531587	0.191151592328651
TUBB1	0.103271983113534	0.407896160344457
TUBB2A	-0.00762220937919678	0.769995317389761
TUBB2B	0.12869479349812	0.0176579720346695
TUBB3	-0.00399982564523016	0.899204935268703
TUBB4A	0.0289740604531599	0.243952436622874
TUBB4B	0.0103906146941638	0.788144471410291
TUBB6	0.0671517610279908	0.235005500492687
TUBB8	0.0470743859633577	0.354508441569828
TUBG1	0.0272331867932376	0.427865863050282
TUBG2	-0.0208139511197806	0.396313129345404
TUBGCP2	-0.00171793622368541	0.938700409441022
TUBGCP3	0.00900599497131335	0.572669903695613
TUBGCP4	0.00753175954968949	0.750439252687802
TUBGCP6	0.00818497254743544	0.862228019690323
TUFM	-0.0495833772470941	0.00671106877301056
TUSC2	-0.00428922358750558	0.864681609260047
TUSC3	-0.021445140162647	0.52831305537034
TUT7	0.00476840097688974	0.95439869096369
TWF1	-0.0150270001323208	0.833498080413995
TWF2	-0.017912838835951	0.364569455794473
TXLNA	7.37298873164857e-05	0.997399268702519
TXLNG	-0.0143193605935997	0.68460401170622
TXN	-0.00219946815952127	0.950034555506741
TXN2	0.0156787138455758	0.68513746882085
TXNDC12	0.0121096263781741	0.68287899520254
TXNDC15	-0.0331618021902849	0.750439252687802
TXNDC17	0.0133961655095697	0.648908118147813
TXNDC5	-0.00236851135370855	0.910435400022491
TXNDC9	-0.0353278796946533	0.0358545718410987
TXNIP	0.0212035110581496	0.877353679879363
TXNL1	0.00659998264634638	0.832777144582044
TXNL4A	-0.00240844181817909	0.966262557749385
TXNL4B	-0.0158867381619185	0.845460402830906
TXNRD1	0.0251101689600761	0.176524427054549
TXNRD2	0.046797342940202	0.272103808780725
TXNRD3	0.0482296250711766	0.310789783479811
TYK2	0.00997024775355795	0.860230420478337
TYMP	0.0244771045160111	0.735847927264448
TYRO3	0.0122013570617447	0.627834816135131
TYW5	0.00236990493279363	0.957169146421859
U2AF1	0.0470475625410066	0.110120008560939
U2AF2	0.0272703229398752	0.433859614389995
U2SURP	0.00216676803094711	0.959608609508394
UACA	0.0624807266757	0.195747583820164
UAP1	0.023325304159117	0.176775443426958
UAP1L1	0.0267319299716203	0.638386622634204
UBA1	0.0928090921266772	0.436735792954536
UBA2	0.0233134228077034	0.48203794269079
UBA3	0.0145554642253029	0.328377840642125
UBA5	-0.00820844781365848	0.752248665654457
UBA52	-0.0469989727620603	0.331833385286467
UBA6	-0.00279137654169714	0.912490299138209
UBA7	0.0364272712824431	0.575466318221736
UBAC1	-0.0162303638081841	0.489453006724579
UBAC2	0.0114579362846688	0.812169513308267
UBAP1	0.00764330571568167	0.699661929098032
UBAP2	-0.0070537570198832	0.830885177590834
UBAP2L	-0.0603974987872774	0.0166924798252002
UBASH3B	0.0154031411550604	0.794755026466695
UBBP4	0.120782651652482	0.65534563854025
UBC	0.0505185917510634	0.0200365460544411
UBE2A	0.0386249241578074	0.329561262504809
UBE2B	0.0449408398892081	0.17569272415553
UBE2D1	-0.0947222212589598	0.00610841369872738
UBE2D2	-0.109963794302964	0.00248954468074998
UBE2D4	-0.00941546948093819	0.828634434227728
UBE2E1	-0.0275815515284706	0.63388684487708
UBE2E2	-0.013911221949722	0.701103772342348
UBE2E3	-0.0275689394912077	0.44246964592051
UBE2F	0.0322513607473858	0.0229391849155932
UBE2G1	-0.0100174074929618	0.746215719694552
UBE2G2	-0.017415678279633	0.684675844577344
UBE2H	-0.0242920380976327	0.382409038819047
UBE2I	0.0594422492324756	0.110697740841409
UBE2J1	0.0430119222164883	0.185376300148191
UBE2J2	0.0583377752064153	0.583045582879022
UBE2K	-0.00699421489976365	0.726598827011744
UBE2L3	0.0339282907285934	0.0946090205351657
UBE2L6	0.015878273065467	0.821629097111816
UBE2M	0.010284078110349	0.451684873699373
UBE2N	0.00398425781287187	0.87767394578761
UBE2O	-0.00797265807532752	0.551018131217634
UBE2Q1	-0.0160900952498712	0.334098953023294
UBE2R2	0.0263505738725703	0.192405885196773
UBE2V2	-0.0270668652755703	0.0352292370368451
UBE2Z	-0.0471377088541959	0.129336831621697
UBE3A	-0.00332823054934935	0.841193945924219
UBE3B	-0.016755186523139	0.447138127832597
UBE3C	-0.0151808984147963	0.442960111064686
UBE4A	0.00109874302785867	0.952455417322544
UBE4B	-0.034876956196375	0.0361351450464211
UBFD1	-0.00487075398250053	0.895990389717157
UBL3	-0.024880172685708	0.549483048791063
UBL4A	0.00344083956920427	0.869046806956961
UBL5	0.0245210875737176	0.456663139111859
UBL7	-0.0180183267212562	0.535307084262663
UBLCP1	0.00698972047481644	0.920602087505928
UBP1	0.0145737702220238	0.5887901705281
UBQLN1	-0.0171325772657739	0.359743963681617
UBQLN2	0.0134207081528861	0.609291790911903
UBQLN4	0.0549897046196599	0.0273323377088176
UBR1	0.0195026680003128	0.143735412676935
UBR2	0.0437602506869713	0.0141111562425153
UBR3	-0.017255068616183	0.372693009464533
UBR4	-0.00264372428733718	0.833945789346595
UBR5	0.00809213945276427	0.838070255619398
UBR7	0.0644378442595906	0.0159264047421951
UBTD1	0.0576683588159537	0.191273304049385
UBTD2	0.0255251658915329	0.824433614991706
UBTF	-0.0144474648471972	0.740982428432903
UBXN1	-0.0291764626028461	0.16266452069706
UBXN10	0.0408735905281973	0.328670557877854
UBXN2B	-0.009395074710116	0.807329158317215
UBXN4	-0.00384802093026504	0.908967930786195
UBXN6	0.00300928571241652	0.902027664439314
UBXN7	0.012404290925328	0.726952481607558
UCHL1	0.0174109697402105	0.614476010586346
UCHL3	0.0156236376888008	0.68287899520254
UCHL5	-0.0494170387954687	0.699985429490004
UCK1	0.0515745388477529	0.0914297315216689
UCKL1	0.00459347343831602	0.89390850925084
UEVLD	0.0228780610600158	0.354518814750613
UFC1	0.034527299430244	0.0214373039032109
UFD1	-0.000224307011643027	0.992647140256362
UFL1	-0.00866523599187186	0.5887901705281
UFM1	0.0281054890710671	0.335373748504952
UFSP2	-0.0287392900565588	0.242056217589265
UGDH	-0.0136741270999355	0.799803754375892
UGGT1	-0.0361334631131087	0.000831357120688149
UGP2	0.03142010093887	0.0505283549742014
UGT8	-0.0197581981522709	0.848106374556781
UHRF2	0.0381753529198235	0.629916918906751
ULK1	0.0100474435961089	0.666390695365035
ULK2	-0.0931975888668796	0.0253997461963725
ULK3	0.00847796309235847	0.802973726130923
UMAD1	-0.0363462629227867	0.465590897100826
UMPS	0.0156449528519715	0.554755565999484
UNC119	0.0450836923548905	0.0506553378041093
UNC119B	0.0589327307808496	0.00319011903128597
UNC13A	-0.0290180008948839	0.10123748290328
UNC13B	0.0048264999811218	0.916976157530915
UNC13C	0.0257863776427489	0.558790222692169
UNC45A	-0.0227358592518921	0.395342998096115
UNC5A	0.0146964889207937	0.569799211153126
UNC5B	0.0683634379974661	0.0297257072408806
UNC5C	-0.0184917541787913	0.74536011737398
UNC5D	0.0174584656882864	0.616844400921198
UNC79	-0.0133627100471998	0.690181668027059
UNC80	0.00944030785488341	0.755995612542169
UNG	0.0155724844547899	0.7115607671788
UNK	0.0088084443844338	0.605925951788176
UNKL	0.0979052501565808	0.143735412676935
UPF1	0.0344600395984067	0.0031822214790245
UPF2	0.0624059949038316	0.00135966088902237
UPF3A	0.0787623680591356	0.190121830190332
UPF3B	0.0879452037800926	0.000167846092194316
UPRT	0.0388421754212355	0.669155621815224
UQCC1	0.00403939155496508	0.926426744743439
UQCC2	0.0192034349345098	0.507325970700586
UQCC4	0.0012545117450854	0.976379590829431
UQCC6	-0.0477178018581836	0.23230827343749
UQCR10	0.0116877293938583	0.860184788643605
UQCR11	0.192068705915903	0.348041177253362
UQCRB	-0.0439943912131776	0.0289184657885936
UQCRC1	-0.0339929097613565	0.0714356428623004
UQCRC2	-0.0296168178229827	0.099920425619422
UQCRFS1	-0.025603575207873	0.199593367148101
UQCRH	-0.0168232935268015	0.553569031956335
UQCRQ	-0.0283153392006228	0.254130040297506
URB1	-0.00280844452572446	0.968021240465997
URB2	-0.000863893380237041	0.980446944640667
URGCP	-0.00384140876723995	0.910435400022491
URI1	-0.0114728081199506	0.684423696365629
URM1	-0.0214819430844611	0.65151085901596
UROD	0.0334842997972341	0.0593465575016926
UROS	-0.0158264285059912	0.547130948580136
USE1	0.00862338881419526	0.760548678156327
USF1	0.0771799930385629	0.227821015184258
USF2	0.0314457160799173	0.609874891322405
USO1	0.00189202742966575	0.892841399127274
USP10	-0.00407521145005446	0.862228019690323
USP11	-0.0230093335177331	0.414456466926695
USP12	-0.0547230063778232	0.0644782372706522
USP13	-0.0353574403178451	0.252553026991186
USP14	-0.0209992654399879	0.311131765895119
USP15	0.0255172418159352	0.445622047553924
USP16	0.0477317291461207	0.338472079485603
USP19	-0.000993541867797709	0.969639613272365
USP20	0.0373702768008877	0.278674817012592
USP22	0.0391003330698537	0.441054487688995
USP24	0.00791403136936991	0.871152318068078
USP25	0.000847464495418851	0.969526841406855
USP30	0.0117570059546374	0.61521201550122
USP31	0.0363605137652494	0.0445105670115732
USP32	-0.0250890819297916	0.123571559678358
USP33	0.0221762469566184	0.397523212590643
USP34	0.0342938400217448	0.521176376842218
USP35	0.0293850510665774	0.387412705104506
USP39	0.00113739747384339	0.976413009246831
USP4	0.0119534457078284	0.550166372530618
USP40	-0.00794007272173409	0.929321174805637
USP43	0.0277741079713688	0.526567500492856
USP46	-0.0147983807130978	0.449673936010162
USP47	0.0291651200854735	0.0596882077574365
USP48	0.000702335380656338	0.988466309101587
USP5	0.0183525333275275	0.176360544152022
USP54	0.0242744935231293	0.677126979063946
USP6NL	0.0149403278839383	0.869046806956961
USP7	-0.00987014036200061	0.488957958702024
USP8	0.019970922463695	0.162650160853496
USP9X	-0.0188116197980592	0.225483599123739
UTP11	-0.0528573396599615	0.150030053382265
UTP14A	0.0367591075389515	0.558790222692169
UTP15	-0.0241991723608362	0.40528068784417
UTP18	0.0837880185564596	0.221224107071728
UTP20	-0.0323542339024444	0.835446870889275
UTP4	0.0225945622230976	0.608786902189553
UTRN	0.0319459815053994	0.0842528609925038
UVRAG	-0.00575816056895563	0.73494618069249
UXS1	0.0375347708245372	0.510175290149705
UXT	0.00529204188675858	0.933113084279461
VAC14	-0.0609721221723996	0.000167846092194316
VAMP1	0.0282666085962658	0.579342782338254
VAMP2	0.0132020818136815	0.723788984463559
VAMP3	0.0676780747701246	0.157541728700871
VAMP4	0.0245218902552846	0.423792055574372
VAMP5	-0.0649226806265879	0.113445556213263
VAMP7	-0.00023260259008262	0.993903812753462
VANGL2	0.0664283504083971	0.199752420036794
VAPA	-0.0650132576583574	0.128108026181343
VAPB	-0.0217446160262499	0.250686387410228
VARS1	0.000914720799867853	0.970478461796909
VARS2	-0.0422615111583014	0.36967822986718
VASN	0.0430484171883624	0.328138207095859
VASP	0.0209793545174704	0.522653726869125
VAT1	0.0138312397548832	0.727957597521911
VAT1L	0.132142786450299	0.00925747918436374
VAV2	0.046140050226706	0.134985464005867
VAV3	0.0255427498435365	0.547547318541709
VBP1	-0.00316291853967671	0.903791156973826
VCAN	0.124756406063025	0.0714356428623004
VCL	-0.0359721695962306	0.184783833949505
VCP	0.0229588685019721	0.1136980848265
VCPIP1	-0.000856519235899286	0.959336093738033
VDAC1	-0.00106535826216977	0.974362426301932
VDAC2	-0.011753704977999	0.611220308064777
VDAC3	-0.0626311841621485	0.113677672134919
VEZF1	0.0606184404348456	0.359376092993654
VEZT	0.00200226545645391	0.951513385852699
VGF	-0.243802464069937	3.19098195400195e-05
VIM	0.0389828450634152	0.532592437617537
VIP	0.0454025044570992	0.322910631111711
VIPAS39	0.0229607784183522	0.19787108480804
VIRMA	0.0506230680836398	0.231956158058958
VKORC1	-0.0633029629677782	0.10310018628858
VKORC1L1	-0.0978170911391346	0.0143017457297903
VLDLR	0.0319154197668221	0.222552855483718
VMA12	0.0925606217369815	0.00785015544205005
VMA21	0.0146417461318163	0.565618886451644
VMA22	0.0578973642033183	0.0730669333332626
VMP1	-0.0543989713747259	0.0741815311786115
VPS11	0.180535684426479	0.200256761405485
VPS13A	-0.0124307055511282	0.433357996882859
VPS13B	-0.0623403873298146	0.320154996259234
VPS13C	-0.0360271263741029	0.661170319624131
VPS13D	-0.0166043830745227	0.357620795366138
VPS16	0.0204167347334565	0.157541728700871
VPS18	0.0224464018993424	0.0657927297347678
VPS25	-0.0504977425147284	0.0022146411745396
VPS26A	0.0316828174866094	0.0688799577112416
VPS26B	0.00636870649110621	0.830885177590834
VPS26C	0.0303160584325518	0.295264732859199
VPS28	-0.0503392057633432	0.0116227126820182
VPS29	0.00683811702322584	0.780382133290198
VPS33A	-0.00078234364540173	0.966978343554807
VPS33B	0.00770282056927329	0.694319316829441
VPS35	-0.0480065795455846	0.0609990268911532
VPS35L	-0.0108089086993767	0.562316039741882
VPS36	-0.0386259200001244	0.022912796375266
VPS37A	-0.0192014917665079	0.329656854031631
VPS37B	-0.0605321562273126	0.122136377476147
VPS37C	-0.000974944541039191	0.986341550935792
VPS39	0.0582137193531403	2.01325665149186e-05
VPS41	0.0348254984934316	0.0325827687145507
VPS45	0.000691663163782844	0.973902220048697
VPS4A	0.0156090964930786	0.308765339625076
VPS4B	-0.00413989736484437	0.869046806956961
VPS50	-0.0167127037051463	0.298928346840796
VPS51	-0.0207402093719823	0.237609683981562
VPS52	-0.0183236618404788	0.249754213197168
VPS53	-0.0265600347884485	0.119836363217342
VPS72	0.0530150828260772	0.447138127832597
VPS8	-0.0111224161180222	0.44444387987312
VPS9D1	-0.00202131429286176	0.937721738538274
VRK1	0.0298166368796207	0.692030981760675
VSIG4	-0.0719903968566645	0.534283762248348
VSIR	0.0519756487956327	0.286197114298014
VSNL1	-0.0306027003060175	0.2834870586259
VSTM2A	0.0783004530502295	0.0385203227403858
VSTM2B	0.0481008906510351	0.433429615657713
VSTM2L	0.00350675278391421	0.948104516632389
VTA1	-0.0514052479873267	0.0119391056305605
VTI1A	0.0476120543254891	0.0558338009273108
VTI1B	-5.61420356141873e-05	0.998069625259643
VTN	-0.0541247060205525	0.470219771886814
VWA1	-0.0675209374984392	0.132785337265342
VWA5A	0.0471332387957642	0.0413521102962572
VWA5B2	0.031074942787571	0.690476065639719
VWA7	-0.0602226846247325	0.141324479690744
VWA8	0.0747823008848023	0.284223181080879
VWC2	-0.0387967498236657	0.0815258463887175
VWC2L	-0.0501830446302881	0.0789964000671829
VWF	-0.0679634275413188	0.306340402707678
VXN	-0.0160491108939776	0.819630434879885
WAC	0.0600647257991409	0.114617104294467
WAPL	0.0257226877053212	0.610260619289813
WARS1	-0.116220385774411	3.78131291419236e-05
WARS2	0.00519439912658126	0.892866832038634
WASF1	-0.0349944488812072	0.227841429705187
WASF2	-0.0129682438815042	0.774265383761725
WASF3	-0.00871418701739926	0.936811052118951
WASH2P	0.0362424633297675	0.124368064714789
WASH6P	0.187271388101648	0.372693009464533
WASHC2A	0.00960380321831633	0.862228019690323
WASHC2C	0.0197255131248729	0.304450508989672
WASHC3	-0.000284689901007357	0.993903812753462
WASHC4	0.0233333966637387	0.167694785695216
WASHC5	0.0154327830005218	0.36320789014555
WASL	-0.00296846904339738	0.95350727390815
WBP11	0.0332915605359749	0.379946527282658
WBP1L	0.036382836943109	0.563565013138851
WBP2	-0.0666141592729614	0.0115993000781948
WBP4	0.0157252405633328	0.730130910141548
WDFY1	0.00976102066068821	0.722899391202473
WDFY2	0.000134029349055598	0.997794609565393
WDFY3	-0.00551740605647412	0.682550592000707
WDR1	0.0323793140075108	0.0315244528089465
WDR11	-0.00722800535300494	0.810573937571951
WDR12	0.0545247467016594	0.0722269335642219
WDR13	-0.0326336896436222	0.0119391056305605
WDR17	-0.0157757918863732	0.556005392016293
WDR18	0.0214688479081345	0.406716928321595
WDR19	0.0310825645693781	0.39711992634497
WDR20	-0.0016360028761795	0.958062498049516
WDR24	0.0219784980551692	0.397334383769894
WDR26	-0.00919355888304717	0.621118796924764
WDR3	0.00992816944903806	0.851968649494466
WDR33	0.0376309858191315	0.430318200220285
WDR35	0.0414259681906944	0.202280143219165
WDR36	0.00783714946393224	0.792360744333511
WDR37	0.00976565802877336	0.656479616334963
WDR41	-0.00104274120458508	0.968243030317975
WDR43	0.0402282993354965	0.181382790875904
WDR44	-0.00815685867618533	0.579342782338254
WDR45	-0.00563883233844248	0.743654217651989
WDR45B	0.0192821830509336	0.29904024308918
WDR47	0.0178294100842373	0.671325950780532
WDR48	0.0119759467639322	0.31452936661237
WDR5	0.0323233000060344	0.328391546584887
WDR54	-0.0097762575019579	0.738578554930477
WDR59	0.0281306005245167	0.324844427371908
WDR6	0.103427181794294	0.0104934510953281
WDR7	-0.026095028783737	0.141331878081023
WDR75	0.0308643988954386	0.538211005455596
WDR77	0.00374780285831233	0.84535691231194
WDR81	0.0311623337505481	0.0351575797553431
WDR82	0.0632796222308626	0.00208617929213034
WDR91	0.0292797376647502	0.0623683610068607
WDSUB1	0.0667457514482445	0.254977815757675
WDTC1	-0.01733702700118	0.456577804775081
WFS1	0.0645377889479575	0.0101636341525863
WHAMM	0.0454096057334957	0.196431598956023
WIPF1	-0.0384004265845523	0.588815707077324
WIPF2	-0.0144006054826692	0.58707051162136
WIPF3	0.0413189139542556	0.399693953537652
WIPI1	0.00850091892452381	0.856178813403935
WIPI2	-0.0195084238929518	0.816497097139842
WIZ	-0.00457366481655622	0.964407339661113
WLS	0.0519531754389644	0.117899873287443
WNK1	0.00870029632018188	0.629408560741237
WNK2	-0.0183469973243828	0.127188715059164
WNK3	-0.014552315105276	0.617879958826666
WRNIP1	0.0523324242385372	0.0730669333332626
WSB2	-0.108230603272885	0.00727230110964785
WTAP	0.0535333380555167	0.157541728700871
WWC1	0.0447975109364537	0.44830798571084
WWC2	0.0531464654234854	0.381839987677361
WWOX	0.0184867306188672	0.655347811699779
WWP1	0.0167062758054279	0.590956655934595
WWP2	0.0113011623061155	0.633040329191009
XAB2	0.0269627893564479	0.496001792267713
XIAP	0.0206937239930753	0.475033768317578
XK	-0.0275654235335002	0.40528068784417
XKR4	-0.0157929898203792	0.727671451455929
XKR6	0.00311320548928468	0.95836615559205
XKR7	0.0477808699134129	0.267630132235257
XPA	0.0263497854507109	0.662212117799697
XPC	0.0201189850932951	0.68287899520254
XPNPEP1	-0.0126734164373861	0.496252547045239
XPNPEP3	-0.0690667707254217	0.0049011431218261
XPO1	0.00302267467927963	0.918026427969577
XPO4	-0.041977181198625	0.0247633614670914
XPO5	-0.0246268015986317	0.423792055574372
XPO6	-0.00766890938856851	0.87767394578761
XPO7	-0.0100153800333312	0.515308684226162
XPOT	-0.0261801023459829	0.257625228455897
XPR1	0.013740945847349	0.687385676159861
XRCC1	0.0412857706918624	0.330453916987507
XRCC4	-0.0302020890527796	0.676415713222247
XRCC5	0.0287412781147648	0.467025206568592
XRCC6	0.0264752770795921	0.551677783230481
XRN1	0.0196351083631669	0.443573836593946
XRN2	0.0645608412337445	0.0221434616975668
XXYLT1	0.00375626457955015	0.948801980469563
XYLB	0.0530645083745546	0.426827034053133
YAP1	0.0122752099379843	0.866856556137512
YARS1	-0.0374188292960883	0.0309729590570748
YARS2	-0.0169811985063617	0.429817760171038
YBX1	-0.0387468566985898	0.304433653937824
YBX3	-0.0122005940417027	0.922118850602263
YDJC	0.019033595423871	0.802478403726661
YEATS4	0.00130728600304028	0.985561135765821
YES1	0.0719937610509253	0.0209004556984864
YIF1B	0.0192165320125184	0.556963229369512
YIPF3	0.0276773213735656	0.756725640408222
YIPF4	-0.0322404317007847	0.401566699566903
YIPF5	0.00454212702665097	0.856410063611615
YIPF6	0.0689991034541514	0.0555858791051716
YJEFN3	-0.0586404432573549	0.250656187022819
YKT6	-0.00926027562062174	0.627321219425333
YLPM1	-0.00208193083769903	0.972014232251844
YME1L1	-0.0822946851244634	0.232942720553967
YOD1	-0.024838362045633	0.348265673265189
YPEL3	0.0357480736957292	0.556724527954945
YPEL4	-0.144750969449022	0.020457921681001
YPEL5	0.0159269659435928	0.645388223652197
YRDC	-0.00647910629403905	0.905745388419742
YTHDC1	0.00851469033174523	0.868394335234805
YTHDC2	0.0133916424740978	0.726229544847952
YTHDF1	-0.0373952380287465	0.0159264047421951
YTHDF2	-0.0286288061502096	0.290578677977005
YTHDF3	-0.028100743055979	0.202296739321063
YWHAB	-0.0479395668585652	0.0832347399449707
YWHAE	0.0250533106380881	0.813177389121449
YWHAG	-0.000236673087917805	0.993684591068952
YWHAH	-0.0220731947762071	0.444094755141081
YWHAQ	-0.0630452027264273	0.0182560873425586
YWHAZ	-0.0158458993337056	0.516966354177727
YY1	0.037728336596906	0.531527931622371
ZBTB11	0.389808752172945	0.173015774146089
ZBTB16	0.081111132514991	0.0543418083381559
ZBTB20	0.0415296218854733	0.436690661427985
ZBTB4	0.0281210068500209	0.68287899520254
ZBTB40	-0.0119686136522132	0.967584650718286
ZBTB7A	-0.00239968924350446	0.972253034303153
ZC2HC1A	-0.0218172533083255	0.621118796924764
ZC3H11A	0.0323626941938184	0.423792055574372
ZC3H12B	0.0457500781830164	0.467963119585464
ZC3H13	-0.00330154113258002	0.978718879001135
ZC3H14	0.0569319991318975	0.0480876800671696
ZC3H15	0.0364029912813301	0.157887433324931
ZC3H18	0.0406530002246092	0.156971924684839
ZC3H4	0.0539591455652635	0.222287524873063
ZC3H6	0.00607743276780659	0.933918743465911
ZC3H7A	0.0333314793116198	0.0775486155739349
ZC3H7B	-0.020965947194802	0.331772265907289
ZC3HAV1	0.0436689615861776	0.396279291171204
ZC3HC1	0.0101429138993282	0.834765082845881
ZCCHC17	0.0127862381254862	0.864051150529198
ZDHHC14	0.0628453209217628	0.119418848020385
ZDHHC17	0.0467425411505065	0.240336846230126
ZDHHC2	0.0523263750784143	0.34476643342107
ZDHHC20	0.00176936037195141	0.986712592587214
ZDHHC3	-0.0329905200188267	0.44512365015882
ZDHHC5	-0.0336081959661182	0.0193034933090653
ZDHHC6	-0.0545825092307964	0.243841654025883
ZDHHC8	-0.0200252255158233	0.720069959711422
ZDHHC9	-0.0467267348658059	0.441058576077045
ZEB1	0.0109282317839444	0.866492490792039
ZEB2	-0.0216088841505618	0.683873330036775
ZER1	0.0104227809857999	0.628579824881543
ZFAND2B	0.027531445302984	0.350754157026452
ZFAND5	-0.0334936078406358	0.501597933074198
ZFAND6	-0.0566137318152526	0.328138207095859
ZFP36L1	0.0266997552106624	0.824385979170801
ZFP91	0.0549617158504344	0.608732376481083
ZFPL1	-0.0419755583194336	0.0468817678402452
ZFR	0.0297928019564708	0.240349011404303
ZFTRAF1	0.0375416671179499	0.437739651720122
ZFYVE1	0.0183466939810088	0.313595439856289
ZFYVE16	-0.0392086969389446	0.149197500204111
ZFYVE19	0.00377834303302443	0.906009235555223
ZFYVE21	-0.0247863058914478	0.33495935195701
ZFYVE26	-0.0130073240640777	0.751655166220706
ZFYVE27	-0.0353617373447437	0.240336846230126
ZFYVE28	-0.0266179531776184	0.50434741442976
ZFYVE9	0.0040660521097288	0.895990389717157
ZGPAT	-0.00136660606806525	0.985561135765821
ZHX1	0.0115868524989406	0.902163783084101
ZHX2	-0.0313379065070924	0.521176376842218
ZHX3	0.0601787116940835	0.126795515230455
ZMAT2	0.0377912787591574	0.296573367637642
ZMAT4	0.0350478041685653	0.622978818995646
ZMIZ1	0.00162053124541806	0.957696117966014
ZMPSTE24	0.010568053655762	0.636629199838518
ZMYM2	0.0578225976126335	0.226359386001281
ZMYM3	0.0477535985741414	0.142120159379119
ZMYM4	0.0535539132611708	0.214367179933137
ZMYND11	0.0704505565199418	0.0792750606855626
ZMYND8	0.0625052873810829	0.0565602048086042
ZNF148	0.00468277441249604	0.95836615559205
ZNF185	0.0704982616793017	0.174008553824992
ZNF207	0.0176138477238356	0.623749967107598
ZNF318	0.0410993017840761	0.319160936066214
ZNF326	0.0556092838892829	0.0636701342937126
ZNF346	0.00988568790953305	0.857523522922836
ZNF365	-0.0340422692854462	0.368174808318839
ZNF384	0.0392896443552453	0.478179244360505
ZNF385A	-0.0424581481506296	0.152936029553623
ZNF428	0.0691714964774182	0.0367119485069696
ZNF483	-0.0233050890131509	0.495368411334998
ZNF512	0.0152973641832217	0.6029224248298
ZNF512B	-0.00340888815587864	0.953286552114604
ZNF592	0.117032591277961	0.0681732418518998
ZNF598	0.00666699715750177	0.783128630506084
ZNF622	0.056658879597578	0.221224107071728
ZNF638	0.0528160441415248	0.0391918093016419
ZNF687	0.0823415408995633	0.0610005495815257
ZNF706	0.0143194463560427	0.768175019460416
ZNF787	0.0213613157953284	0.856400475602618
ZNF800	0.00497988138545537	0.932026874627602
ZNF830	0.0937679644759678	0.0525098918996619
ZNFX1	0.014993117690466	0.528494267265712
ZNG1B	0.0147676498894593	0.761788626063399
ZNHIT2	0.0566749886456172	0.392332156373356
ZNHIT3	0.0383753013281512	0.533986000521722
ZNRD2	-0.0148353969896348	0.715698614809983
ZNRF2	0.00937908143905547	0.812551021376784
ZPR1	-0.059923711038164	0.00234176987212469
ZRANB2	-0.0330575152769887	0.44804216205614
ZRSR2P1	0.0758173695319511	0.392270802506569
ZSCAN18	0.00137542426276921	0.978702942653821
ZSWIM8	0.0618499537542866	0.0319807664645077
ZW10	-0.0373246456463484	0.00831414804136553
ZYG11B	0.0206426488123589	0.214405347664388
ZYX	-0.0235133696177585	0.395347281550003
ZZEF1	0.00686738339969913	0.662311298047351
