IDX	mut_freq
A1CF	0.016393
A2M	0.032787
A2ML1	0.016393
AADACL2	0.008197
AADACL4	0.008197
AAED1	0.016393
AAGAB	0.008197
AAMP	0.008197
AANAT	0.008197
AAR2	0.008197
AATK	0.032787
ABAT	0.008197
ABCA1	0.032787
ABCA12	0.008197
ABCA13	0.106557
ABCA2	0.02459
ABCA3	0.008197
ABCA4	0.02459
ABCA5	0.008197
ABCA6	0.008197
ABCA7	0.008197
ABCA8	0.032787
ABCA9	0.02459
ABCB1	0.032787
ABCB10	0.008197
ABCB11	0.02459
ABCB4	0.008197
ABCB6	0.008197
ABCB7	0.008197
ABCB8	0.008197
ABCB9	0.016393
ABCC1	0.02459
ABCC12	0.008197
ABCC2	0.02459
ABCC3	0.016393
ABCC4	0.02459
ABCC5	0.016393
ABCC6	0.016393
ABCC8	0.032787
ABCC9	0.016393
ABCD1	0.016393
ABCD2	0.008197
ABCD3	0.008197
ABCD4	0.008197
ABCF1	0.008197
ABCF3	0.016393
ABCG1	0.02459
ABCG2	0.008197
ABCG8	0.02459
ABHD10	0.008197
ABHD11	0.008197
ABHD13	0.008197
ABHD15	0.016393
ABHD17B	0.008197
ABHD2	0.008197
ABHD6	0.008197
ABI1	0.008197
ABI3BP	0.02459
ABL1	0.016393
ABL2	0.016393
ABLIM1	0.008197
ABLIM2	0.008197
ABLIM3	0.016393
ABR	0.008197
ABRA	0.008197
ABRACL	0.008197
ABTB2	0.016393
AC004381.6	0.008197
AC005008.2	0.008197
AC005358.1	0.008197
AC005481.5	0.02459
AC006132.1	0.008197
AC011484.1	0.008197
AC011997.1	0.008197
AC016757.3	0.008197
AC018470.1	0.008197
AC021218.2	0.008197
AC022400.2	0.008197
AC025278.1	0.008197
AC037459.4	0.008197
AC074212.3	0.02459
AC074389.6	0.008197
AC093802.1	0.008197
AC099552.4	0.008197
AC129492.6	0.008197
ACAA2	0.008197
ACACA	0.032787
ACACB	0.032787
ACAD10	0.008197
ACAD9	0.008197
ACADL	0.008197
ACADVL	0.008197
ACAN	0.02459
ACAP1	0.008197
ACAP2	0.016393
ACAP3	0.016393
ACBD5	0.016393
ACBD6	0.008197
ACCS	0.008197
ACCSL	0.008197
ACE	0.02459
ACE2	0.008197
ACER1	0.016393
ACER3	0.008197
ACHE	0.008197
ACIN1	0.008197
ACO1	0.008197
ACO2	0.008197
ACOT11	0.008197
ACOT12	0.008197
ACOT6	0.008197
ACOT8	0.008197
ACOX1	0.008197
ACOX3	0.016393
ACOXL	0.008197
ACPL2	0.008197
ACPP	0.008197
ACPT	0.016393
ACRBP	0.008197
ACSBG1	0.008197
ACSBG2	0.008197
ACSF2	0.008197
ACSF3	0.008197
ACSL3	0.008197
ACSL4	0.016393
ACSM1	0.008197
ACSM2A	0.008197
ACSM2B	0.008197
ACSM4	0.008197
ACSS1	0.016393
ACSS3	0.008197
ACTA2	0.016393
ACTB	0.008197
ACTBL2	0.02459
ACTC1	0.008197
ACTG1	0.016393
ACTG2	0.008197
ACTL6A	0.008197
ACTL6B	0.008197
ACTL7B	0.008197
ACTL8	0.008197
ACTL9	0.016393
ACTN2	0.032787
ACTN4	0.032787
ACTR3	0.008197
ACTR3B	0.008197
ACTR3C	0.008197
ACTR8	0.008197
ACTRT1	0.008197
ACTRT2	0.008197
ACVR1C	0.016393
ACVR2A	0.008197
ACVR2B	0.008197
ACVRL1	0.016393
ACYP2	0.008197
ADA	0.008197
ADAD2	0.016393
ADAL	0.008197
ADAM10	0.016393
ADAM11	0.008197
ADAM12	0.02459
ADAM15	0.02459
ADAM17	0.016393
ADAM19	0.032787
ADAM2	0.008197
ADAM20	0.016393
ADAM21	0.02459
ADAM22	0.02459
ADAM23	0.02459
ADAM30	0.008197
ADAM32	0.008197
ADAM33	0.016393
ADAM7	0.016393
ADAM8	0.02459
ADAMDEC1	0.016393
ADAMTS10	0.032787
ADAMTS12	0.02459
ADAMTS13	0.02459
ADAMTS14	0.008197
ADAMTS15	0.02459
ADAMTS16	0.032787
ADAMTS17	0.032787
ADAMTS18	0.032787
ADAMTS19	0.02459
ADAMTS2	0.016393
ADAMTS20	0.02459
ADAMTS3	0.032787
ADAMTS4	0.02459
ADAMTS5	0.032787
ADAMTS6	0.008197
ADAMTS7	0.02459
ADAMTS8	0.016393
ADAMTS9	0.032787
ADAMTSL1	0.032787
ADAMTSL3	0.040984
ADAMTSL4	0.032787
ADAP1	0.008197
ADAP2	0.008197
ADAR	0.008197
ADARB1	0.008197
ADARB2	0.02459
ADC	0.008197
ADCK1	0.008197
ADCK3	0.016393
ADCK5	0.016393
ADCY1	0.016393
ADCY10	0.016393
ADCY2	0.032787
ADCY3	0.008197
ADCY5	0.008197
ADCY6	0.016393
ADCY7	0.016393
ADCY8	0.016393
ADCY9	0.016393
ADCYAP1	0.008197
ADCYAP1R1	0.008197
ADD2	0.008197
ADGB	0.016393
ADH1A	0.008197
ADH7	0.008197
ADHFE1	0.008197
ADIPOQ	0.008197
ADIRF	0.008197
ADNP	0.02459
ADNP2	0.008197
ADORA1	0.008197
ADORA2A	0.008197
ADORA3	0.02459
ADPGK	0.008197
ADPRH	0.008197
ADPRHL1	0.008197
ADPRHL2	0.008197
ADRA1A	0.008197
ADRA1B	0.016393
ADRA1D	0.016393
ADRA2B	0.008197
ADRA2C	0.02459
ADRBK1	0.008197
ADRBK2	0.02459
ADSSL1	0.008197
AEBP1	0.008197
AEBP2	0.008197
AEN	0.016393
AF165138.7	0.008197
AFF1	0.008197
AFF2	0.02459
AFF3	0.02459
AFF4	0.02459
AFG3L2	0.016393
AFMID	0.016393
AFP	0.008197
AFTPH	0.008197
AGAP1	0.016393
AGAP2	0.008197
AGAP3	0.016393
AGAP5	0.008197
AGAP7	0.008197
AGBL1	0.008197
AGBL3	0.016393
AGBL4	0.008197
AGBL5	0.008197
AGER	0.016393
AGGF1	0.016393
AGK	0.008197
AGL	0.016393
AGMAT	0.008197
AGO1	0.02459
AGO2	0.032787
AGO3	0.016393
AGPAT1	0.008197
AGPAT6	0.008197
AGRN	0.02459
AGT	0.02459
AGTPBP1	0.016393
AGTR1	0.016393
AGXT2	0.008197
AHCTF1	0.032787
AHCYL2	0.016393
AHDC1	0.04918
AHI1	0.016393
AHNAK	0.081967
AHNAK2	0.02459
AHRR	0.016393
AIG1	0.008197
AIM1	0.008197
AIM1L	0.016393
AIM2	0.008197
AIMP2	0.008197
AIP	0.008197
AIPL1	0.016393
AK7	0.008197
AK9	0.02459
AKAP1	0.008197
AKAP10	0.016393
AKAP12	0.02459
AKAP13	0.032787
AKAP17A	0.008197
AKAP2	0.02459
AKAP3	0.008197
AKAP4	0.02459
AKAP6	0.040984
AKAP8	0.016393
AKAP8L	0.016393
AKAP9	0.032787
AKNA	0.040984
AKNAD1	0.008197
AKR1C1	0.016393
AKR1C2	0.008197
AKR1C3	0.008197
AKR1C4	0.008197
AKR1D1	0.016393
AKR7A3	0.016393
AKT1	0.040984
AKT1S1	0.016393
AKT3	0.016393
AL133373.1	0.008197
AL450307.1	0.008197
ALAD	0.008197
ALAS1	0.008197
ALAS2	0.008197
ALCAM	0.008197
ALDH16A1	0.008197
ALDH18A1	0.016393
ALDH1A1	0.016393
ALDH1A2	0.016393
ALDH1A3	0.008197
ALDH1B1	0.008197
ALDH1L1	0.032787
ALDH1L2	0.008197
ALDH2	0.008197
ALDH3A1	0.008197
ALDH3B2	0.008197
ALDH6A1	0.008197
ALDH7A1	0.008197
ALDH8A1	0.016393
ALDH9A1	0.008197
ALDOB	0.008197
ALDOC	0.016393
ALG11	0.016393
ALG12	0.008197
ALG13	0.016393
ALG2	0.008197
ALG3	0.008197
ALK	0.016393
ALKBH3	0.008197
ALKBH8	0.008197
ALMS1	0.040984
ALOX12B	0.016393
ALOX15B	0.008197
ALOX5	0.016393
ALOXE3	0.016393
ALPK1	0.016393
ALPK2	0.040984
ALPK3	0.02459
ALPL	0.016393
ALPP	0.008197
ALPPL2	0.008197
ALS2	0.016393
ALS2CL	0.008197
ALS2CR11	0.02459
ALS2CR12	0.008197
ALX4	0.008197
AMACR	0.008197
AMBP	0.016393
AMBRA1	0.02459
AMD1	0.008197
AMDHD1	0.008197
AMDHD2	0.008197
AMER1	0.016393
AMER2	0.008197
AMER3	0.02459
AMFR	0.008197
AMH	0.02459
AMHR2	0.008197
AMIGO1	0.016393
AMIGO2	0.008197
AMMECR1	0.008197
AMOT	0.016393
AMOTL1	0.016393
AMOTL2	0.016393
AMPD1	0.008197
AMPD2	0.016393
AMPH	0.016393
AMY2B	0.008197
AMZ1	0.008197
AMZ2	0.008197
ANAPC1	0.008197
ANAPC13	0.008197
ANAPC2	0.016393
ANAPC5	0.008197
ANAPC7	0.008197
ANGEL2	0.008197
ANGPT4	0.032787
ANGPTL1	0.008197
ANGPTL2	0.008197
ANGPTL3	0.008197
ANGPTL4	0.008197
ANGPTL7	0.008197
ANHX	0.016393
ANK1	0.032787
ANK2	0.065574
ANK3	0.016393
ANKAR	0.016393
ANKFN1	0.040984
ANKHD1	0.032787
ANKIB1	0.008197
ANKLE2	0.008197
ANKMY1	0.016393
ANKRD11	0.04918
ANKRD12	0.016393
ANKRD13B	0.008197
ANKRD13C	0.008197
ANKRD17	0.016393
ANKRD18A	0.016393
ANKRD18B	0.02459
ANKRD2	0.008197
ANKRD24	0.008197
ANKRD27	0.016393
ANKRD28	0.008197
ANKRD29	0.008197
ANKRD30A	0.040984
ANKRD30B	0.02459
ANKRD31	0.02459
ANKRD33	0.02459
ANKRD33B	0.02459
ANKRD34A	0.016393
ANKRD34C	0.02459
ANKRD35	0.02459
ANKRD36	0.016393
ANKRD40	0.008197
ANKRD44	0.016393
ANKRD50	0.008197
ANKRD52	0.008197
ANKRD6	0.016393
ANKRD60	0.008197
ANKRD62	0.008197
ANKRD66	0.008197
ANKRD7	0.008197
ANKS1A	0.008197
ANKS1B	0.008197
ANKZF1	0.008197
ANLN	0.016393
ANO1	0.016393
ANO2	0.016393
ANO3	0.008197
ANO4	0.016393
ANO5	0.02459
ANO6	0.008197
ANO7	0.016393
ANO8	0.016393
ANO9	0.008197
ANP32D	0.008197
ANPEP	0.016393
ANTXRL	0.008197
ANXA1	0.008197
AOAH	0.008197
AOC1	0.02459
AOX1	0.016393
AP000708.1	0.008197
AP003062.1	0.008197
AP003068.23	0.016393
AP1B1	0.008197
AP1G2	0.008197
AP1M1	0.008197
AP1M2	0.008197
AP2A1	0.008197
AP2A2	0.032787
AP2B1	0.008197
AP3B1	0.008197
AP3B2	0.016393
AP3D1	0.008197
AP4B1	0.008197
AP4E1	0.008197
AP4M1	0.016393
AP5B1	0.016393
AP5M1	0.008197
AP5Z1	0.008197
APAF1	0.016393
APBA1	0.032787
APBA2	0.008197
APBB1	0.016393
APC	0.016393
APC2	0.02459
APCDD1	0.008197
APCS	0.008197
APEH	0.016393
APEX2	0.008197
API5	0.008197
APLP1	0.008197
APLP2	0.008197
APOA1	0.008197
APOA4	0.008197
APOB	0.057377
APOBEC3G	0.008197
APOBEC3H	0.008197
APOBEC4	0.008197
APOC1	0.008197
APOC3	0.016393
APOH	0.016393
APOL1	0.008197
APOL2	0.008197
APOL3	0.008197
APOL5	0.016393
APOL6	0.008197
APOPT1	0.016393
APPBP2	0.008197
APPL1	0.008197
APTX	0.008197
AQP1	0.008197
AQP10	0.008197
AQP2	0.008197
AQR	0.016393
AR	0.032787
ARAF	0.008197
ARAP1	0.016393
ARAP2	0.02459
ARAP3	0.02459
ARC	0.008197
AREL1	0.008197
ARF1	0.008197
ARF6	0.008197
ARFGAP1	0.008197
ARFGEF1	0.008197
ARFGEF2	0.016393
ARG1	0.008197
ARGFX	0.008197
ARHGAP12	0.008197
ARHGAP15	0.008197
ARHGAP17	0.008197
ARHGAP19	0.02459
ARHGAP21	0.016393
ARHGAP22	0.032787
ARHGAP23	0.040984
ARHGAP24	0.02459
ARHGAP25	0.032787
ARHGAP26	0.008197
ARHGAP27	0.016393
ARHGAP28	0.008197
ARHGAP29	0.016393
ARHGAP30	0.016393
ARHGAP31	0.008197
ARHGAP32	0.008197
ARHGAP33	0.016393
ARHGAP35	0.040984
ARHGAP36	0.008197
ARHGAP39	0.02459
ARHGAP4	0.032787
ARHGAP40	0.016393
ARHGAP42	0.008197
ARHGAP44	0.016393
ARHGAP5	0.016393
ARHGAP6	0.02459
ARHGAP9	0.008197
ARHGDIA	0.016393
ARHGEF1	0.008197
ARHGEF10	0.02459
ARHGEF10L	0.008197
ARHGEF11	0.02459
ARHGEF12	0.02459
ARHGEF15	0.016393
ARHGEF16	0.008197
ARHGEF17	0.032787
ARHGEF18	0.008197
ARHGEF26	0.008197
ARHGEF28	0.016393
ARHGEF3	0.008197
ARHGEF33	0.008197
ARHGEF37	0.008197
ARHGEF38	0.02459
ARHGEF4	0.008197
ARHGEF40	0.016393
ARHGEF6	0.008197
ARHGEF7	0.008197
ARID1A	0.040984
ARID1B	0.008197
ARID2	0.040984
ARID3C	0.008197
ARID4A	0.008197
ARID4B	0.008197
ARID5A	0.008197
ARIH2	0.008197
ARL13B	0.008197
ARL14	0.008197
ARL3	0.008197
ARL6IP5	0.008197
ARMC10	0.008197
ARMC12	0.008197
ARMC2	0.016393
ARMC3	0.016393
ARMC4	0.016393
ARMC5	0.016393
ARMC8	0.008197
ARMCX4	0.008197
ARMCX6	0.008197
ARNT	0.016393
ARNT2	0.008197
ARNTL2	0.008197
ARPC1A	0.008197
ARPC5	0.008197
ARRB1	0.008197
ARRB2	0.008197
ARRDC1	0.008197
ARRDC2	0.016393
ARRDC4	0.016393
ARRDC5	0.032787
ARSA	0.016393
ARSB	0.016393
ARSD	0.008197
ARSE	0.008197
ARSF	0.032787
ARSH	0.008197
ARSI	0.008197
ART1	0.02459
ART3	0.016393
ART4	0.008197
ARVCF	0.008197
ARX	0.016393
ASAH1	0.008197
ASAH2	0.008197
ASAP1	0.008197
ASAP2	0.02459
ASAP3	0.008197
ASB1	0.008197
ASB10	0.02459
ASB11	0.008197
ASB12	0.008197
ASB13	0.016393
ASB14	0.008197
ASB15	0.008197
ASB17	0.008197
ASCC2	0.008197
ASCC3	0.040984
ASCL1	0.008197
ASCL2	0.008197
ASF1A	0.008197
ASGR1	0.016393
ASH1L	0.065574
ASIC1	0.008197
ASIC2	0.008197
ASIC3	0.008197
ASIC4	0.008197
ASMTL	0.008197
ASNA1	0.016393
ASNS	0.008197
ASNSD1	0.008197
ASPA	0.008197
ASPG	0.008197
ASPH	0.008197
ASPHD1	0.016393
ASPHD2	0.016393
ASPM	0.04918
ASPSCR1	0.008197
ASRGL1	0.008197
ASS1	0.008197
ASTL	0.008197
ASTN1	0.016393
ASTN2	0.057377
ASXL1	0.016393
ASXL2	0.008197
ASXL3	0.032787
ASZ1	0.008197
ATAD1	0.008197
ATAD2	0.032787
ATAD2B	0.008197
ATAD3A	0.008197
ATAD3C	0.008197
ATAD5	0.008197
ATAT1	0.008197
ATF3	0.008197
ATF6	0.008197
ATF7IP	0.016393
ATG13	0.008197
ATG16L1	0.016393
ATG2A	0.008197
ATG2B	0.02459
ATG4A	0.008197
ATG4C	0.016393
ATIC	0.008197
ATM	0.016393
ATN1	0.02459
ATOH1	0.008197
ATOH7	0.008197
ATP10A	0.016393
ATP10D	0.016393
ATP11A	0.008197
ATP11B	0.008197
ATP12A	0.016393
ATP13A1	0.008197
ATP13A2	0.008197
ATP13A3	0.008197
ATP13A4	0.008197
ATP13A5	0.008197
ATP1A2	0.02459
ATP1A3	0.016393
ATP1A4	0.016393
ATP1B3	0.016393
ATP1B4	0.008197
ATP2A2	0.008197
ATP2A3	0.008197
ATP2B2	0.040984
ATP2B3	0.032787
ATP2B4	0.008197
ATP2C2	0.008197
ATP4A	0.032787
ATP5L2	0.008197
ATP5SL	0.008197
ATP6AP1L	0.008197
ATP6V0A1	0.016393
ATP6V0A2	0.008197
ATP6V0A4	0.016393
ATP6V1A	0.008197
ATP6V1B1	0.008197
ATP6V1B2	0.008197
ATP6V1E2	0.008197
ATP6V1F	0.008197
ATP6V1H	0.008197
ATP7A	0.008197
ATP7B	0.02459
ATP8A1	0.032787
ATP8A2	0.008197
ATP8B2	0.016393
ATP8B3	0.02459
ATP8B4	0.008197
ATP9A	0.008197
ATP9B	0.016393
ATR	0.02459
ATRN	0.016393
ATRNL1	0.008197
ATRX	0.016393
ATXN1	0.02459
ATXN1L	0.032787
ATXN2L	0.016393
ATXN3L	0.008197
ATXN7	0.008197
ATXN7L1	0.008197
AUH	0.008197
AURKB	0.008197
AUTS2	0.032787
AVEN	0.008197
AVL9	0.008197
AVPR1A	0.008197
AVPR1B	0.008197
AWAT2	0.008197
AXDND1	0.016393
AXIN1	0.008197
AXIN2	0.016393
AZI1	0.008197
AZU1	0.016393
B2M	0.008197
B3GALT1	0.008197
B3GALTL	0.008197
B3GAT1	0.008197
B3GAT2	0.008197
B3GAT3	0.008197
B3GNT3	0.008197
B4GALNT1	0.016393
B4GALNT2	0.02459
B4GALNT3	0.008197
B4GALNT4	0.032787
B4GALT2	0.016393
B4GALT5	0.008197
B4GALT6	0.008197
B4GALT7	0.008197
BAALC	0.008197
BAAT	0.008197
BACH1	0.008197
BACH2	0.016393
BAG4	0.008197
BAHD1	0.008197
BAI1	0.065574
BAI2	0.016393
BAI3	0.016393
BAIAP2L1	0.008197
BAIAP2L2	0.016393
BAIAP3	0.008197
BAK1	0.008197
BANK1	0.02459
BANP	0.008197
BARHL1	0.008197
BASP1	0.008197
BATF	0.016393
BATF2	0.008197
BATF3	0.008197
BAZ1A	0.040984
BAZ1B	0.016393
BAZ2A	0.008197
BAZ2B	0.032787
BBS12	0.008197
BBS5	0.008197
BBS9	0.008197
BCAN	0.02459
BCAP31	0.008197
BCAR1	0.008197
BCAR3	0.008197
BCAS1	0.008197
BCAS4	0.008197
BCAT1	0.008197
BCHE	0.016393
BCKDK	0.008197
BCL10	0.016393
BCL11A	0.016393
BCL11B	0.02459
BCL2A1	0.008197
BCL2L10	0.008197
BCL2L11	0.016393
BCL2L12	0.008197
BCL2L13	0.008197
BCL2L14	0.008197
BCL7C	0.008197
BCL9	0.016393
BCLAF1	0.016393
BCOR	0.02459
BCORL1	0.016393
BCR	0.008197
BCS1L	0.008197
BEGAIN	0.016393
BEND2	0.008197
BEND4	0.008197
BEND5	0.008197
BEST2	0.008197
BFSP1	0.016393
BFSP2	0.016393
BGN	0.016393
BHLHE23	0.008197
BHLHE40	0.008197
BHLHE41	0.008197
BICC1	0.016393
BICD1	0.016393
BICD2	0.02459
BIN1	0.02459
BIN3	0.008197
BIRC3	0.008197
BIRC6	0.04918
BIVM	0.008197
BLID	0.008197
BLOC1S4	0.008197
BLZF1	0.016393
BMF	0.008197
BMP1	0.008197
BMP15	0.008197
BMP3	0.008197
BMP4	0.008197
BMP5	0.008197
BMP6	0.008197
BMP7	0.008197
BMP8B	0.008197
BMPER	0.008197
BMPR1A	0.008197
BMPR1B	0.008197
BMPR2	0.008197
BMS1	0.016393
BMX	0.02459
BNC2	0.040984
BNIP2	0.008197
BOD1L1	0.057377
BOP1	0.008197
BPGM	0.008197
BPI	0.016393
BPIFA2	0.008197
BPIFA3	0.008197
BPIFB1	0.008197
BPIFB3	0.008197
BPIFB4	0.008197
BPIFC	0.016393
BPTF	0.016393
BRAF	0.008197
BRAP	0.008197
BRCA1	0.008197
BRCA2	0.032787
BRD1	0.02459
BRD2	0.008197
BRD3	0.008197
BRD4	0.008197
BRD7	0.008197
BRD8	0.008197
BRD9	0.008197
BRDT	0.016393
BRE	0.016393
BRINP1	0.02459
BRINP2	0.008197
BRINP3	0.02459
BRIP1	0.02459
BROX	0.008197
BRPF1	0.008197
BRPF3	0.02459
BRS3	0.016393
BRSK1	0.016393
BRSK2	0.02459
BRWD1	0.008197
BRWD3	0.032787
BSN	0.04918
BSPH1	0.008197
BST2	0.008197
BSX	0.008197
BTAF1	0.032787
BTBD1	0.008197
BTBD11	0.008197
BTBD16	0.008197
BTBD19	0.008197
BTBD2	0.016393
BTBD3	0.008197
BTBD7	0.016393
BTBD8	0.008197
BTBD9	0.016393
BTC	0.008197
BTG3	0.008197
BTK	0.008197
BTLA	0.016393
BTN1A1	0.008197
BTN3A1	0.008197
BTNL2	0.008197
BTNL3	0.016393
BUB1	0.016393
BUB1B	0.008197
BZRAP1	0.02459
C10orf105	0.008197
C10orf12	0.008197
C10orf126	0.008197
C10orf129	0.008197
C10orf137	0.016393
C10orf2	0.008197
C10orf35	0.008197
C10orf53	0.008197
C10orf54	0.008197
C10orf62	0.008197
C10orf68	0.016393
C10orf71	0.02459
C10orf88	0.032787
C10orf90	0.02459
C10orf91	0.008197
C11orf24	0.008197
C11orf30	0.02459
C11orf34	0.008197
C11orf35	0.016393
C11orf63	0.008197
C11orf74	0.008197
C11orf84	0.008197
C11orf86	0.008197
C12orf10	0.008197
C12orf40	0.008197
C12orf42	0.008197
C12orf44	0.008197
C12orf49	0.008197
C12orf50	0.008197
C12orf55	0.02459
C12orf71	0.008197
C13orf35	0.008197
C14orf105	0.008197
C14orf159	0.016393
C14orf166B	0.008197
C14orf23	0.016393
C14orf37	0.008197
C14orf80	0.008197
C14orf93	0.016393
C15orf26	0.008197
C15orf38	0.008197
C15orf39	0.016393
C15orf52	0.02459
C15orf53	0.016393
C15orf60	0.008197
C16orf52	0.008197
C16orf62	0.008197
C16orf71	0.008197
C16orf72	0.008197
C16orf89	0.008197
C16orf91	0.008197
C16orf96	0.016393
C17orf104	0.008197
C17orf105	0.008197
C17orf47	0.008197
C17orf66	0.016393
C17orf72	0.008197
C17orf74	0.008197
C17orf77	0.008197
C17orf80	0.016393
C18orf25	0.008197
C18orf63	0.016393
C19orf10	0.008197
C19orf18	0.016393
C19orf26	0.016393
C19orf38	0.008197
C19orf43	0.008197
C19orf45	0.008197
C19orf55	0.016393
C19orf60	0.008197
C19orf67	0.008197
C19orf68	0.008197
C19orf81	0.008197
C1GALT1	0.008197
C1QB	0.008197
C1QL2	0.008197
C1QTNF1	0.008197
C1QTNF5	0.008197
C1QTNF7	0.016393
C1S	0.008197
C1orf101	0.008197
C1orf106	0.032787
C1orf110	0.008197
C1orf112	0.016393
C1orf127	0.008197
C1orf141	0.008197
C1orf146	0.008197
C1orf147	0.016393
C1orf162	0.008197
C1orf167	0.008197
C1orf168	0.008197
C1orf170	0.008197
C1orf172	0.008197
C1orf173	0.016393
C1orf174	0.008197
C1orf185	0.016393
C1orf194	0.008197
C1orf216	0.016393
C1orf222	0.008197
C1orf228	0.016393
C1orf27	0.008197
C1orf43	0.008197
C1orf51	0.02459
C1orf52	0.008197
C1orf56	0.008197
C1orf61	0.016393
C1orf63	0.008197
C1orf65	0.008197
C1orf87	0.008197
C1orf95	0.02459
C2	0.008197
C20orf112	0.008197
C20orf194	0.008197
C20orf195	0.008197
C20orf26	0.02459
C20orf78	0.008197
C21orf33	0.016393
C22orf46	0.008197
C2CD2	0.008197
C2CD3	0.008197
C2CD4A	0.016393
C2CD4C	0.016393
C2CD5	0.016393
C2ORF15	0.008197
C2orf16	0.02459
C2orf42	0.008197
C2orf44	0.008197
C2orf53	0.008197
C2orf57	0.008197
C2orf70	0.008197
C2orf71	0.032787
C2orf73	0.008197
C2orf78	0.008197
C3	0.016393
C3orf14	0.008197
C3orf18	0.008197
C3orf20	0.032787
C3orf27	0.008197
C3orf49	0.016393
C3orf52	0.008197
C3orf55	0.008197
C3orf56	0.008197
C3orf62	0.008197
C3orf67	0.008197
C3orf70	0.016393
C3orf72	0.016393
C4BPA	0.008197
C4orf17	0.008197
C4orf21	0.032787
C4orf29	0.016393
C4orf40	0.016393
C4orf45	0.008197
C4orf47	0.008197
C4orf50	0.02459
C5	0.02459
C5AR1	0.02459
C5AR2	0.008197
C5orf17	0.008197
C5orf28	0.008197
C5orf30	0.008197
C5orf38	0.008197
C5orf42	0.016393
C5orf46	0.008197
C5orf47	0.008197
C6	0.016393
C6ORF165	0.008197
C6orf10	0.008197
C6orf118	0.016393
C6orf120	0.008197
C6orf132	0.04918
C6orf136	0.008197
C6orf201	0.008197
C6orf222	0.02459
C6orf223	0.008197
C6orf226	0.008197
C7	0.016393
C7orf10	0.008197
C7orf25	0.008197
C7orf33	0.008197
C7orf34	0.008197
C7orf41	0.008197
C7orf49	0.008197
C7orf55	0.008197
C7orf57	0.008197
C7orf63	0.016393
C7orf71	0.016393
C7orf72	0.008197
C8B	0.016393
C8orf22	0.008197
C8orf33	0.008197
C8orf34	0.016393
C8orf47	0.016393
C8orf74	0.008197
C8orf76	0.008197
C8orf82	0.008197
C9	0.032787
C9orf114	0.008197
C9orf152	0.008197
C9orf156	0.008197
C9orf170	0.008197
C9orf171	0.016393
C9orf172	0.016393
C9orf41	0.008197
C9orf43	0.008197
C9orf50	0.008197
C9orf57	0.008197
C9orf84	0.016393
C9orf89	0.008197
C9orf96	0.016393
CA1	0.008197
CA10	0.008197
CA11	0.008197
CA13	0.008197
CA2	0.016393
CA3	0.008197
CA4	0.008197
CA5A	0.008197
CA6	0.008197
CA8	0.008197
CA9	0.016393
CAB39L	0.008197
CABIN1	0.02459
CABLES2	0.008197
CABP1	0.008197
CABP4	0.008197
CABP5	0.008197
CABS1	0.016393
CABYR	0.008197
CACNA1A	0.040984
CACNA1B	0.016393
CACNA1C	0.008197
CACNA1D	0.008197
CACNA1E	0.065574
CACNA1F	0.016393
CACNA1G	0.02459
CACNA1H	0.016393
CACNA1I	0.008197
CACNA1S	0.032787
CACNA2D1	0.032787
CACNA2D2	0.008197
CACNA2D4	0.008197
CACNB2	0.008197
CACNB4	0.016393
CACNG2	0.008197
CACNG4	0.016393
CACNG5	0.008197
CACNG6	0.008197
CACNG7	0.016393
CACTIN	0.016393
CACUL1	0.016393
CAD	0.008197
CADM2	0.008197
CADM3	0.016393
CADM4	0.008197
CADPS	0.016393
CADPS2	0.016393
CAGE1	0.016393
CALB1	0.008197
CALCB	0.008197
CALCOCO2	0.008197
CALCR	0.008197
CALCRL	0.008197
CALD1	0.016393
CALHM2	0.008197
CALHM3	0.008197
CALML4	0.008197
CALML5	0.008197
CALML6	0.008197
CALN1	0.016393
CALR	0.016393
CALU	0.016393
CAMK1G	0.008197
CAMK2B	0.008197
CAMK2N1	0.008197
CAMK4	0.008197
CAMKMT	0.008197
CAMSAP1	0.016393
CAMSAP2	0.008197
CAMSAP3	0.008197
CAMTA1	0.040984
CAMTA2	0.008197
CAND1	0.008197
CAND2	0.008197
CANT1	0.008197
CANX	0.016393
CAP2	0.008197
CAPN11	0.008197
CAPN12	0.008197
CAPN13	0.008197
CAPN15	0.008197
CAPN2	0.008197
CAPN5	0.008197
CAPN8	0.008197
CAPN9	0.032787
CAPRIN2	0.008197
CAPS2	0.008197
CAPSL	0.008197
CARD10	0.008197
CARD11	0.016393
CARD14	0.016393
CARD16	0.008197
CARKD	0.016393
CARS2	0.008197
CASC5	0.016393
CASD1	0.02459
CASK	0.008197
CASKIN1	0.016393
CASKIN2	0.02459
CASP3	0.008197
CASP5	0.008197
CASP7	0.008197
CASQ1	0.016393
CASR	0.016393
CAST	0.008197
CASZ1	0.032787
CATSPER1	0.02459
CATSPER2	0.008197
CATSPERB	0.016393
CATSPERG	0.008197
CAV1	0.008197
CBFA2T2	0.008197
CBFA2T3	0.008197
CBFB	0.032787
CBL	0.008197
CBLC	0.008197
CBLN4	0.016393
CBR1	0.008197
CBS	0.008197
CBX1	0.008197
CBX3	0.016393
CBX4	0.008197
CBX5	0.008197
CBX6	0.008197
CBX8	0.008197
CC2D1A	0.008197
CC2D2A	0.008197
CCAR1	0.008197
CCAR2	0.008197
CCBL1	0.008197
CCDC101	0.016393
CCDC102B	0.016393
CCDC105	0.008197
CCDC108	0.040984
CCDC109B	0.008197
CCDC113	0.008197
CCDC116	0.008197
CCDC120	0.02459
CCDC124	0.008197
CCDC129	0.02459
CCDC13	0.008197
CCDC134	0.008197
CCDC135	0.032787
CCDC136	0.016393
CCDC138	0.02459
CCDC140	0.008197
CCDC141	0.032787
CCDC146	0.008197
CCDC147	0.016393
CCDC148	0.008197
CCDC149	0.008197
CCDC151	0.02459
CCDC152	0.008197
CCDC153	0.008197
CCDC154	0.008197
CCDC157	0.008197
CCDC158	0.032787
CCDC163P	0.008197
CCDC168	0.065574
CCDC17	0.008197
CCDC170	0.02459
CCDC171	0.008197
CCDC172	0.008197
CCDC173	0.008197
CCDC175	0.008197
CCDC178	0.032787
CCDC18	0.008197
CCDC180	0.016393
CCDC181	0.016393
CCDC22	0.008197
CCDC28A	0.02459
CCDC30	0.008197
CCDC33	0.016393
CCDC34	0.008197
CCDC39	0.016393
CCDC40	0.016393
CCDC42	0.008197
CCDC43	0.016393
CCDC53	0.008197
CCDC54	0.008197
CCDC57	0.02459
CCDC59	0.008197
CCDC6	0.008197
CCDC61	0.008197
CCDC62	0.016393
CCDC63	0.008197
CCDC64	0.016393
CCDC64B	0.008197
CCDC66	0.008197
CCDC69	0.008197
CCDC70	0.008197
CCDC71	0.008197
CCDC73	0.02459
CCDC74A	0.008197
CCDC77	0.008197
CCDC78	0.008197
CCDC79	0.008197
CCDC8	0.008197
CCDC82	0.008197
CCDC85A	0.008197
CCDC87	0.02459
CCDC88A	0.008197
CCDC88B	0.02459
CCDC88C	0.008197
CCDC9	0.008197
CCDC92	0.008197
CCDC93	0.008197
CCDC94	0.016393
CCER1	0.008197
CCIN	0.02459
CCKAR	0.016393
CCKBR	0.008197
CCL11	0.008197
CCL24	0.008197
CCL7	0.008197
CCNA1	0.008197
CCNB3	0.02459
CCND3	0.008197
CCNDBP1	0.016393
CCNE1	0.008197
CCNE2	0.008197
CCNF	0.008197
CCNI	0.008197
CCNI2	0.008197
CCNK	0.008197
CCNL1	0.016393
CCNL2	0.008197
CCNO	0.02459
CCNT1	0.016393
CCNY	0.008197
CCNYL1	0.008197
CCP110	0.008197
CCPG1	0.016393
CCR10	0.008197
CCR3	0.016393
CCR5	0.008197
CCR8	0.008197
CCS	0.008197
CCSER1	0.02459
CCSER2	0.008197
CCT2	0.016393
CCT3	0.016393
CCT4	0.008197
CCT5	0.008197
CCT6A	0.008197
CCT6B	0.008197
CCT7	0.016393
CCT8L2	0.016393
CCZ1	0.008197
CD109	0.016393
CD14	0.008197
CD151	0.008197
CD163L1	0.02459
CD180	0.008197
CD19	0.02459
CD1A	0.008197
CD1C	0.016393
CD1D	0.008197
CD1E	0.008197
CD2	0.008197
CD200	0.008197
CD207	0.016393
CD209	0.016393
CD22	0.016393
CD226	0.008197
CD247	0.008197
CD248	0.016393
CD276	0.016393
CD2BP2	0.008197
CD300A	0.008197
CD300C	0.016393
CD300E	0.008197
CD300LB	0.008197
CD300LD	0.016393
CD300LG	0.008197
CD34	0.016393
CD36	0.016393
CD48	0.008197
CD5L	0.02459
CD6	0.016393
CD63	0.008197
CD72	0.008197
CD74	0.008197
CD80	0.008197
CD83	0.008197
CD93	0.02459
CD96	0.008197
CDAN1	0.008197
CDC14A	0.008197
CDC16	0.008197
CDC20B	0.008197
CDC25A	0.008197
CDC25B	0.008197
CDC25C	0.008197
CDC42	0.008197
CDC42BPA	0.016393
CDC42BPB	0.016393
CDC42BPG	0.008197
CDC45	0.016393
CDC5L	0.02459
CDC7	0.016393
CDC73	0.008197
CDCA2	0.016393
CDCA7L	0.008197
CDCA8	0.016393
CDCP2	0.008197
CDH1	0.07377
CDH10	0.016393
CDH11	0.016393
CDH12	0.016393
CDH15	0.008197
CDH16	0.008197
CDH17	0.008197
CDH18	0.008197
CDH19	0.008197
CDH20	0.008197
CDH22	0.016393
CDH23	0.016393
CDH26	0.016393
CDH4	0.016393
CDH5	0.016393
CDH6	0.016393
CDH7	0.02459
CDH8	0.016393
CDH9	0.032787
CDHR1	0.008197
CDHR2	0.032787
CDHR3	0.02459
CDHR5	0.02459
CDIP1	0.008197
CDIPT	0.008197
CDK10	0.008197
CDK12	0.040984
CDK13	0.008197
CDK14	0.008197
CDK15	0.008197
CDK16	0.008197
CDK19	0.008197
CDK2AP1	0.008197
CDK5	0.008197
CDK5R1	0.008197
CDK5RAP1	0.016393
CDK5RAP2	0.016393
CDK5RAP3	0.016393
CDK7	0.008197
CDK9	0.008197
CDKAL1	0.008197
CDKL2	0.008197
CDKL3	0.016393
CDKL4	0.008197
CDKL5	0.008197
CDKN1B	0.016393
CDKN2A	0.016393
CDON	0.016393
CDR2	0.008197
CDR2L	0.02459
CDRT1	0.008197
CDS2	0.008197
CDSN	0.008197
CDT1	0.016393
CDX1	0.016393
CDX2	0.008197
CEACAM16	0.008197
CEACAM3	0.008197
CEACAM5	0.032787
CEACAM6	0.016393
CEBPA	0.008197
CEBPE	0.008197
CECR1	0.016393
CECR2	0.008197
CECR5	0.008197
CEL	0.008197
CELA2A	0.008197
CELA3A	0.008197
CELA3B	0.008197
CELF2	0.016393
CELF3	0.008197
CELF4	0.016393
CELF5	0.016393
CELSR1	0.008197
CELSR2	0.040984
CELSR3	0.02459
CEND1	0.008197
CENPB	0.008197
CENPE	0.02459
CENPF	0.04918
CENPI	0.008197
CENPJ	0.008197
CENPO	0.008197
CENPP	0.008197
CEP104	0.016393
CEP112	0.032787
CEP120	0.040984
CEP128	0.016393
CEP135	0.016393
CEP152	0.008197
CEP164	0.016393
CEP170	0.016393
CEP170B	0.016393
CEP192	0.02459
CEP250	0.040984
CEP290	0.016393
CEP350	0.032787
CEP41	0.008197
CEP72	0.02459
CEP78	0.008197
CEP85L	0.008197
CEP89	0.016393
CEP97	0.008197
CERCAM	0.016393
CES1	0.008197
CES2	0.016393
CETN1	0.008197
CETN3	0.008197
CETP	0.016393
CFH	0.02459
CFHR1	0.016393
CFHR2	0.02459
CFHR4	0.016393
CFHR5	0.008197
CFI	0.008197
CFLAR	0.008197
CFTR	0.016393
CGN	0.016393
CGNL1	0.008197
CGREF1	0.008197
CGRRF1	0.016393
CHAC1	0.016393
CHAD	0.016393
CHADL	0.008197
CHAF1A	0.016393
CHAT	0.02459
CHCHD4	0.008197
CHD1	0.008197
CHD1L	0.008197
CHD2	0.016393
CHD3	0.016393
CHD4	0.008197
CHD5	0.032787
CHD6	0.032787
CHD7	0.032787
CHD8	0.02459
CHD9	0.02459
CHDC2	0.008197
CHEK2	0.008197
CHFR	0.008197
CHGB	0.016393
CHI3L2	0.008197
CHIA	0.008197
CHL1	0.02459
CHM	0.02459
CHML	0.02459
CHMP1A	0.008197
CHMP2A	0.008197
CHMP3	0.016393
CHN2	0.008197
CHPF	0.008197
CHRAC1	0.016393
CHRD	0.016393
CHRDL1	0.02459
CHRDL2	0.008197
CHRM1	0.016393
CHRM2	0.008197
CHRM3	0.008197
CHRM5	0.008197
CHRNA1	0.016393
CHRNA2	0.008197
CHRNA3	0.02459
CHRNA4	0.008197
CHRNA5	0.008197
CHRNB2	0.02459
CHRNB3	0.016393
CHRND	0.008197
CHRNG	0.016393
CHST1	0.016393
CHST11	0.016393
CHST12	0.008197
CHST13	0.008197
CHST14	0.008197
CHST15	0.02459
CHST2	0.008197
CHST4	0.008197
CHST5	0.016393
CHST6	0.008197
CHST7	0.016393
CHST8	0.008197
CHST9	0.016393
CHSY3	0.02459
CHTF18	0.008197
CHTOP	0.008197
CHUK	0.008197
CIB3	0.008197
CIC	0.016393
CIDEA	0.008197
CIITA	0.008197
CILP	0.032787
CILP2	0.008197
CIR1	0.008197
CIRH1A	0.016393
CISH	0.008197
CIT	0.02459
CIZ1	0.008197
CKAP2	0.008197
CKAP2L	0.008197
CKAP4	0.008197
CKAP5	0.02459
CKB	0.008197
CKM	0.008197
CKMT2	0.016393
CLASP1	0.008197
CLASP2	0.016393
CLASRP	0.008197
CLCA1	0.02459
CLCA4	0.016393
CLCF1	0.008197
CLCN1	0.008197
CLCN2	0.016393
CLCN4	0.008197
CLCN5	0.016393
CLCN6	0.008197
CLCN7	0.016393
CLCNKA	0.016393
CLCNKB	0.008197
CLDN16	0.008197
CLDN17	0.016393
CLDN22	0.008197
CLDN5	0.008197
CLDND2	0.008197
CLEC11A	0.016393
CLEC14A	0.02459
CLEC16A	0.016393
CLEC17A	0.008197
CLEC1A	0.008197
CLEC3A	0.008197
CLEC4C	0.008197
CLEC4F	0.008197
CLEC4M	0.008197
CLECL1	0.008197
CLGN	0.008197
CLIC2	0.008197
CLIC3	0.008197
CLIC4	0.008197
CLIC5	0.016393
CLIC6	0.008197
CLIP1	0.008197
CLIP2	0.040984
CLIP4	0.008197
CLK1	0.016393
CLK2	0.008197
CLK4	0.008197
CLLU1OS	0.008197
CLMN	0.008197
CLN3	0.008197
CLNK	0.008197
CLOCK	0.016393
CLPB	0.008197
CLPSL2	0.008197
CLPTM1	0.008197
CLPTM1L	0.008197
CLPX	0.008197
CLRN2	0.008197
CLRN3	0.008197
CLSPN	0.008197
CLSTN2	0.016393
CLSTN3	0.008197
CLTB	0.008197
CLTC	0.032787
CLTCL1	0.02459
CLUH	0.016393
CLUL1	0.008197
CLVS1	0.008197
CLVS2	0.008197
CMAS	0.008197
CMKLR1	0.016393
CMTM3	0.008197
CMTR1	0.008197
CMYA5	0.04918
CNBD1	0.008197
CNBP	0.008197
CNDP1	0.016393
CNDP2	0.008197
CNGA1	0.008197
CNGA2	0.02459
CNGA3	0.02459
CNGA4	0.008197
CNGB1	0.016393
CNGB3	0.008197
CNIH3	0.008197
CNKSR1	0.008197
CNKSR2	0.02459
CNKSR3	0.008197
CNN1	0.016393
CNNM1	0.016393
CNNM2	0.008197
CNOT1	0.02459
CNOT10	0.008197
CNOT3	0.008197
CNOT4	0.016393
CNOT6	0.008197
CNOT6L	0.016393
CNP	0.008197
CNPPD1	0.016393
CNR1	0.016393
CNR2	0.016393
CNST	0.02459
CNTD2	0.008197
CNTLN	0.008197
CNTN1	0.008197
CNTN2	0.008197
CNTN3	0.02459
CNTN4	0.016393
CNTN5	0.016393
CNTN6	0.008197
CNTNAP1	0.016393
CNTNAP2	0.016393
CNTNAP3	0.008197
CNTNAP3B	0.008197
CNTNAP4	0.008197
CNTNAP5	0.040984
CNTRL	0.008197
CNTROB	0.008197
COASY	0.008197
COBL	0.016393
COBLL1	0.032787
COCH	0.008197
COG1	0.040984
COG2	0.008197
COG7	0.008197
COIL	0.008197
COL10A1	0.016393
COL11A1	0.02459
COL11A2	0.016393
COL12A1	0.040984
COL13A1	0.008197
COL14A1	0.040984
COL15A1	0.032787
COL16A1	0.016393
COL17A1	0.016393
COL18A1	0.040984
COL19A1	0.02459
COL1A1	0.016393
COL1A2	0.008197
COL20A1	0.04918
COL21A1	0.008197
COL22A1	0.02459
COL23A1	0.008197
COL24A1	0.016393
COL25A1	0.008197
COL27A1	0.02459
COL28A1	0.02459
COL2A1	0.02459
COL3A1	0.008197
COL4A1	0.032787
COL4A2	0.016393
COL4A3	0.032787
COL4A3BP	0.008197
COL4A4	0.040984
COL4A5	0.040984
COL4A6	0.008197
COL5A1	0.02459
COL5A2	0.008197
COL5A3	0.02459
COL6A1	0.016393
COL6A2	0.016393
COL6A3	0.008197
COL6A5	0.040984
COL6A6	0.04918
COL7A1	0.02459
COL8A1	0.008197
COL9A1	0.02459
COL9A2	0.008197
COL9A3	0.016393
COLCA2	0.016393
COLEC11	0.008197
COLEC12	0.008197
COLGALT1	0.008197
COLGALT2	0.008197
COLQ	0.016393
COMMD1	0.008197
COPA	0.02459
COPB1	0.02459
COPB2	0.008197
COPG1	0.008197
COPRS	0.008197
COPS5	0.008197
COPS7A	0.016393
CORIN	0.02459
CORO1A	0.016393
CORO1B	0.008197
CORO1C	0.008197
CORO7	0.008197
COTL1	0.008197
COX15	0.008197
COX5B	0.008197
COX6B1	0.008197
COX7C	0.008197
CP	0.02459
CPA4	0.016393
CPA5	0.008197
CPAMD8	0.032787
CPB2	0.008197
CPE	0.02459
CPEB1	0.016393
CPEB4	0.016393
CPED1	0.008197
CPLX1	0.008197
CPN2	0.016393
CPNE2	0.008197
CPNE4	0.008197
CPNE6	0.016393
CPNE7	0.008197
CPNE8	0.008197
CPNE9	0.008197
CPO	0.008197
CPS1	0.016393
CPSF1	0.032787
CPSF2	0.008197
CPT1A	0.008197
CPT1B	0.016393
CPT1C	0.008197
CPT2	0.008197
CPXCR1	0.016393
CPXM1	0.016393
CPZ	0.02459
CR1	0.016393
CR2	0.008197
CRAMP1L	0.008197
CRAT	0.008197
CRB1	0.040984
CRB2	0.032787
CREB3	0.008197
CREB3L1	0.008197
CREB3L3	0.008197
CREB5	0.008197
CREBBP	0.016393
CREBL2	0.008197
CREG1	0.008197
CREG2	0.008197
CRELD2	0.008197
CREM	0.008197
CRHBP	0.008197
CRHR1	0.008197
CRIM1	0.02459
CRIP2	0.016393
CRISP1	0.008197
CRISP2	0.016393
CRISPLD1	0.008197
CRK	0.02459
CRLF1	0.008197
CRLF3	0.016393
CRMP1	0.008197
CRNKL1	0.008197
CRNN	0.016393
CROCC	0.04918
CRP	0.008197
CRTAC1	0.008197
CRTC1	0.008197
CRTC2	0.008197
CRX	0.016393
CRY1	0.016393
CRY2	0.016393
CRYBA1	0.016393
CRYBA4	0.008197
CRYBB1	0.016393
CRYGB	0.008197
CRYGC	0.008197
CRYGD	0.008197
CRYL1	0.008197
CRYM	0.016393
CRYZ	0.016393
CSDE1	0.02459
CSF1R	0.02459
CSF2RB	0.016393
CSF3R	0.016393
CSGALNACT2	0.016393
CSH1	0.008197
CSH2	0.008197
CSHL1	0.008197
CSMD1	0.040984
CSMD2	0.016393
CSMD3	0.04918
CSN2	0.008197
CSN3	0.008197
CSNK1A1	0.016393
CSNK1A1L	0.02459
CSNK2A1	0.008197
CSNK2A3	0.008197
CSNK2B	0.016393
CSPG4	0.008197
CSPP1	0.02459
CSRNP1	0.008197
CSRNP3	0.02459
CSRP2BP	0.016393
CSRP3	0.008197
CST11	0.008197
CST4	0.008197
CSTF1	0.008197
CSTF2	0.008197
CSTF2T	0.008197
CT47B1	0.008197
CTAG2	0.008197
CTAGE1	0.008197
CTAGE5	0.008197
CTAGE6	0.008197
CTAGE9	0.008197
CTB-58E17.5	0.008197
CTBP2	0.016393
CTC-260F20.3	0.008197
CTC-534A2.2	0.008197
CTC1	0.02459
CTCF	0.02459
CTCFL	0.008197
CTD-2616J11.4	0.008197
CTD-3088G3.8	0.016393
CTD-3148I10.1	0.008197
CTDNEP1	0.016393
CTDP1	0.008197
CTDSPL	0.016393
CTDSPL2	0.008197
CTF1	0.008197
CTGF	0.008197
CTNNA2	0.032787
CTNNAL1	0.008197
CTNNB1	0.016393
CTNNBL1	0.008197
CTNND2	0.008197
CTPS2	0.008197
CTR9	0.016393
CTRB2	0.008197
CTSB	0.008197
CTSD	0.008197
CTSG	0.008197
CTSH	0.008197
CTSO	0.016393
CTSS	0.008197
CTTN	0.02459
CTTNBP2	0.032787
CTTNBP2NL	0.008197
CTU1	0.008197
CUBN	0.032787
CUEDC1	0.008197
CUL2	0.008197
CUL3	0.008197
CUL4B	0.040984
CUL5	0.016393
CUL7	0.016393
CUL9	0.016393
CUX1	0.008197
CUX2	0.032787
CUZD1	0.016393
CWC22	0.008197
CWC25	0.016393
CWC27	0.016393
CWF19L2	0.016393
CX3CL1	0.008197
CXADR	0.008197
CXCL5	0.008197
CXCR1	0.008197
CXCR3	0.008197
CXCR4	0.008197
CXXC11	0.008197
CXorf23	0.02459
CXorf27	0.008197
CXorf30	0.008197
CXorf36	0.008197
CXorf38	0.008197
CXorf57	0.008197
CXorf64	0.008197
CXorf66	0.016393
CXorf67	0.008197
CYB561A3	0.008197
CYB5R4	0.008197
CYBA	0.008197
CYBB	0.008197
CYBRD1	0.008197
CYFIP2	0.008197
CYLC1	0.008197
CYLC2	0.008197
CYLD	0.008197
CYP11A1	0.008197
CYP11B2	0.008197
CYP19A1	0.008197
CYP1A1	0.016393
CYP1A2	0.008197
CYP21A2	0.008197
CYP24A1	0.008197
CYP26B1	0.016393
CYP27A1	0.008197
CYP27B1	0.016393
CYP2A6	0.008197
CYP2A7	0.016393
CYP2B6	0.016393
CYP2C18	0.008197
CYP2C19	0.016393
CYP2C8	0.008197
CYP2C9	0.008197
CYP2D6	0.008197
CYP2E1	0.008197
CYP2J2	0.008197
CYP2S1	0.008197
CYP2W1	0.008197
CYP3A4	0.008197
CYP3A43	0.02459
CYP3A5	0.008197
CYP46A1	0.016393
CYP4A22	0.008197
CYP4F2	0.008197
CYP4V2	0.016393
CYP4X1	0.008197
CYP4Z1	0.008197
CYP51A1	0.008197
CYP7A1	0.016393
CYP7B1	0.008197
CYP8B1	0.008197
CYR61	0.008197
CYSLTR2	0.016393
CYTH4	0.008197
CYTIP	0.016393
CYYR1	0.008197
DAAM1	0.016393
DAAM2	0.008197
DAB1	0.02459
DAB2	0.016393
DACH2	0.02459
DACT1	0.008197
DACT2	0.02459
DACT3	0.008197
DAGLA	0.008197
DALRD3	0.008197
DAOA	0.008197
DAP3	0.016393
DAPK1	0.02459
DAPK2	0.008197
DAPK3	0.008197
DAXX	0.008197
DAZAP1	0.008197
DBF4B	0.008197
DBH	0.008197
DBNDD2	0.008197
DBR1	0.008197
DBX1	0.008197
DCAF12	0.008197
DCAF12L1	0.008197
DCAF12L2	0.008197
DCAF13	0.02459
DCAF16	0.008197
DCAF4L1	0.008197
DCAF4L2	0.008197
DCAF5	0.008197
DCAF6	0.008197
DCAF8	0.016393
DCAF8L1	0.008197
DCAF8L2	0.02459
DCC	0.016393
DCDC1	0.02459
DCDC2	0.016393
DCHS1	0.040984
DCHS2	0.032787
DCLK1	0.016393
DCLK2	0.02459
DCLK3	0.008197
DCLRE1A	0.008197
DCLRE1B	0.008197
DCLRE1C	0.008197
DCN	0.008197
DCP1B	0.008197
DCST1	0.032787
DCST2	0.016393
DCTN1	0.02459
DCTN4	0.008197
DCTPP1	0.008197
DCUN1D2	0.008197
DCUN1D5	0.008197
DCX	0.016393
DCXR	0.008197
DDB1	0.016393
DDB2	0.016393
DDC	0.032787
DDC8	0.008197
DDHD1	0.008197
DDHD2	0.008197
DDI1	0.008197
DDI2	0.008197
DDN	0.008197
DDO	0.008197
DDOST	0.016393
DDR1	0.02459
DDR2	0.008197
DDRGK1	0.008197
DDX11	0.008197
DDX18	0.016393
DDX20	0.008197
DDX21	0.016393
DDX23	0.008197
DDX26B	0.032787
DDX27	0.008197
DDX39A	0.008197
DDX3X	0.008197
DDX4	0.016393
DDX41	0.008197
DDX42	0.04918
DDX43	0.008197
DDX46	0.008197
DDX49	0.008197
DDX50	0.02459
DDX51	0.008197
DDX52	0.008197
DDX53	0.008197
DDX54	0.008197
DDX59	0.008197
DDX60	0.016393
DEAF1	0.008197
DECR2	0.008197
DEDD	0.008197
DEDD2	0.016393
DEF6	0.016393
DEF8	0.008197
DEFB110	0.008197
DEFB114	0.008197
DEFB115	0.008197
DEFB119	0.008197
DEFB125	0.008197
DEFB129	0.008197
DENND1C	0.016393
DENND2A	0.02459
DENND4A	0.008197
DENND4B	0.02459
DENND4C	0.02459
DENND5A	0.02459
DENND5B	0.02459
DENND6A	0.008197
DEPDC1	0.02459
DEPDC4	0.008197
DEPDC5	0.016393
DEPTOR	0.008197
DERL1	0.008197
DES	0.008197
DET1	0.008197
DFFA	0.016393
DFFB	0.008197
DFNB31	0.008197
DFNB59	0.008197
DGAT2L6	0.008197
DGCR14	0.016393
DGCR2	0.016393
DGCR6	0.008197
DGCR6L	0.016393
DGCR8	0.008197
DGKA	0.016393
DGKB	0.02459
DGKD	0.016393
DGKG	0.016393
DGKI	0.016393
DGKQ	0.032787
DGKZ	0.008197
DGUOK	0.008197
DHCR7	0.008197
DHDDS	0.008197
DHDH	0.008197
DHODH	0.008197
DHRS1	0.008197
DHRS12	0.008197
DHRS4	0.008197
DHRS4L2	0.008197
DHRS7C	0.016393
DHTKD1	0.016393
DHX15	0.016393
DHX16	0.016393
DHX29	0.008197
DHX30	0.008197
DHX32	0.008197
DHX34	0.016393
DHX35	0.008197
DHX37	0.008197
DHX38	0.008197
DHX40	0.008197
DHX57	0.008197
DHX58	0.008197
DHX8	0.02459
DHX9	0.008197
DIAPH1	0.008197
DIAPH2	0.02459
DICER1	0.008197
DIDO1	0.016393
DIO2	0.008197
DIO3	0.008197
DIP2A	0.02459
DIP2B	0.016393
DIP2C	0.016393
DIS3	0.008197
DIS3L	0.008197
DIS3L2	0.008197
DISC1	0.016393
DISP1	0.02459
DISP2	0.02459
DKC1	0.008197
DKK1	0.016393
DKK2	0.016393
DKK3	0.008197
DKKL1	0.008197
DLAT	0.008197
DLC1	0.016393
DLD	0.008197
DLEC1	0.016393
DLEU1	0.008197
DLEU7	0.008197
DLG2	0.016393
DLG3	0.016393
DLG4	0.016393
DLG5	0.032787
DLGAP1	0.040984
DLGAP2	0.016393
DLGAP3	0.016393
DLGAP4	0.016393
DLGAP5	0.016393
DLK1	0.008197
DLK2	0.008197
DLL1	0.02459
DLL4	0.008197
DLST	0.008197
DLX5	0.016393
DLX6	0.008197
DMAP1	0.008197
DMBT1	0.04918
DMBX1	0.016393
DMC1	0.016393
DMD	0.02459
DMGDH	0.008197
DMP1	0.008197
DMRT1	0.008197
DMRTA2	0.008197
DMRTB1	0.016393
DMRTC2	0.02459
DMTF1	0.008197
DMTN	0.016393
DMXL1	0.040984
DMXL2	0.040984
DNA2	0.008197
DNAAF1	0.02459
DNAAF2	0.032787
DNAH1	0.04918
DNAH10	0.02459
DNAH11	0.07377
DNAH12	0.016393
DNAH14	0.04918
DNAH17	0.057377
DNAH2	0.016393
DNAH3	0.04918
DNAH5	0.040984
DNAH6	0.032787
DNAH7	0.04918
DNAH8	0.02459
DNAH9	0.07377
DNAI1	0.008197
DNAI2	0.02459
DNAJA1	0.008197
DNAJB12	0.008197
DNAJB13	0.008197
DNAJB2	0.008197
DNAJB4	0.008197
DNAJB5	0.016393
DNAJC1	0.008197
DNAJC11	0.008197
DNAJC13	0.040984
DNAJC14	0.008197
DNAJC17	0.008197
DNAJC18	0.008197
DNAJC2	0.02459
DNAJC21	0.016393
DNAJC22	0.008197
DNAJC25	0.008197
DNAJC27	0.008197
DNAJC28	0.008197
DNAJC30	0.008197
DNAJC5	0.008197
DNAJC6	0.016393
DNAJC7	0.016393
DNAL1	0.008197
DNASE1	0.008197
DNASE1L1	0.008197
DNASE1L2	0.008197
DNASE1L3	0.008197
DNASE2B	0.008197
DND1	0.008197
DNHD1	0.04918
DNM1	0.016393
DNM1L	0.016393
DNM2	0.016393
DNM3	0.008197
DNMT1	0.016393
DNMT3A	0.02459
DNMT3L	0.016393
DNPEP	0.008197
DNTT	0.008197
DNTTIP1	0.008197
DNTTIP2	0.016393
DOCK1	0.032787
DOCK10	0.02459
DOCK11	0.016393
DOCK2	0.02459
DOCK3	0.008197
DOCK4	0.008197
DOCK5	0.04918
DOCK6	0.057377
DOCK7	0.02459
DOCK8	0.02459
DOCK9	0.016393
DOK4	0.008197
DOK6	0.008197
DOK7	0.008197
DONSON	0.008197
DOPEY1	0.040984
DOPEY2	0.040984
DOT1L	0.040984
DPAGT1	0.016393
DPCD	0.008197
DPCR1	0.032787
DPEP1	0.016393
DPEP2	0.008197
DPEP3	0.02459
DPF1	0.008197
DPH2	0.008197
DPH7	0.008197
DPM3	0.008197
DPP10	0.008197
DPP3	0.016393
DPP4	0.008197
DPP6	0.016393
DPP7	0.016393
DPP8	0.008197
DPP9	0.008197
DPPA3	0.008197
DPPA4	0.008197
DPRX	0.008197
DPY19L1	0.016393
DPYD	0.008197
DPYS	0.016393
DPYSL3	0.008197
DPYSL5	0.02459
DRAM2	0.016393
DRAXIN	0.008197
DRC1	0.008197
DRD3	0.008197
DRD4	0.008197
DRD5	0.016393
DRGX	0.016393
DROSHA	0.008197
DRP2	0.016393
DSC2	0.016393
DSC3	0.008197
DSCAM	0.02459
DSCAML1	0.016393
DSCC1	0.016393
DSE	0.008197
DSEL	0.008197
DSG1	0.016393
DSG2	0.016393
DSG3	0.008197
DSG4	0.016393
DSP	0.02459
DSPP	0.040984
DST	0.07377
DSTYK	0.008197
DTD1	0.008197
DTD2	0.008197
DTHD1	0.016393
DTNA	0.008197
DTNB	0.016393
DTX1	0.016393
DTX3L	0.008197
DTX4	0.008197
DTYMK	0.008197
DUOX1	0.008197
DUOX2	0.02459
DUOXA1	0.016393
DUS1L	0.008197
DUS3L	0.02459
DUSP10	0.008197
DUSP11	0.016393
DUSP13	0.008197
DUSP15	0.008197
DUSP16	0.008197
DUSP23	0.008197
DUSP27	0.02459
DUSP4	0.008197
DUSP7	0.008197
DUSP8	0.008197
DUT	0.008197
DVL1	0.008197
DVL2	0.008197
DYDC1	0.008197
DYM	0.02459
DYNC1H1	0.032787
DYNC1I1	0.008197
DYNC1I2	0.008197
DYNC1LI2	0.016393
DYNC2H1	0.016393
DYNLRB1	0.008197
DYRK2	0.008197
DYRK3	0.008197
DYRK4	0.008197
DYSF	0.016393
DZANK1	0.016393
DZIP1	0.016393
DZIP1L	0.016393
DZIP3	0.016393
E2F1	0.008197
E2F4	0.008197
E2F5	0.008197
E2F6	0.02459
E2F7	0.016393
E2F8	0.008197
E4F1	0.008197
EARS2	0.008197
EBF1	0.016393
EBF2	0.008197
EBF3	0.016393
EBLN1	0.016393
EBLN2	0.008197
ECD	0.008197
ECE1	0.008197
ECE2	0.032787
ECEL1	0.016393
ECH1	0.016393
ECSIT	0.008197
ECT2L	0.008197
EDA2R	0.008197
EDC4	0.016393
EDEM1	0.008197
EDEM3	0.02459
EDIL3	0.016393
EDN3	0.016393
EEA1	0.008197
EEF1A1	0.008197
EEF1A2	0.008197
EEFSEC	0.008197
EFCAB13	0.008197
EFCAB14	0.008197
EFCAB3	0.008197
EFCAB4B	0.008197
EFCAB5	0.02459
EFCAB6	0.008197
EFCC1	0.008197
EFHB	0.008197
EFHC1	0.008197
EFHD1	0.008197
EFNA1	0.008197
EFNA3	0.008197
EFNB3	0.016393
EFR3B	0.008197
EFS	0.008197
EFTUD1	0.016393
EGF	0.02459
EGFL7	0.008197
EGFLAM	0.040984
EGFR	0.02459
EGR2	0.008197
EGR4	0.016393
EHBP1	0.032787
EHBP1L1	0.032787
EHD3	0.016393
EHD4	0.008197
EHF	0.008197
EHMT1	0.02459
EHMT2	0.008197
EIF1AX	0.008197
EIF2A	0.008197
EIF2AK2	0.008197
EIF2AK3	0.02459
EIF2AK4	0.02459
EIF2B5	0.008197
EIF2S1	0.008197
EIF2S3	0.016393
EIF3A	0.008197
EIF3B	0.008197
EIF3D	0.008197
EIF3H	0.008197
EIF3I	0.008197
EIF3K	0.008197
EIF3L	0.008197
EIF4A1	0.008197
EIF4A2	0.016393
EIF4E	0.008197
EIF4E1B	0.008197
EIF4EBP2	0.008197
EIF4ENIF1	0.008197
EIF4G1	0.02459
EIF4G3	0.016393
EIF5	0.008197
EIF5A	0.008197
EIF5B	0.008197
ELAC1	0.008197
ELANE	0.008197
ELAVL3	0.008197
ELAVL4	0.008197
ELF1	0.016393
ELF2	0.016393
ELFN1	0.016393
ELK4	0.008197
ELL2	0.008197
ELL3	0.008197
ELMO1	0.008197
ELMO3	0.008197
ELMOD1	0.008197
ELMSAN1	0.008197
ELN	0.02459
ELOF1	0.008197
ELOVL1	0.008197
ELOVL2	0.016393
ELP2	0.008197
ELTD1	0.008197
EMB	0.008197
EMC3	0.02459
EMC7	0.008197
EMID1	0.008197
EMILIN1	0.032787
EMILIN2	0.016393
EMILIN3	0.008197
EML1	0.008197
EML2	0.02459
EML3	0.008197
EML5	0.02459
EML6	0.016393
EMP3	0.008197
EMR1	0.008197
EMR3	0.008197
EMX1	0.008197
EMX2	0.008197
EN1	0.016393
ENAH	0.032787
ENAM	0.016393
ENDOD1	0.016393
ENDOU	0.008197
ENG	0.016393
ENGASE	0.008197
ENKD1	0.008197
ENO1	0.008197
ENO2	0.008197
ENO3	0.008197
ENOSF1	0.008197
ENOX1	0.016393
ENOX2	0.008197
ENPEP	0.016393
ENPP2	0.016393
ENPP4	0.008197
ENPP6	0.008197
ENPP7	0.016393
ENTHD1	0.008197
ENTHD2	0.008197
ENTPD2	0.008197
ENTPD4	0.008197
ENTPD6	0.008197
ENTPD8	0.008197
ENY2	0.008197
EP300	0.016393
EP400	0.04918
EPAS1	0.008197
EPB41	0.016393
EPB41L1	0.02459
EPB41L2	0.008197
EPB41L3	0.008197
EPB41L4B	0.016393
EPB41L5	0.008197
EPB42	0.008197
EPC1	0.008197
EPC2	0.032787
EPCAM	0.008197
EPDR1	0.008197
EPG5	0.016393
EPHA1	0.008197
EPHA10	0.016393
EPHA2	0.008197
EPHA3	0.016393
EPHA5	0.02459
EPHA6	0.016393
EPHA7	0.008197
EPHA8	0.016393
EPHB1	0.032787
EPHB2	0.016393
EPHB3	0.008197
EPHB4	0.032787
EPHB6	0.008197
EPHX1	0.008197
EPHX2	0.008197
EPHX4	0.008197
EPM2A	0.008197
EPN1	0.016393
EPN2	0.008197
EPN3	0.016393
EPOR	0.008197
EPPK1	0.02459
EPS15L1	0.008197
EPS8	0.008197
EPS8L1	0.016393
EPSTI1	0.008197
EPT1	0.008197
EPX	0.016393
EPYC	0.008197
ERAP1	0.032787
ERAP2	0.008197
ERAS	0.008197
ERBB2	0.02459
ERBB2IP	0.016393
ERBB3	0.02459
ERBB4	0.02459
ERC2	0.016393
ERCC2	0.016393
ERCC3	0.008197
ERCC4	0.016393
ERCC5	0.008197
ERCC6	0.02459
ERCC6L	0.008197
ERCC6L2	0.02459
ERF	0.008197
ERG	0.016393
ERICH1	0.008197
ERLIN2	0.008197
ERN2	0.008197
ERP44	0.008197
ERV3-1	0.008197
ERVFRD-1	0.008197
ERVMER34-1	0.008197
ERVV-2	0.016393
ERVW-1	0.016393
ESCO1	0.016393
ESCO2	0.008197
ESM1	0.008197
ESPL1	0.008197
ESPN	0.02459
ESPNL	0.02459
ESR1	0.008197
ESRP1	0.016393
ESRRG	0.008197
ESX1	0.008197
ESYT2	0.008197
ESYT3	0.016393
ETNPPL	0.016393
ETV1	0.008197
ETV3	0.02459
ETV3L	0.016393
ETV7	0.008197
EVA1C	0.02459
EVC	0.032787
EVC2	0.016393
EVI2A	0.008197
EVI5	0.008197
EVI5L	0.02459
EVL	0.008197
EVPL	0.032787
EVPLL	0.02459
EWSR1	0.008197
EXD1	0.008197
EXD2	0.008197
EXO1	0.008197
EXOC1	0.008197
EXOC2	0.008197
EXOC3L1	0.032787
EXOC3L4	0.008197
EXOC5	0.016393
EXOC6	0.008197
EXOC6B	0.008197
EXOC7	0.008197
EXOG	0.008197
EXOSC10	0.008197
EXOSC3	0.008197
EXOSC4	0.008197
EXOSC6	0.008197
EXOSC7	0.008197
EXPH5	0.040984
EXT1	0.02459
EXTL1	0.016393
EXTL3	0.016393
EYA1	0.008197
EYA2	0.02459
EYA4	0.008197
EYS	0.008197
EZH1	0.008197
EZR	0.016393
F11	0.02459
F12	0.008197
F13A1	0.016393
F13B	0.008197
F2	0.008197
F2RL1	0.008197
F2RL3	0.016393
F5	0.008197
F7	0.008197
F8	0.02459
F9	0.032787
FA2H	0.008197
FAAH2	0.008197
FABP1	0.008197
FABP12	0.008197
FADD	0.008197
FADS1	0.008197
FADS3	0.008197
FADS6	0.008197
FAF1	0.008197
FAHD2A	0.008197
FAHD2B	0.008197
FAIM2	0.008197
FAIM3	0.016393
FAM102A	0.008197
FAM102B	0.008197
FAM104A	0.008197
FAM104B	0.008197
FAM105A	0.008197
FAM107A	0.008197
FAM107B	0.016393
FAM111A	0.008197
FAM114A2	0.008197
FAM118A	0.008197
FAM120A	0.02459
FAM120C	0.02459
FAM126A	0.02459
FAM129A	0.016393
FAM129B	0.008197
FAM129C	0.008197
FAM132B	0.008197
FAM134B	0.008197
FAM135B	0.02459
FAM13A	0.008197
FAM13B	0.008197
FAM13C	0.008197
FAM149B1	0.008197
FAM155A	0.008197
FAM155B	0.008197
FAM160A1	0.02459
FAM160A2	0.02459
FAM160B1	0.008197
FAM161A	0.008197
FAM162A	0.008197
FAM163A	0.008197
FAM166A	0.008197
FAM166B	0.016393
FAM167B	0.008197
FAM168B	0.008197
FAM170B	0.016393
FAM171A1	0.016393
FAM173A	0.008197
FAM177B	0.008197
FAM178A	0.008197
FAM178B	0.02459
FAM179B	0.02459
FAM181B	0.008197
FAM184A	0.008197
FAM184B	0.016393
FAM185A	0.008197
FAM186A	0.016393
FAM186B	0.02459
FAM188A	0.008197
FAM188B	0.016393
FAM189A1	0.016393
FAM189A2	0.008197
FAM189B	0.016393
FAM192A	0.008197
FAM193A	0.02459
FAM193B	0.016393
FAM194A	0.016393
FAM195B	0.008197
FAM196A	0.016393
FAM200A	0.016393
FAM200B	0.02459
FAM205A	0.016393
FAM208A	0.008197
FAM208B	0.016393
FAM209A	0.008197
FAM209B	0.008197
FAM210A	0.008197
FAM214A	0.008197
FAM215A	0.016393
FAM216B	0.008197
FAM217B	0.008197
FAM219B	0.008197
FAM21C	0.008197
FAM221B	0.008197
FAM222A	0.008197
FAM227A	0.008197
FAM227B	0.008197
FAM228A	0.02459
FAM228B	0.008197
FAM229A	0.008197
FAM26D	0.008197
FAM26F	0.008197
FAM3D	0.008197
FAM43A	0.008197
FAM46C	0.008197
FAM46D	0.008197
FAM47A	0.040984
FAM47B	0.016393
FAM47C	0.032787
FAM47E	0.008197
FAM49A	0.008197
FAM50A	0.008197
FAM50B	0.016393
FAM53B	0.008197
FAM53C	0.008197
FAM58A	0.008197
FAM63B	0.008197
FAM65B	0.02459
FAM65C	0.008197
FAM69A	0.016393
FAM71A	0.008197
FAM71B	0.008197
FAM71E1	0.008197
FAM71E2	0.02459
FAM73B	0.008197
FAM81B	0.008197
FAM83A	0.008197
FAM83B	0.02459
FAM83C	0.008197
FAM83D	0.016393
FAM83E	0.008197
FAM83F	0.008197
FAM83H	0.016393
FAM84A	0.008197
FAM84B	0.016393
FAM86C1	0.008197
FAM89A	0.008197
FAM8A1	0.008197
FAM90A1	0.008197
FAM91A1	0.008197
FAM98A	0.016393
FAM9A	0.016393
FAM9B	0.008197
FAM9C	0.016393
FAN1	0.016393
FANCB	0.008197
FANCC	0.016393
FANCD2	0.016393
FANCD2OS	0.008197
FANCE	0.016393
FANCG	0.008197
FANCI	0.008197
FANCM	0.032787
FAP	0.016393
FAR1	0.016393
FARP1	0.008197
FARP2	0.008197
FASLG	0.008197
FASN	0.016393
FASTKD2	0.008197
FAT1	0.032787
FAT2	0.065574
FAT3	0.057377
FAT4	0.057377
FAXC	0.008197
FBF1	0.016393
FBL	0.016393
FBLIM1	0.008197
FBLN1	0.008197
FBLN2	0.016393
FBLN7	0.008197
FBN1	0.02459
FBN2	0.02459
FBN3	0.016393
FBRS	0.008197
FBRSL1	0.02459
FBXL16	0.016393
FBXL18	0.016393
FBXL19	0.008197
FBXL2	0.008197
FBXL3	0.008197
FBXL4	0.016393
FBXL5	0.008197
FBXO11	0.016393
FBXO16	0.008197
FBXO18	0.008197
FBXO21	0.016393
FBXO28	0.016393
FBXO3	0.008197
FBXO34	0.008197
FBXO38	0.008197
FBXO39	0.008197
FBXO4	0.008197
FBXO40	0.008197
FBXO41	0.016393
FBXO43	0.008197
FBXO44	0.008197
FBXO46	0.016393
FBXO47	0.016393
FBXO7	0.008197
FBXO8	0.008197
FBXO9	0.016393
FBXW10	0.008197
FBXW11	0.008197
FBXW5	0.016393
FBXW7	0.02459
FBXW8	0.016393
FCAMR	0.016393
FCAR	0.016393
FCER1A	0.016393
FCER2	0.008197
FCGBP	0.02459
FCGR1B	0.008197
FCGR2A	0.008197
FCHO1	0.008197
FCHSD1	0.008197
FCHSD2	0.008197
FCN2	0.016393
FCRL1	0.008197
FCRL2	0.008197
FCRL3	0.02459
FCRL4	0.008197
FCRL5	0.02459
FCRL6	0.016393
FCRLA	0.008197
FCRLB	0.008197
FDPS	0.008197
FEM1C	0.02459
FEN1	0.008197
FER1L6	0.016393
FERMT2	0.008197
FES	0.016393
FETUB	0.016393
FEV	0.008197
FEZF1	0.008197
FEZF2	0.008197
FFAR3	0.008197
FFAR4	0.008197
FGA	0.016393
FGB	0.008197
FGD1	0.02459
FGD3	0.008197
FGD5	0.008197
FGD6	0.008197
FGF10	0.008197
FGF11	0.008197
FGF13	0.008197
FGF14	0.016393
FGF23	0.016393
FGF5	0.008197
FGFBP1	0.008197
FGFBP2	0.008197
FGFR4	0.016393
FGG	0.008197
FGL1	0.008197
FGL2	0.008197
FH	0.016393
FHAD1	0.02459
FHDC1	0.032787
FHL2	0.016393
FHL5	0.016393
FHOD1	0.008197
FHOD3	0.016393
FIBP	0.008197
FICD	0.008197
FIGN	0.016393
FILIP1	0.032787
FILIP1L	0.008197
FIP1L1	0.016393
FITM2	0.02459
FIZ1	0.008197
FKBP15	0.008197
FKBP1C	0.008197
FKBP4	0.008197
FKTN	0.008197
FLAD1	0.008197
FLG	0.098361
FLG2	0.02459
FLJ45079	0.008197
FLNA	0.016393
FLNB	0.02459
FLNC	0.04918
FLOT1	0.02459
FLOT2	0.008197
FLRT2	0.02459
FLT1	0.040984
FLT3	0.016393
FLT3LG	0.02459
FLT4	0.008197
FLVCR1	0.016393
FLYWCH1	0.008197
FMN1	0.008197
FMN2	0.04918
FMNL1	0.008197
FMNL3	0.008197
FMO1	0.016393
FMO2	0.008197
FMO3	0.016393
FMO4	0.016393
FMOD	0.016393
FMR1	0.008197
FMR1NB	0.008197
FN1	0.016393
FN3KRP	0.008197
FNBP1	0.016393
FNDC1	0.008197
FNDC3B	0.008197
FNDC4	0.008197
FNDC7	0.008197
FNIP1	0.008197
FNIP2	0.02459
FNTA	0.008197
FNTB	0.008197
FOLH1	0.016393
FOLR3	0.008197
FOXA1	0.04918
FOXA2	0.02459
FOXD2	0.008197
FOXD4	0.016393
FOXG1	0.016393
FOXI1	0.008197
FOXJ1	0.008197
FOXJ3	0.032787
FOXK1	0.008197
FOXK2	0.008197
FOXL1	0.008197
FOXL2	0.016393
FOXM1	0.008197
FOXN2	0.008197
FOXN3	0.008197
FOXN4	0.008197
FOXO3	0.008197
FOXO4	0.008197
FOXO6	0.016393
FOXP3	0.016393
FOXP4	0.008197
FOXR2	0.008197
FOXRED2	0.008197
FOXS1	0.008197
FPGS	0.008197
FPR1	0.008197
FPR3	0.008197
FRAS1	0.04918
FREM1	0.032787
FREM2	0.065574
FREM3	0.016393
FRMD1	0.02459
FRMD3	0.008197
FRMD4A	0.016393
FRMD5	0.008197
FRMD8	0.008197
FRMPD1	0.02459
FRMPD2	0.008197
FRMPD3	0.008197
FRMPD4	0.016393
FRS2	0.008197
FRY	0.032787
FRYL	0.032787
FSCN1	0.02459
FSCN3	0.016393
FSD1	0.008197
FSD2	0.008197
FSIP1	0.016393
FSIP2	0.07377
FST	0.008197
FSTL5	0.02459
FTCD	0.008197
FTHL17	0.008197
FTSJ3	0.008197
FUBP1	0.016393
FUCA2	0.008197
FUOM	0.008197
FURIN	0.016393
FUT11	0.016393
FUT6	0.008197
FUT7	0.008197
FUT8	0.008197
FUT9	0.008197
FXR2	0.016393
FXYD5	0.008197
FYB	0.016393
FYCO1	0.016393
FYN	0.008197
FZD1	0.008197
FZD10	0.008197
FZD2	0.02459
FZD3	0.008197
FZD8	0.008197
FZD9	0.016393
FZR1	0.016393
G0S2	0.008197
G3BP2	0.008197
GAA	0.02459
GAB2	0.008197
GABBR1	0.008197
GABBR2	0.016393
GABPB1	0.008197
GABRA1	0.016393
GABRA2	0.016393
GABRA3	0.008197
GABRA4	0.008197
GABRA5	0.008197
GABRA6	0.008197
GABRB1	0.02459
GABRB2	0.016393
GABRB3	0.008197
GABRE	0.02459
GABRG2	0.008197
GABRG3	0.02459
GABRP	0.016393
GABRQ	0.016393
GABRR1	0.008197
GABRR2	0.008197
GADL1	0.008197
GAK	0.008197
GAL3ST1	0.008197
GAL3ST4	0.008197
GALM	0.008197
GALNS	0.02459
GALNT1	0.008197
GALNT12	0.016393
GALNT13	0.008197
GALNT14	0.008197
GALNT15	0.016393
GALNT16	0.008197
GALNT18	0.008197
GALNT2	0.032787
GALNT5	0.016393
GALNT6	0.008197
GALNT8	0.016393
GALNT9	0.008197
GALNTL5	0.016393
GALNTL6	0.008197
GALR1	0.016393
GALR2	0.016393
GALR3	0.008197
GAMT	0.016393
GAN	0.008197
GANAB	0.016393
GANC	0.008197
GAP43	0.008197
GAPDH	0.008197
GAPDHS	0.008197
GAPT	0.008197
GAPVD1	0.016393
GAREML	0.016393
GART	0.016393
GAS2L1	0.008197
GAS2L2	0.016393
GAS6	0.008197
GAS7	0.008197
GAS8	0.008197
GATA1	0.016393
GATA2	0.008197
GATA3	0.065574
GATA6	0.008197
GATAD2B	0.008197
GATM	0.008197
GATSL3	0.008197
GBA	0.008197
GBF1	0.008197
GBGT1	0.016393
GBP1	0.02459
GBP5	0.008197
GBX1	0.008197
GC	0.008197
GCC1	0.02459
GCDH	0.02459
GCGR	0.008197
GCLC	0.008197
GCM1	0.008197
GCN1L1	0.016393
GCNT1	0.016393
GCNT2	0.008197
GCNT3	0.008197
GCNT4	0.016393
GCNT6	0.008197
GCOM1	0.008197
GCSAM	0.008197
GCSAML	0.02459
GDA	0.008197
GDAP1	0.008197
GDF10	0.02459
GDF2	0.008197
GDF5	0.016393
GDF6	0.016393
GDF7	0.016393
GDI1	0.008197
GDI2	0.008197
GDPD3	0.008197
GDPD5	0.016393
GEM	0.008197
GEMIN5	0.016393
GEMIN8	0.008197
GFAP	0.008197
GFI1	0.008197
GFI1B	0.008197
GFM1	0.008197
GFM2	0.008197
GFOD1	0.008197
GFPT1	0.008197
GFPT2	0.008197
GFRA3	0.02459
GFRAL	0.008197
GGA2	0.016393
GGA3	0.008197
GGCX	0.008197
GGH	0.008197
GGN	0.016393
GGT5	0.008197
GHDC	0.008197
GHITM	0.008197
GHRHR	0.008197
GHSR	0.016393
GIF	0.008197
GIMAP1	0.02459
GIMAP5	0.008197
GIMAP6	0.008197
GIMAP7	0.008197
GINS1	0.016393
GIPC1	0.008197
GIPC2	0.008197
GIPC3	0.008197
GIT1	0.008197
GJA10	0.008197
GJA3	0.016393
GJA5	0.008197
GJA8	0.032787
GJA9	0.016393
GJB4	0.008197
GJB6	0.008197
GJC2	0.02459
GJC3	0.008197
GJD2	0.008197
GJD4	0.008197
GK	0.016393
GK2	0.008197
GK5	0.008197
GKAP1	0.008197
GKN2	0.008197
GLA	0.008197
GLB1	0.008197
GLB1L	0.008197
GLB1L2	0.016393
GLB1L3	0.008197
GLCCI1	0.008197
GLDC	0.016393
GLE1	0.008197
GLI1	0.032787
GLI2	0.008197
GLI3	0.02459
GLIPR1L2	0.008197
GLIS1	0.008197
GLIS3	0.040984
GLMN	0.008197
GLOD4	0.008197
GLP1R	0.008197
GLP2R	0.008197
GLRA1	0.008197
GLRA3	0.008197
GLRA4	0.016393
GLRX3	0.008197
GLS2	0.02459
GLT1D1	0.008197
GLT6D1	0.008197
GLTSCR1	0.02459
GLTSCR1L	0.016393
GLUD2	0.016393
GLYAT	0.008197
GLYATL2	0.008197
GLYATL3	0.016393
GLYR1	0.016393
GMEB1	0.008197
GMEB2	0.016393
GMNC	0.008197
GMPPA	0.016393
GMPPB	0.016393
GMPS	0.016393
GNA14	0.008197
GNAL	0.008197
GNAO1	0.008197
GNAQ	0.008197
GNAS	0.040984
GNAT1	0.016393
GNAT3	0.008197
GNB1	0.008197
GNB1L	0.008197
GNB2	0.008197
GNG3	0.008197
GNG8	0.008197
GNL3L	0.008197
GNPNAT1	0.008197
GNPTAB	0.008197
GNPTG	0.02459
GOLGA3	0.02459
GOLGA4	0.02459
GOLGA5	0.008197
GOLGA6L1	0.008197
GOLGA6L2	0.008197
GOLGA8I	0.008197
GOLGA8J	0.008197
GOLGA8M	0.008197
GOLGA8S	0.008197
GOLGB1	0.02459
GOLIM4	0.008197
GOLM1	0.008197
GOLPH3L	0.008197
GOLT1A	0.008197
GON4L	0.02459
GOPC	0.008197
GORASP1	0.016393
GOSR1	0.008197
GOT1L1	0.016393
GOT2	0.008197
GP2	0.008197
GP6	0.008197
GPA33	0.016393
GPAA1	0.008197
GPAT2	0.008197
GPATCH1	0.008197
GPATCH11	0.008197
GPATCH2	0.016393
GPATCH4	0.016393
GPATCH8	0.016393
GPBP1	0.008197
GPC1	0.008197
GPC2	0.016393
GPC3	0.008197
GPC5	0.008197
GPC6	0.008197
GPCPD1	0.016393
GPD1	0.008197
GPD2	0.008197
GPER1	0.008197
GPHN	0.008197
GPKOW	0.008197
GPLD1	0.016393
GPN1	0.008197
GPN2	0.008197
GPR1	0.008197
GPR101	0.008197
GPR107	0.008197
GPR110	0.016393
GPR112	0.04918
GPR113	0.008197
GPR114	0.016393
GPR115	0.032787
GPR123	0.008197
GPR124	0.032787
GPR125	0.02459
GPR126	0.016393
GPR128	0.016393
GPR133	0.02459
GPR135	0.016393
GPR137	0.008197
GPR137B	0.008197
GPR141	0.008197
GPR142	0.008197
GPR143	0.016393
GPR144	0.016393
GPR146	0.008197
GPR148	0.008197
GPR149	0.008197
GPR15	0.016393
GPR150	0.008197
GPR151	0.008197
GPR152	0.016393
GPR155	0.016393
GPR157	0.008197
GPR158	0.02459
GPR160	0.008197
GPR17	0.008197
GPR171	0.008197
GPR173	0.008197
GPR174	0.016393
GPR176	0.008197
GPR179	0.02459
GPR183	0.008197
GPR19	0.008197
GPR20	0.008197
GPR21	0.008197
GPR31	0.02459
GPR34	0.008197
GPR37	0.016393
GPR50	0.008197
GPR56	0.016393
GPR6	0.008197
GPR64	0.02459
GPR68	0.008197
GPR82	0.008197
GPR85	0.008197
GPR87	0.008197
GPR88	0.016393
GPR89A	0.008197
GPR97	0.008197
GPR98	0.07377
GPRASP1	0.032787
GPRASP2	0.02459
GPRC5C	0.008197
GPRC6A	0.008197
GPRIN1	0.008197
GPRIN2	0.016393
GPRIN3	0.008197
GPS2	0.032787
GPSM1	0.016393
GPX2	0.008197
GRAMD1B	0.016393
GRAMD2	0.008197
GRASP	0.008197
GRB10	0.016393
GRB14	0.008197
GRB2	0.008197
GRB7	0.02459
GREB1	0.02459
GREB1L	0.032787
GREM2	0.008197
GRHL1	0.016393
GRHL3	0.02459
GRIA1	0.016393
GRIA2	0.032787
GRIA3	0.008197
GRIA4	0.016393
GRID2	0.02459
GRIK1	0.008197
GRIK2	0.040984
GRIK3	0.016393
GRIN2A	0.016393
GRIN2B	0.016393
GRIN2C	0.016393
GRIN2D	0.008197
GRIN3A	0.008197
GRIN3B	0.008197
GRIP1	0.008197
GRIPAP1	0.016393
GRK1	0.008197
GRK4	0.008197
GRK5	0.008197
GRK6	0.008197
GRM1	0.02459
GRM2	0.008197
GRM3	0.016393
GRM4	0.016393
GRM5	0.02459
GRM7	0.016393
GRM8	0.02459
GRN	0.008197
GRPEL2	0.016393
GRWD1	0.016393
GRXCR1	0.02459
GSAP	0.016393
GSDMA	0.016393
GSDMD	0.008197
GSE1	0.016393
GSG1	0.008197
GSG1L	0.008197
GSK3A	0.008197
GSN	0.016393
GSTA1	0.008197
GSTA2	0.016393
GSTA3	0.008197
GSTM4	0.008197
GSTP1	0.008197
GSX1	0.016393
GTF2A1L	0.016393
GTF2E1	0.008197
GTF2F1	0.008197
GTF2H4	0.008197
GTF2I	0.016393
GTF2IRD1	0.008197
GTF3C1	0.02459
GTF3C3	0.016393
GTF3C4	0.008197
GTF3C5	0.02459
GTF3C6	0.008197
GTPBP1	0.016393
GTPBP2	0.016393
GTPBP4	0.008197
GTSE1	0.02459
GTSF1	0.008197
GUCY1A2	0.02459
GUCY1A3	0.016393
GUCY2C	0.008197
GUCY2D	0.008197
GUCY2F	0.008197
GUF1	0.008197
GULP1	0.016393
GUSB	0.008197
GYG1	0.008197
GYG2	0.02459
GYPC	0.008197
GZMA	0.008197
GZMK	0.008197
GZMM	0.008197
H1FNT	0.016393
H2AFJ	0.008197
H2AFV	0.008197
H2AFX	0.016393
H3F3B	0.016393
H6PD	0.016393
HAAO	0.008197
HABP2	0.008197
HACE1	0.02459
HACL1	0.008197
HAGH	0.008197
HAO1	0.008197
HAP1	0.016393
HAPLN2	0.008197
HARS	0.016393
HAS1	0.008197
HAUS1	0.02459
HAUS4	0.008197
HAUS6	0.016393
HAUS8	0.008197
HAX1	0.008197
HBD	0.008197
HBE1	0.008197
HBP1	0.008197
HBS1L	0.02459
HCAR1	0.008197
HCFC1	0.008197
HCK	0.008197
HCLS1	0.016393
HCN1	0.008197
HCN2	0.016393
HCN3	0.032787
HCN4	0.008197
HCST	0.008197
HDAC11	0.008197
HDAC2	0.016393
HDAC4	0.008197
HDAC5	0.008197
HDAC6	0.008197
HDAC8	0.016393
HDAC9	0.016393
HDC	0.008197
HDGF	0.016393
HDGFRP2	0.008197
HDHD3	0.016393
HDLBP	0.008197
HDX	0.008197
HEATR1	0.02459
HEATR3	0.008197
HEATR4	0.016393
HEATR5A	0.02459
HEATR5B	0.016393
HEATR6	0.016393
HECA	0.016393
HECTD1	0.040984
HECTD2	0.008197
HECTD3	0.008197
HECTD4	0.032787
HECW1	0.02459
HECW2	0.02459
HELB	0.008197
HELLS	0.016393
HELT	0.008197
HELZ	0.008197
HELZ2	0.040984
HEMGN	0.008197
HEPACAM2	0.008197
HEPH	0.008197
HEPHL1	0.008197
HERC1	0.090164
HERC2	0.032787
HERC5	0.008197
HERPUD2	0.016393
HES1	0.008197
HES7	0.008197
HEXB	0.008197
HEYL	0.008197
HFE	0.008197
HFE2	0.02459
HFM1	0.016393
HGD	0.008197
HGFAC	0.008197
HGS	0.008197
HGSNAT	0.008197
HHIP	0.016393
HHLA1	0.008197
HIC1	0.02459
HIC2	0.008197
HID1	0.008197
HIF1A	0.008197
HIF1AN	0.008197
HIF3A	0.016393
HIGD1A	0.008197
HINFP	0.016393
HINT2	0.008197
HIP1	0.008197
HIP1R	0.016393
HIPK1	0.016393
HIPK2	0.016393
HIPK3	0.032787
HIRA	0.016393
HIST1H1D	0.008197
HIST1H2AA	0.008197
HIST1H2AC	0.008197
HIST1H2AD	0.008197
HIST1H2AI	0.008197
HIST1H2BE	0.016393
HIST1H2BF	0.016393
HIST1H2BJ	0.008197
HIST1H3B	0.008197
HIST1H3C	0.008197
HIST1H3D	0.008197
HIST1H3G	0.008197
HIST1H4B	0.016393
HIST1H4C	0.008197
HIST1H4E	0.008197
HIST1H4I	0.008197
HIST2H2BE	0.008197
HIST2H2BF	0.008197
HIST2H3D	0.008197
HIST3H2BB	0.008197
HIST3H3	0.016393
HIVEP1	0.032787
HIVEP2	0.016393
HIVEP3	0.02459
HJURP	0.008197
HK1	0.008197
HK2	0.008197
HK3	0.008197
HKDC1	0.008197
HLA-A	0.008197
HLA-B	0.008197
HLA-DMA	0.008197
HLA-DOA	0.008197
HLA-DOB	0.008197
HLA-DQA2	0.008197
HLA-E	0.008197
HLA-F	0.016393
HLCS	0.008197
HLTF	0.008197
HM13	0.008197
HMCN1	0.106557
HMG20A	0.008197
HMG20B	0.008197
HMGA2	0.008197
HMGB1	0.008197
HMGCLL1	0.008197
HMGCS1	0.008197
HMGN1	0.008197
HMGN5	0.008197
HMGXB3	0.008197
HMHA1	0.016393
HMMR	0.016393
HMX1	0.016393
HMX2	0.008197
HMX3	0.008197
HN1	0.008197
HN1L	0.008197
HNF1B	0.02459
HNF4A	0.008197
HNF4G	0.008197
HNRNPA1	0.008197
HNRNPA3	0.008197
HNRNPC	0.008197
HNRNPCL1	0.008197
HNRNPD	0.008197
HNRNPDL	0.008197
HNRNPF	0.008197
HNRNPL	0.02459
HNRNPLL	0.008197
HNRNPR	0.016393
HNRNPUL1	0.016393
HOOK2	0.008197
HOOK3	0.016393
HORMAD1	0.016393
HOXB13	0.008197
HOXB2	0.008197
HOXB3	0.008197
HOXB8	0.016393
HOXC10	0.008197
HOXC13	0.008197
HOXC9	0.008197
HOXD1	0.008197
HOXD13	0.008197
HOXD4	0.008197
HP	0.008197
HPGD	0.008197
HPGDS	0.008197
HPN	0.016393
HPRT1	0.008197
HPS3	0.016393
HPS4	0.02459
HPS5	0.016393
HPS6	0.008197
HPX	0.016393
HR	0.008197
HRAS	0.016393
HRC	0.032787
HRH1	0.008197
HRH3	0.016393
HRH4	0.008197
HRNR	0.016393
HS1BP3	0.008197
HS2ST1	0.008197
HS3ST1	0.016393
HS3ST4	0.008197
HS3ST5	0.008197
HS6ST1	0.008197
HS6ST2	0.008197
HS6ST3	0.016393
HSD11B1L	0.008197
HSD17B10	0.008197
HSD17B11	0.016393
HSD17B4	0.008197
HSD17B7	0.008197
HSD3B1	0.008197
HSD3B2	0.008197
HSD3B7	0.008197
HSF1	0.016393
HSF5	0.008197
HSH2D	0.008197
HSP90B1	0.016393
HSPA12A	0.02459
HSPA12B	0.008197
HSPA14	0.008197
HSPA4	0.016393
HSPA4L	0.016393
HSPA5	0.008197
HSPA6	0.016393
HSPA8	0.008197
HSPB3	0.008197
HSPBP1	0.016393
HSPG2	0.016393
HTR1A	0.008197
HTR1B	0.008197
HTR2B	0.008197
HTR2C	0.008197
HTR3B	0.008197
HTR3D	0.008197
HTR3E	0.008197
HTR6	0.008197
HTRA2	0.008197
HTRA4	0.008197
HTT	0.032787
HUNK	0.032787
HUS1	0.016393
HUS1B	0.008197
HUWE1	0.032787
HYAL4	0.016393
HYDIN	0.016393
IARS	0.016393
IARS2	0.016393
IBSP	0.008197
ICAM1	0.008197
ICAM3	0.008197
ICAM5	0.02459
ICK	0.008197
IDH1	0.016393
IDO1	0.016393
IER5	0.016393
IFFO1	0.008197
IFFO2	0.008197
IFI16	0.02459
IFI27L1	0.008197
IFI44	0.008197
IFIT1B	0.016393
IFIT5	0.008197
IFITM2	0.008197
IFNA13	0.008197
IFNA14	0.008197
IFNA4	0.008197
IFNA6	0.008197
IFNA7	0.008197
IFNA8	0.008197
IFNAR2	0.008197
IFNG	0.008197
IFNLR1	0.008197
IFT122	0.008197
IFT140	0.02459
IFT172	0.02459
IFT52	0.008197
IFT74	0.008197
IFT81	0.008197
IFT88	0.008197
IGBP1	0.008197
IGDCC3	0.008197
IGDCC4	0.016393
IGF1	0.008197
IGF2	0.008197
IGF2BP2	0.008197
IGF2BP3	0.008197
IGF2R	0.016393
IGFBP3	0.008197
IGFBP4	0.008197
IGFBP6	0.008197
IGFBPL1	0.008197
IGFN1	0.057377
IGHMBP2	0.016393
IGLL5	0.008197
IGLON5	0.016393
IGSF1	0.032787
IGSF10	0.040984
IGSF21	0.008197
IGSF22	0.008197
IGSF6	0.008197
IGSF8	0.008197
IGSF9	0.02459
IGSF9B	0.032787
IHH	0.016393
IKBKAP	0.008197
IKBKE	0.02459
IKZF2	0.008197
IKZF3	0.032787
IKZF4	0.016393
IKZF5	0.008197
IL10	0.008197
IL10RA	0.008197
IL11	0.008197
IL12A	0.016393
IL12B	0.008197
IL12RB1	0.016393
IL12RB2	0.016393
IL13RA1	0.008197
IL13RA2	0.008197
IL15RA	0.008197
IL16	0.016393
IL17B	0.008197
IL17RA	0.008197
IL17RD	0.016393
IL17REL	0.016393
IL18RAP	0.008197
IL1R2	0.008197
IL1RAP	0.032787
IL1RAPL1	0.02459
IL1RL1	0.016393
IL20RA	0.008197
IL20RB	0.008197
IL21R	0.032787
IL23R	0.008197
IL27	0.008197
IL27RA	0.008197
IL2RA	0.008197
IL3	0.016393
IL31RA	0.016393
IL36A	0.016393
IL36B	0.016393
IL3RA	0.008197
IL4R	0.008197
IL5	0.008197
IL6	0.008197
IL6ST	0.016393
IL7R	0.008197
ILDR2	0.016393
ILF2	0.008197
ILF3	0.040984
ILVBL	0.008197
IMPACT	0.008197
IMPG1	0.008197
IMPG2	0.016393
INADL	0.008197
INCENP	0.008197
INF2	0.008197
ING1	0.008197
INMT	0.016393
INO80	0.02459
INO80C	0.008197
INPP1	0.02459
INPP4A	0.008197
INPP4B	0.008197
INPP5A	0.016393
INPP5D	0.016393
INPP5E	0.016393
INPP5F	0.008197
INPPL1	0.02459
INSL3	0.008197
INSL6	0.008197
INSM2	0.008197
INSR	0.032787
INSRR	0.02459
INTS1	0.016393
INTS10	0.016393
INTS4	0.008197
INTS6	0.016393
INTS7	0.032787
INTS8	0.016393
INTS9	0.008197
INTU	0.016393
INVS	0.008197
IP6K1	0.008197
IP6K3	0.008197
IPCEF1	0.008197
IPMK	0.008197
IPO13	0.016393
IPO5	0.008197
IPO7	0.016393
IPP	0.008197
IQCA1	0.008197
IQCB1	0.008197
IQCD	0.008197
IQCE	0.008197
IQCG	0.008197
IQCH	0.008197
IQCJ	0.008197
IQGAP1	0.008197
IQGAP2	0.016393
IQGAP3	0.040984
IQSEC1	0.016393
IQSEC2	0.02459
IQSEC3	0.02459
IRAK1	0.008197
IRAK3	0.008197
IRAK4	0.008197
IREB2	0.008197
IRF1	0.008197
IRF2	0.008197
IRF2BPL	0.008197
IRF4	0.016393
IRF5	0.008197
IRF6	0.008197
IRF7	0.008197
IRF8	0.008197
IRG1	0.016393
IRGC	0.008197
IRGQ	0.016393
IRS1	0.040984
IRS2	0.02459
IRS4	0.016393
IRX1	0.008197
IRX5	0.008197
IRX6	0.008197
ISCU	0.008197
ISG20	0.008197
ISG20L2	0.008197
ISL2	0.008197
ISLR2	0.008197
ISM2	0.008197
ISPD	0.008197
IST1	0.016393
ISX	0.008197
ISY1	0.008197
ISYNA1	0.008197
ITFG2	0.008197
ITGA1	0.008197
ITGA10	0.016393
ITGA11	0.008197
ITGA2	0.016393
ITGA2B	0.02459
ITGA3	0.016393
ITGA4	0.02459
ITGA7	0.008197
ITGA8	0.008197
ITGA9	0.008197
ITGAD	0.016393
ITGAE	0.016393
ITGAL	0.02459
ITGAM	0.040984
ITGAV	0.008197
ITGAX	0.008197
ITGB1	0.016393
ITGB2	0.008197
ITGB3	0.008197
ITGB4	0.02459
ITGB5	0.02459
ITGB6	0.02459
ITGBL1	0.008197
ITIH1	0.008197
ITIH2	0.008197
ITIH3	0.008197
ITIH5	0.016393
ITIH6	0.02459
ITK	0.008197
ITLN1	0.008197
ITM2A	0.016393
ITPK1	0.02459
ITPKB	0.016393
ITPKC	0.02459
ITPR1	0.008197
ITPR2	0.032787
ITPR3	0.016393
ITPRIPL2	0.008197
ITSN1	0.008197
ITSN2	0.008197
IVL	0.032787
IVNS1ABP	0.016393
IWS1	0.008197
IYD	0.008197
JAG1	0.032787
JAG2	0.02459
JAK1	0.016393
JAKMIP1	0.016393
JAKMIP2	0.008197
JAKMIP3	0.016393
JHDM1D	0.008197
JMJD6	0.02459
JPH1	0.02459
JPH2	0.02459
JPH3	0.032787
JRKL	0.008197
JUN	0.008197
JUP	0.008197
KAL1	0.008197
KALRN	0.040984
KANK2	0.008197
KANK3	0.008197
KANK4	0.02459
KANSL1	0.032787
KANSL2	0.008197
KAT2B	0.02459
KAT6A	0.02459
KAT6B	0.008197
KAT7	0.016393
KATNBL1	0.008197
KAZN	0.02459
KBTBD12	0.008197
KBTBD3	0.016393
KCNA1	0.008197
KCNA10	0.016393
KCNA3	0.008197
KCNA4	0.02459
KCNA5	0.016393
KCNA6	0.008197
KCNAB1	0.008197
KCNB1	0.032787
KCNB2	0.02459
KCNC1	0.008197
KCNC2	0.008197
KCNC3	0.016393
KCNC4	0.008197
KCND1	0.008197
KCND2	0.008197
KCND3	0.008197
KCNE2	0.008197
KCNE4	0.008197
KCNF1	0.008197
KCNG1	0.008197
KCNG2	0.008197
KCNG3	0.02459
KCNG4	0.008197
KCNH1	0.02459
KCNH2	0.016393
KCNH3	0.008197
KCNH4	0.02459
KCNH5	0.008197
KCNH6	0.008197
KCNH7	0.016393
KCNH8	0.016393
KCNIP1	0.016393
KCNJ1	0.008197
KCNJ11	0.008197
KCNJ12	0.008197
KCNJ14	0.008197
KCNJ2	0.016393
KCNJ3	0.008197
KCNJ4	0.008197
KCNJ6	0.008197
KCNJ9	0.008197
KCNK1	0.008197
KCNK13	0.008197
KCNK16	0.016393
KCNK18	0.008197
KCNK3	0.008197
KCNK4	0.016393
KCNK5	0.008197
KCNK6	0.008197
KCNK9	0.008197
KCNMA1	0.016393
KCNMB1	0.008197
KCNMB2	0.008197
KCNN2	0.008197
KCNN4	0.008197
KCNQ1	0.016393
KCNQ2	0.008197
KCNQ3	0.016393
KCNQ5	0.008197
KCNS1	0.008197
KCNS3	0.008197
KCNT1	0.008197
KCNT2	0.032787
KCNU1	0.008197
KCNV1	0.008197
KCTD13	0.008197
KCTD14	0.016393
KCTD16	0.008197
KCTD17	0.008197
KCTD18	0.008197
KCTD21	0.008197
KCTD3	0.008197
KCTD8	0.008197
KCTD9	0.008197
KDELC1	0.008197
KDM1A	0.008197
KDM1B	0.016393
KDM2A	0.016393
KDM2B	0.016393
KDM3B	0.008197
KDM4A	0.008197
KDM4B	0.008197
KDM4C	0.016393
KDM5A	0.008197
KDM5B	0.016393
KDM5C	0.040984
KDM6A	0.016393
KDM8	0.016393
KDR	0.02459
KEL	0.008197
KERA	0.008197
KHDC3L	0.008197
KHDRBS2	0.016393
KHDRBS3	0.016393
KHSRP	0.008197
KIAA0020	0.008197
KIAA0100	0.008197
KIAA0141	0.008197
KIAA0195	0.016393
KIAA0196	0.02459
KIAA0226	0.008197
KIAA0226L	0.008197
KIAA0232	0.02459
KIAA0319	0.008197
KIAA0319L	0.02459
KIAA0355	0.008197
KIAA0368	0.02459
KIAA0391	0.02459
KIAA0408	0.008197
KIAA0430	0.008197
KIAA0513	0.008197
KIAA0556	0.008197
KIAA0586	0.008197
KIAA0753	0.008197
KIAA0825	0.008197
KIAA0907	0.008197
KIAA0922	0.008197
KIAA0947	0.032787
KIAA1009	0.016393
KIAA1024	0.008197
KIAA1033	0.02459
KIAA1107	0.008197
KIAA1109	0.07377
KIAA1161	0.008197
KIAA1199	0.032787
KIAA1210	0.008197
KIAA1211	0.032787
KIAA1217	0.008197
KIAA1239	0.016393
KIAA1244	0.040984
KIAA1279	0.008197
KIAA1324	0.02459
KIAA1324L	0.016393
KIAA1377	0.008197
KIAA1429	0.02459
KIAA1432	0.008197
KIAA1462	0.02459
KIAA1467	0.008197
KIAA1468	0.016393
KIAA1522	0.008197
KIAA1549	0.057377
KIAA1549L	0.032787
KIAA1551	0.016393
KIAA1586	0.016393
KIAA1614	0.04918
KIAA1671	0.016393
KIAA1683	0.008197
KIAA1715	0.008197
KIAA1731	0.008197
KIAA1755	0.008197
KIAA1841	0.016393
KIAA1875	0.04918
KIAA1958	0.02459
KIAA1984	0.016393
KIAA2022	0.02459
KIAA2026	0.016393
KIDINS220	0.008197
KIF11	0.02459
KIF12	0.008197
KIF13A	0.02459
KIF13B	0.032787
KIF14	0.008197
KIF15	0.016393
KIF16B	0.016393
KIF17	0.008197
KIF18B	0.016393
KIF19	0.016393
KIF1A	0.016393
KIF1B	0.02459
KIF20A	0.008197
KIF20B	0.008197
KIF21A	0.016393
KIF21B	0.057377
KIF24	0.008197
KIF25	0.008197
KIF26A	0.02459
KIF26B	0.04918
KIF27	0.016393
KIF2A	0.008197
KIF2B	0.008197
KIF2C	0.008197
KIF3B	0.008197
KIF3C	0.008197
KIF4A	0.008197
KIF4B	0.008197
KIF5A	0.016393
KIF5B	0.02459
KIF5C	0.016393
KIF6	0.016393
KIF7	0.02459
KIFAP3	0.016393
KIFC1	0.016393
KIFC2	0.02459
KIR3DX1	0.008197
KIRREL	0.008197
KIRREL2	0.008197
KIRREL3	0.02459
KISS1	0.008197
KIT	0.02459
KITLG	0.008197
KL	0.02459
KLB	0.008197
KLC1	0.008197
KLC4	0.008197
KLF10	0.016393
KLF11	0.016393
KLF12	0.016393
KLF16	0.016393
KLF17	0.016393
KLF6	0.008197
KLF9	0.016393
KLHDC2	0.008197
KLHDC3	0.008197
KLHDC4	0.008197
KLHDC7A	0.008197
KLHDC8A	0.016393
KLHDC8B	0.008197
KLHL10	0.016393
KLHL14	0.008197
KLHL15	0.008197
KLHL2	0.008197
KLHL20	0.008197
KLHL21	0.008197
KLHL24	0.008197
KLHL25	0.008197
KLHL3	0.008197
KLHL30	0.008197
KLHL31	0.008197
KLHL32	0.008197
KLHL33	0.008197
KLHL34	0.02459
KLHL38	0.02459
KLHL4	0.02459
KLHL41	0.008197
KLHL5	0.02459
KLHL6	0.016393
KLHL7	0.008197
KLHL8	0.008197
KLK1	0.008197
KLK10	0.016393
KLK12	0.008197
KLK13	0.008197
KLK14	0.008197
KLK15	0.008197
KLK2	0.008197
KLK3	0.008197
KLK6	0.008197
KLK9	0.016393
KLKB1	0.016393
KLRC1	0.016393
KLRC4	0.008197
KMO	0.016393
KMT2A	0.032787
KMT2B	0.02459
KMT2C	0.081967
KMT2D	0.04918
KMT2E	0.040984
KNCN	0.008197
KNDC1	0.02459
KNG1	0.016393
KNTC1	0.008197
KPNA1	0.008197
KPNA3	0.008197
KPNA7	0.016393
KPRP	0.016393
KRAS	0.008197
KRBA1	0.016393
KRIT1	0.008197
KRT1	0.016393
KRT14	0.008197
KRT15	0.016393
KRT16	0.016393
KRT19	0.016393
KRT2	0.008197
KRT20	0.016393
KRT222	0.008197
KRT24	0.008197
KRT25	0.008197
KRT26	0.008197
KRT33B	0.008197
KRT34	0.016393
KRT35	0.008197
KRT37	0.008197
KRT38	0.008197
KRT4	0.02459
KRT40	0.016393
KRT5	0.008197
KRT6A	0.008197
KRT6B	0.008197
KRT7	0.008197
KRT72	0.016393
KRT73	0.008197
KRT74	0.008197
KRT76	0.008197
KRT78	0.008197
KRT79	0.008197
KRT8	0.008197
KRT82	0.016393
KRT83	0.016393
KRT84	0.008197
KRT85	0.02459
KRT9	0.008197
KRTAP10-10	0.008197
KRTAP10-5	0.016393
KRTAP10-7	0.008197
KRTAP12-4	0.016393
KRTAP13-1	0.016393
KRTAP16-1	0.016393
KRTAP19-1	0.008197
KRTAP2-2	0.008197
KRTAP29-1	0.008197
KRTAP4-1	0.008197
KRTAP4-12	0.008197
KRTAP4-3	0.008197
KRTAP5-1	0.008197
KRTAP5-10	0.016393
KRTAP5-3	0.008197
KRTAP5-4	0.008197
KRTAP5-7	0.008197
KRTAP5-9	0.008197
KRTAP6-3	0.008197
KRTAP9-2	0.008197
KRTAP9-3	0.008197
KRTCAP2	0.008197
KSR1	0.008197
KSR2	0.016393
KTN1	0.008197
KY	0.016393
KYNU	0.008197
L1CAM	0.008197
L3HYPDH	0.008197
L3MBTL1	0.016393
L3MBTL4	0.008197
LACC1	0.008197
LACE1	0.008197
LACTBL1	0.008197
LAD1	0.008197
LAG3	0.008197
LAGE3	0.008197
LAIR1	0.008197
LAMA1	0.032787
LAMA2	0.040984
LAMA3	0.040984
LAMA4	0.02459
LAMA5	0.016393
LAMB1	0.016393
LAMB2	0.032787
LAMB3	0.008197
LAMB4	0.016393
LAMC1	0.008197
LAMC2	0.008197
LAMC3	0.016393
LAMP1	0.008197
LANCL1	0.008197
LANCL2	0.008197
LANCL3	0.008197
LAP3	0.008197
LAPTM4B	0.008197
LAPTM5	0.008197
LARP1	0.016393
LARP4	0.016393
LARP4B	0.016393
LARS	0.008197
LARS2	0.008197
LAS1L	0.016393
LATS1	0.008197
LATS2	0.008197
LAYN	0.008197
LBH	0.008197
LBP	0.016393
LBX1	0.02459
LCA5	0.02459
LCA5L	0.008197
LCAT	0.008197
LCE1A	0.008197
LCE1B	0.008197
LCE1E	0.008197
LCE2D	0.008197
LCE3C	0.008197
LCE3E	0.008197
LCE5A	0.008197
LCMT1	0.008197
LCMT2	0.008197
LCN1	0.008197
LCN12	0.008197
LCN2	0.008197
LCN9	0.016393
LCNL1	0.008197
LCOR	0.008197
LCP1	0.008197
LCP2	0.02459
LCT	0.016393
LCTL	0.008197
LDB1	0.008197
LDB2	0.02459
LDB3	0.008197
LDHAL6B	0.008197
LDHB	0.008197
LDLR	0.008197
LDLRAD2	0.008197
LDLRAD3	0.02459
LDLRAP1	0.008197
LECT1	0.008197
LECT2	0.008197
LEFTY1	0.02459
LEKR1	0.008197
LENG1	0.008197
LENG8	0.02459
LENG9	0.008197
LEPR	0.02459
LEPRE1	0.008197
LEPREL1	0.008197
LEPREL4	0.008197
LGALS1	0.016393
LGALS12	0.008197
LGALS2	0.008197
LGALS3BP	0.016393
LGALSL	0.008197
LGI1	0.016393
LGI2	0.016393
LGI4	0.02459
LGR5	0.008197
LGR6	0.016393
LGSN	0.008197
LHCGR	0.016393
LHFPL5	0.008197
LHX1	0.016393
LHX3	0.008197
LHX4	0.008197
LHX8	0.008197
LHX9	0.008197
LIFR	0.008197
LIG1	0.008197
LIG3	0.016393
LILRA1	0.016393
LILRA2	0.008197
LILRA3	0.008197
LILRA4	0.008197
LILRA6	0.008197
LILRB1	0.016393
LILRB2	0.008197
LILRB4	0.032787
LILRB5	0.02459
LIM2	0.008197
LIMA1	0.016393
LIMCH1	0.016393
LIMK1	0.016393
LIMS2	0.008197
LIN28A	0.008197
LIN28B	0.008197
LIN7A	0.008197
LIN9	0.008197
LINC00923	0.008197
LINGO1	0.008197
LINGO2	0.016393
LINGO3	0.016393
LINGO4	0.016393
LINS	0.016393
LIPC	0.008197
LIPE	0.032787
LIPF	0.008197
LIPG	0.008197
LIPH	0.008197
LIPI	0.008197
LIPJ	0.008197
LIPM	0.016393
LLGL1	0.016393
LLGL2	0.008197
LMAN2L	0.008197
LMBR1L	0.008197
LMBRD1	0.008197
LMBRD2	0.008197
LMCD1	0.008197
LMF1	0.008197
LMF2	0.008197
LMLN	0.008197
LMNA	0.008197
LMNB2	0.008197
LMO1	0.008197
LMO7	0.016393
LMOD1	0.02459
LMOD3	0.008197
LMTK2	0.02459
LMTK3	0.016393
LMX1A	0.008197
LMX1B	0.008197
LNX1	0.008197
LNX2	0.008197
LOH12CR1	0.008197
LONP1	0.008197
LONP2	0.008197
LONRF1	0.008197
LONRF2	0.008197
LONRF3	0.02459
LOR	0.008197
LOX	0.016393
LOXHD1	0.016393
LOXL1	0.008197
LOXL2	0.008197
LOXL3	0.008197
LOXL4	0.008197
LPA	0.057377
LPAR1	0.016393
LPAR3	0.008197
LPAR5	0.008197
LPCAT1	0.008197
LPCAT3	0.008197
LPCAT4	0.008197
LPHN2	0.008197
LPHN3	0.02459
LPIN1	0.008197
LPIN2	0.008197
LPO	0.016393
LPP	0.02459
LPPR1	0.008197
LPPR4	0.008197
LPPR5	0.008197
LRBA	0.02459
LRCH2	0.016393
LRCH3	0.016393
LRFN1	0.008197
LRFN2	0.016393
LRFN3	0.008197
LRFN4	0.008197
LRFN5	0.016393
LRG1	0.008197
LRGUK	0.008197
LRIG1	0.02459
LRIG3	0.008197
LRIT1	0.008197
LRIT3	0.008197
LRMP	0.008197
LRP1	0.032787
LRP12	0.008197
LRP1B	0.04918
LRP2	0.07377
LRP3	0.008197
LRP4	0.008197
LRP5	0.016393
LRP6	0.016393
LRPPRC	0.016393
LRRC1	0.008197
LRRC14	0.016393
LRRC14B	0.008197
LRRC15	0.032787
LRRC16B	0.016393
LRRC18	0.008197
LRRC20	0.008197
LRRC27	0.008197
LRRC3	0.008197
LRRC37A3	0.016393
LRRC37B	0.016393
LRRC3B	0.008197
LRRC3C	0.008197
LRRC4	0.008197
LRRC40	0.008197
LRRC41	0.016393
LRRC42	0.008197
LRRC43	0.016393
LRRC45	0.016393
LRRC47	0.016393
LRRC49	0.008197
LRRC4B	0.016393
LRRC4C	0.016393
LRRC52	0.008197
LRRC53	0.008197
LRRC56	0.02459
LRRC61	0.016393
LRRC63	0.008197
LRRC66	0.040984
LRRC7	0.02459
LRRC70	0.008197
LRRC71	0.016393
LRRC8B	0.016393
LRRC8C	0.008197
LRRC8D	0.02459
LRRC8E	0.016393
LRRC9	0.016393
LRRD1	0.008197
LRRFIP1	0.02459
LRRIQ1	0.02459
LRRIQ3	0.016393
LRRIQ4	0.016393
LRRK1	0.02459
LRRK2	0.008197
LRRN1	0.016393
LRRN2	0.008197
LRRN4	0.008197
LRRTM4	0.016393
LRTM1	0.008197
LRWD1	0.008197
LSAMP	0.008197
LSG1	0.008197
LSM11	0.02459
LSM5	0.008197
LSMEM2	0.008197
LSR	0.016393
LST3	0.016393
LTB4R2	0.016393
LTBP1	0.016393
LTBP2	0.016393
LTBP3	0.008197
LTF	0.008197
LTV1	0.008197
LUC7L2	0.008197
LUM	0.016393
LUZP1	0.008197
LY75	0.016393
LY86	0.008197
LYG1	0.008197
LYPD2	0.016393
LYPD3	0.016393
LYPD4	0.008197
LYPLA1	0.008197
LYPLA2	0.008197
LYSMD1	0.008197
LYSMD4	0.008197
LYST	0.02459
LZTR1	0.040984
LZTS1	0.008197
LZTS3	0.02459
M6PR	0.008197
MAATS1	0.016393
MAB21L2	0.008197
MAB21L3	0.008197
MACF1	0.057377
MAD1L1	0.008197
MADD	0.008197
MAEA	0.016393
MAEL	0.008197
MAFG	0.008197
MAGEA10	0.008197
MAGEA11	0.008197
MAGEA12	0.008197
MAGEB10	0.008197
MAGEB16	0.008197
MAGEB18	0.008197
MAGEB2	0.008197
MAGEB3	0.016393
MAGEB6	0.02459
MAGEC1	0.02459
MAGEC3	0.008197
MAGED1	0.008197
MAGEE1	0.032787
MAGEE2	0.008197
MAGEL2	0.016393
MAGI1	0.008197
MAGI2	0.008197
MAGT1	0.008197
MAL	0.008197
MAMDC4	0.016393
MAML3	0.02459
MAMLD1	0.032787
MAN1A1	0.008197
MAN1B1	0.016393
MAN1C1	0.008197
MAN2A1	0.008197
MAN2A2	0.016393
MAN2B1	0.016393
MAN2B2	0.008197
MAN2C1	0.008197
MANBA	0.016393
MANEAL	0.008197
MANF	0.008197
MAOA	0.008197
MAOB	0.008197
MAP10	0.008197
MAP1A	0.032787
MAP1B	0.02459
MAP1LC3A	0.008197
MAP1S	0.02459
MAP2	0.016393
MAP2K1	0.008197
MAP2K2	0.008197
MAP2K4	0.016393
MAP2K7	0.02459
MAP3K1	0.090164
MAP3K10	0.008197
MAP3K11	0.008197
MAP3K15	0.016393
MAP3K19	0.016393
MAP3K2	0.016393
MAP3K4	0.016393
MAP3K5	0.008197
MAP3K7	0.008197
MAP3K9	0.008197
MAP4	0.016393
MAP4K1	0.016393
MAP4K3	0.008197
MAP4K4	0.032787
MAP4K5	0.008197
MAP7D1	0.016393
MAP7D3	0.008197
MAP9	0.016393
MAPK13	0.008197
MAPK14	0.016393
MAPK15	0.02459
MAPK7	0.008197
MAPK8	0.02459
MAPK8IP1	0.008197
MAPKAP1	0.016393
MAPKAPK2	0.02459
MAPKAPK3	0.008197
MAPKBP1	0.008197
MAPRE3	0.008197
MAPT	0.008197
MARC1	0.008197
MARCH1	0.008197
MARCH10	0.008197
MARCH4	0.008197
MARCH7	0.008197
MARCO	0.008197
MARK2	0.016393
MARK3	0.008197
MARK4	0.02459
MARS	0.008197
MARS2	0.008197
MARVELD1	0.008197
MARVELD2	0.008197
MARVELD3	0.008197
MAS1	0.008197
MAS1L	0.032787
MASP1	0.02459
MASP2	0.008197
MAST1	0.008197
MAST2	0.008197
MAST3	0.016393
MAST4	0.008197
MATK	0.008197
MATN1	0.008197
MATN2	0.016393
MATR3	0.016393
MAU2	0.008197
MAZ	0.008197
MBD1	0.02459
MBD3	0.008197
MBD3L1	0.008197
MBD5	0.016393
MBD6	0.02459
MBL2	0.016393
MBOAT2	0.008197
MBP	0.008197
MBTD1	0.008197
MBTPS1	0.008197
MBTPS2	0.008197
MC1R	0.008197
MCAM	0.016393
MCAT	0.016393
MCCC1	0.008197
MCCC2	0.008197
MCF2	0.008197
MCF2L	0.008197
MCF2L2	0.016393
MCHR1	0.008197
MCHR2	0.008197
MCIDAS	0.02459
MCL1	0.02459
MCM10	0.016393
MCM3AP	0.008197
MCM4	0.02459
MCM5	0.016393
MCM6	0.02459
MCM7	0.008197
MCM9	0.02459
MCMDC2	0.02459
MCOLN1	0.008197
MCOLN2	0.016393
MCOLN3	0.008197
MCRS1	0.008197
MCTP1	0.016393
MCTP2	0.016393
MDC1	0.040984
MDGA1	0.008197
MDGA2	0.016393
MDH1	0.008197
MDM1	0.008197
MDM2	0.008197
MDN1	0.032787
ME1	0.008197
ME3	0.008197
MEA1	0.008197
MECOM	0.02459
MECR	0.008197
MED1	0.008197
MED12	0.016393
MED12L	0.032787
MED13	0.008197
MED13L	0.016393
MED14	0.008197
MED15	0.008197
MED16	0.02459
MED22	0.008197
MED23	0.040984
MED24	0.008197
MED25	0.008197
MED28	0.008197
MED29	0.008197
MED6	0.008197
MEF2A	0.016393
MEF2B	0.008197
MEF2C	0.02459
MEF2D	0.008197
MEFV	0.008197
MEGF10	0.016393
MEGF11	0.008197
MEGF6	0.02459
MEGF8	0.032787
MEGF9	0.008197
MEI1	0.016393
MEN1	0.032787
MEP1A	0.008197
MEP1B	0.008197
MEPCE	0.008197
MERTK	0.016393
MESP2	0.008197
MEST	0.008197
MET	0.016393
METAP1	0.008197
METRN	0.02459
METTL13	0.02459
METTL16	0.008197
METTL18	0.016393
METTL21C	0.008197
METTL24	0.016393
METTL25	0.016393
METTL2A	0.008197
METTL2B	0.016393
MEX3B	0.008197
MFAP1	0.008197
MFAP3L	0.008197
MFF	0.008197
MFSD11	0.016393
MFSD3	0.008197
MFSD4	0.008197
MFSD5	0.008197
MFSD6L	0.008197
MGA	0.032787
MGAM	0.032787
MGAT2	0.016393
MGAT4A	0.008197
MGAT4C	0.008197
MGAT5B	0.016393
MGEA5	0.008197
MGLL	0.008197
MGMT	0.008197
MGST3	0.008197
MIA2	0.008197
MIA3	0.008197
MIB1	0.008197
MIB2	0.008197
MICAL2	0.008197
MICAL3	0.016393
MICALCL	0.016393
MICALL2	0.008197
MICB	0.008197
MICU1	0.008197
MICU2	0.016393
MID1	0.02459
MIDN	0.008197
MIEF1	0.008197
MIER2	0.016393
MIER3	0.008197
MINK1	0.008197
MINPP1	0.008197
MIS18BP1	0.016393
MKI67	0.065574
MKL1	0.008197
MKL2	0.008197
MKNK1	0.008197
MKNK2	0.008197
MKRN2	0.008197
MKRN3	0.008197
MKX	0.008197
MLH3	0.016393
MLIP	0.016393
MLK4	0.008197
MLKL	0.008197
MLLT10	0.02459
MLLT4	0.057377
MLLT6	0.02459
MLN	0.008197
MLNR	0.016393
MLXIP	0.008197
MLXIPL	0.016393
MLYCD	0.016393
MMAB	0.008197
MME	0.016393
MMEL1	0.016393
MMP1	0.008197
MMP10	0.008197
MMP13	0.008197
MMP16	0.032787
MMP17	0.016393
MMP24	0.02459
MMP25	0.008197
MMP27	0.008197
MMP3	0.02459
MMP8	0.008197
MMRN1	0.008197
MMRN2	0.016393
MMS19	0.008197
MMS22L	0.008197
MN1	0.02459
MOAP1	0.016393
MOB1B	0.008197
MOB3C	0.008197
MOBP	0.008197
MOCOS	0.008197
MOCS1	0.008197
MOGAT1	0.008197
MOGAT3	0.008197
MOGS	0.008197
MOK	0.008197
MON2	0.040984
MORC1	0.016393
MORC2	0.02459
MORC3	0.008197
MORF4L1	0.008197
MORF4L2	0.008197
MORN4	0.008197
MOSPD2	0.008197
MOSPD3	0.008197
MOV10L1	0.02459
MPC1	0.008197
MPDZ	0.016393
MPEG1	0.016393
MPHOSPH8	0.008197
MPHOSPH9	0.008197
MPLKIP	0.008197
MPO	0.016393
MPP2	0.008197
MPP3	0.008197
MPP4	0.016393
MPP6	0.016393
MPPE1	0.016393
MPPED1	0.008197
MPPED2	0.008197
MPV17	0.008197
MPZ	0.008197
MR1	0.008197
MRAS	0.008197
MRC2	0.02459
MRGPRE	0.008197
MRGPRF	0.016393
MRGPRX1	0.032787
MRGPRX2	0.008197
MRGPRX3	0.016393
MROH2A	0.016393
MROH2B	0.02459
MROH6	0.008197
MROH7	0.02459
MROH8	0.008197
MROH9	0.016393
MRPL16	0.008197
MRPL2	0.008197
MRPL23	0.008197
MRPL3	0.008197
MRPL33	0.008197
MRPL38	0.008197
MRPL45	0.008197
MRPL47	0.008197
MRPS11	0.008197
MRPS27	0.02459
MRPS5	0.016393
MRPS9	0.008197
MRVI1	0.016393
MS4A1	0.008197
MS4A10	0.008197
MS4A12	0.016393
MS4A13	0.008197
MS4A14	0.008197
MS4A15	0.008197
MS4A2	0.008197
MS4A4E	0.008197
MS4A6A	0.008197
MS4A8	0.008197
MSANTD1	0.016393
MSANTD2	0.008197
MSANTD3	0.016393
MSC	0.016393
MSH2	0.016393
MSH3	0.008197
MSH4	0.008197
MSH5	0.008197
MSH6	0.008197
MSI1	0.008197
MSI2	0.008197
MSL1	0.008197
MSL2	0.008197
MSL3	0.008197
MSLN	0.02459
MSLNL	0.008197
MSRB3	0.008197
MST1	0.008197
MT1X	0.008197
MTA1	0.008197
MTA3	0.008197
MTBP	0.008197
MTCH1	0.016393
MTCH2	0.008197
MTF1	0.008197
MTFP1	0.016393
MTG1	0.008197
MTHFD1L	0.016393
MTHFR	0.008197
MTIF2	0.008197
MTIF3	0.008197
MTMR1	0.008197
MTMR10	0.008197
MTMR11	0.008197
MTMR12	0.008197
MTMR3	0.016393
MTMR4	0.016393
MTMR6	0.008197
MTO1	0.016393
MTOR	0.02459
MTPAP	0.008197
MTR	0.016393
MTRF1	0.008197
MTRNR2L9	0.008197
MTRR	0.016393
MTTP	0.008197
MTUS2	0.016393
MTX1	0.008197
MTX3	0.008197
MUC12	0.032787
MUC13	0.008197
MUC16	0.122951
MUC17	0.065574
MUC19	0.008197
MUC2	0.016393
MUC22	0.02459
MUC4	0.016393
MUC5B	0.081967
MUC6	0.032787
MUC7	0.008197
MUM1	0.008197
MUM1L1	0.008197
MUSK	0.008197
MUT	0.008197
MUTYH	0.008197
MVD	0.016393
MX1	0.008197
MX2	0.008197
MXRA5	0.016393
MYB	0.008197
MYBBP1A	0.008197
MYBL1	0.008197
MYBL2	0.008197
MYBPC1	0.02459
MYBPC2	0.032787
MYBPC3	0.02459
MYBPH	0.032787
MYBPHL	0.008197
MYC	0.016393
MYCBP2	0.02459
MYCBPAP	0.02459
MYCN	0.016393
MYF6	0.008197
MYH1	0.016393
MYH10	0.02459
MYH11	0.016393
MYH14	0.040984
MYH15	0.032787
MYH2	0.008197
MYH3	0.008197
MYH4	0.016393
MYH6	0.040984
MYH7	0.016393
MYH7B	0.02459
MYH8	0.008197
MYH9	0.04918
MYL10	0.008197
MYL9	0.016393
MYLIP	0.008197
MYLK	0.008197
MYLK2	0.008197
MYLK3	0.008197
MYLPF	0.008197
MYNN	0.008197
MYO10	0.016393
MYO15A	0.02459
MYO16	0.032787
MYO18A	0.02459
MYO18B	0.032787
MYO19	0.008197
MYO1B	0.016393
MYO1D	0.008197
MYO1E	0.016393
MYO1F	0.008197
MYO1H	0.008197
MYO3A	0.008197
MYO3B	0.008197
MYO5B	0.008197
MYO5C	0.008197
MYO6	0.016393
MYO7A	0.04918
MYO7B	0.032787
MYO9A	0.008197
MYO9B	0.032787
MYOC	0.02459
MYOCD	0.008197
MYOF	0.02459
MYOG	0.008197
MYOM1	0.032787
MYOM2	0.008197
MYOM3	0.008197
MYOZ2	0.008197
MYOZ3	0.008197
MYPN	0.016393
MYRF	0.040984
MYRFL	0.008197
MYRIP	0.02459
MYT1	0.008197
MYT1L	0.008197
MZF1	0.008197
MZT2B	0.008197
N4BP1	0.016393
N4BP2	0.016393
N4BP2L1	0.008197
N4BP2L2	0.008197
N6AMT2	0.008197
NAA10	0.008197
NAA11	0.008197
NAA15	0.016393
NAA25	0.008197
NAA35	0.008197
NAALAD2	0.016393
NAALADL1	0.016393
NAALADL2	0.016393
NAB2	0.008197
NACA2	0.016393
NACAD	0.02459
NACC2	0.02459
NADK	0.008197
NAF1	0.008197
NAGA	0.008197
NAGLU	0.008197
NAIF1	0.008197
NALCN	0.02459
NAMPTL	0.008197
NANOG	0.008197
NANOGNB	0.008197
NAP1L2	0.016393
NAP1L4	0.016393
NAPRT1	0.008197
NAPSA	0.008197
NARFL	0.008197
NARG2	0.008197
NAT14	0.008197
NAT16	0.008197
NAT2	0.008197
NAT8L	0.008197
NAV2	0.02459
NAV3	0.02459
NBAS	0.02459
NBEA	0.032787
NBEAL1	0.02459
NBEAL2	0.016393
NBN	0.008197
NBPF1	0.032787
NBPF10	0.008197
NBPF14	0.008197
NBPF3	0.008197
NBPF6	0.008197
NBR1	0.008197
NCAM1	0.016393
NCAM2	0.02459
NCAN	0.032787
NCAPD2	0.008197
NCAPG2	0.008197
NCCRP1	0.008197
NCF2	0.008197
NCF4	0.008197
NCKAP1	0.016393
NCKAP1L	0.016393
NCKAP5	0.016393
NCKAP5L	0.016393
NCKIPSD	0.008197
NCLN	0.008197
NCOA1	0.032787
NCOA2	0.016393
NCOA3	0.008197
NCOA5	0.032787
NCOA6	0.016393
NCOA7	0.016393
NCOR1	0.02459
NCOR2	0.040984
NDC1	0.008197
NDEL1	0.008197
NDFIP2	0.008197
NDN	0.016393
NDNF	0.016393
NDNL2	0.008197
NDRG1	0.016393
NDST2	0.016393
NDST3	0.008197
NDST4	0.016393
NDUFA9	0.016393
NDUFAF1	0.008197
NDUFAF4	0.016393
NDUFB10	0.008197
NDUFB11	0.008197
NDUFB5	0.008197
NDUFB6	0.008197
NDUFS5	0.008197
NDUFS8	0.008197
NDUFV1	0.008197
NEB	0.081967
NEBL	0.008197
NECAB1	0.008197
NEDD1	0.008197
NEDD4	0.016393
NEDD4L	0.016393
NEFH	0.008197
NEFM	0.016393
NEGR1	0.008197
NEIL3	0.008197
NEK1	0.016393
NEK10	0.02459
NEK2	0.016393
NEK3	0.008197
NEK4	0.016393
NEK5	0.016393
NEK8	0.008197
NEK9	0.008197
NELFA	0.008197
NELFB	0.008197
NELL2	0.008197
NENF	0.008197
NEO1	0.02459
NES	0.032787
NEU2	0.008197
NEU4	0.008197
NEURL	0.008197
NEURL1B	0.016393
NEURL4	0.016393
NEUROD2	0.008197
NEUROD4	0.008197
NEUROD6	0.008197
NEUROG2	0.016393
NEUROG3	0.008197
NEXN	0.008197
NF1	0.008197
NFAM1	0.008197
NFASC	0.040984
NFATC2	0.016393
NFATC2IP	0.008197
NFATC3	0.016393
NFATC4	0.016393
NFE2	0.008197
NFE2L1	0.008197
NFE2L2	0.008197
NFE2L3	0.016393
NFIA	0.008197
NFIB	0.016393
NFIC	0.016393
NFIX	0.016393
NFKB1	0.008197
NFKB2	0.008197
NFKBID	0.016393
NFKBIE	0.008197
NFKBIL1	0.016393
NFKBIZ	0.008197
NFRKB	0.008197
NFU1	0.016393
NFX1	0.02459
NFXL1	0.008197
NFYC	0.008197
NGDN	0.008197
NGEF	0.008197
NGFR	0.008197
NGLY1	0.008197
NHLH1	0.008197
NHLRC2	0.016393
NHS	0.032787
NHSL1	0.008197
NHSL2	0.016393
NID1	0.02459
NID2	0.032787
NIM1	0.008197
NIN	0.016393
NINL	0.016393
NIPAL3	0.008197
NIPAL4	0.008197
NIPBL	0.065574
NIPSNAP3A	0.008197
NISCH	0.008197
NKAIN1	0.008197
NKAIN2	0.016393
NKAIN3	0.008197
NKAP	0.008197
NKAPL	0.016393
NKD1	0.008197
NKPD1	0.008197
NKTR	0.008197
NKX2-1	0.016393
NKX2-2	0.008197
NKX2-3	0.008197
NKX3-2	0.008197
NLE1	0.016393
NLGN1	0.02459
NLGN4X	0.032787
NLK	0.008197
NLN	0.008197
NLRC4	0.02459
NLRC5	0.016393
NLRP1	0.008197
NLRP10	0.008197
NLRP11	0.016393
NLRP12	0.02459
NLRP13	0.016393
NLRP14	0.008197
NLRP2	0.008197
NLRP3	0.02459
NLRP4	0.032787
NLRP5	0.008197
NLRP6	0.008197
NLRP7	0.032787
NLRP8	0.008197
NLRP9	0.016393
NMB	0.008197
NMD3	0.02459
NME4	0.008197
NME5	0.008197
NME7	0.016393
NME8	0.008197
NME9	0.008197
NMNAT2	0.016393
NMNAT3	0.008197
NMRK2	0.008197
NMUR1	0.02459
NMUR2	0.008197
NNMT	0.008197
NNT	0.016393
NOA1	0.016393
NOBOX	0.032787
NOC2L	0.016393
NOC4L	0.008197
NOD1	0.008197
NOD2	0.02459
NOG	0.008197
NOL11	0.008197
NOL4	0.016393
NOL6	0.02459
NOL9	0.008197
NOM1	0.008197
NOMO1	0.008197
NOP2	0.008197
NOP56	0.008197
NOP9	0.016393
NOS1	0.02459
NOS2	0.032787
NOS3	0.02459
NOSIP	0.008197
NOSTRIN	0.008197
NOTCH1	0.04918
NOTCH2	0.032787
NOTCH2NL	0.008197
NOTCH3	0.065574
NOTCH4	0.032787
NOV	0.008197
NOVA1	0.008197
NOX1	0.008197
NOX3	0.02459
NOX4	0.016393
NOX5	0.008197
NOXA1	0.016393
NPAP1	0.016393
NPAS3	0.032787
NPAS4	0.02459
NPAT	0.016393
NPC1	0.008197
NPC1L1	0.008197
NPDC1	0.008197
NPEPPS	0.008197
NPFFR1	0.016393
NPFFR2	0.016393
NPHP1	0.008197
NPHP3	0.008197
NPHS1	0.02459
NPHS2	0.016393
NPPA	0.008197
NPPB	0.016393
NPPC	0.008197
NPR1	0.02459
NPR2	0.02459
NPTX1	0.008197
NPTX2	0.008197
NPY	0.008197
NPY1R	0.008197
NPY4R	0.016393
NPY5R	0.008197
NQO2	0.008197
NR0B1	0.008197
NR1D1	0.016393
NR1H2	0.008197
NR1H4	0.008197
NR1I2	0.008197
NR2C1	0.016393
NR2C2	0.016393
NR2E1	0.008197
NR2F1	0.008197
NR2F2	0.016393
NR2F6	0.008197
NR3C1	0.016393
NR3C2	0.008197
NR4A1	0.008197
NR4A3	0.008197
NR5A2	0.008197
NRAP	0.016393
NRCAM	0.016393
NRD1	0.008197
NRF1	0.008197
NRG2	0.008197
NRG3	0.008197
NRIP1	0.016393
NRK	0.016393
NRM	0.008197
NRP2	0.008197
NRROS	0.016393
NRSN1	0.016393
NRXN1	0.040984
NRXN2	0.016393
NSD1	0.02459
NSDHL	0.008197
NSG2	0.008197
NSL1	0.008197
NSMAF	0.008197
NSMCE4A	0.016393
NSRP1	0.008197
NSUN6	0.008197
NT5C1A	0.02459
NT5C1B	0.016393
NT5C2	0.016393
NT5C3B	0.016393
NT5DC1	0.008197
NT5DC4	0.016393
NT5E	0.016393
NTAN1	0.008197
NTN1	0.008197
NTN3	0.008197
NTN4	0.016393
NTN5	0.008197
NTNG2	0.02459
NTRK1	0.008197
NTRK2	0.008197
NTRK3	0.016393
NTS	0.008197
NUAK1	0.008197
NUAK2	0.016393
NUB1	0.008197
NUBP1	0.016393
NUBP2	0.008197
NUDC	0.008197
NUDCD1	0.008197
NUDT12	0.008197
NUDT16	0.008197
NUDT16L1	0.008197
NUDT19	0.016393
NUDT22	0.008197
NUDT9	0.008197
NUF2	0.016393
NUFIP2	0.032787
NUGGC	0.008197
NUMA1	0.04918
NUP153	0.016393
NUP155	0.016393
NUP160	0.02459
NUP188	0.008197
NUP205	0.032787
NUP210	0.008197
NUP210L	0.04918
NUP214	0.016393
NUP35	0.008197
NUP54	0.016393
NUP62	0.02459
NUP62CL	0.008197
NUP88	0.016393
NUP93	0.016393
NUP98	0.016393
NUTM1	0.016393
NUTM2F	0.008197
NUTM2G	0.008197
NVL	0.008197
NWD1	0.02459
NXF3	0.008197
NXNL2	0.008197
NXPH2	0.008197
NYAP1	0.02459
NYAP2	0.008197
NYNRIN	0.016393
OAS1	0.008197
OAZ1	0.008197
OBSCN	0.106557
OC90	0.016393
OCA2	0.032787
OCLN	0.008197
OCRL	0.008197
OCSTAMP	0.008197
ODC1	0.008197
ODF1	0.008197
ODF2	0.016393
ODF3L2	0.008197
OFD1	0.008197
OGDH	0.008197
OGDHL	0.016393
OGFOD3	0.008197
OGG1	0.008197
OGN	0.008197
OGT	0.016393
OIT3	0.016393
OLA1	0.008197
OLAH	0.008197
OLFM1	0.008197
OLFM3	0.016393
OLFM4	0.008197
OLFML2A	0.016393
OLFML2B	0.016393
OLIG1	0.008197
OLIG2	0.008197
OMA1	0.008197
OMD	0.008197
ONECUT1	0.02459
ONECUT2	0.016393
ONECUT3	0.008197
OPALIN	0.008197
OPCML	0.008197
OPHN1	0.032787
OPN1LW	0.008197
OPN1SW	0.008197
OPN4	0.008197
OPN5	0.008197
OPRD1	0.008197
OPRK1	0.008197
OPRM1	0.008197
OPTC	0.008197
OPTN	0.016393
OR10A2	0.008197
OR10A4	0.008197
OR10A5	0.008197
OR10A6	0.008197
OR10A7	0.008197
OR10AD1	0.008197
OR10C1	0.02459
OR10G3	0.008197
OR10H4	0.016393
OR10J1	0.008197
OR10J3	0.008197
OR10J5	0.008197
OR10K1	0.008197
OR10K2	0.008197
OR10P1	0.016393
OR10Q1	0.016393
OR10R2	0.008197
OR10S1	0.016393
OR10W1	0.016393
OR10X1	0.008197
OR10Z1	0.016393
OR11G2	0.008197
OR11H6	0.008197
OR11L1	0.008197
OR12D2	0.016393
OR12D3	0.008197
OR13C2	0.008197
OR13C3	0.008197
OR13C4	0.008197
OR13C5	0.008197
OR13C8	0.008197
OR13C9	0.008197
OR13D1	0.008197
OR13F1	0.008197
OR13G1	0.016393
OR13H1	0.008197
OR14A16	0.016393
OR14I1	0.008197
OR14K1	0.016393
OR1A1	0.008197
OR1C1	0.016393
OR1D2	0.008197
OR1E2	0.008197
OR1J1	0.008197
OR1J4	0.008197
OR1K1	0.008197
OR1L6	0.008197
OR1M1	0.008197
OR1N1	0.008197
OR1Q1	0.008197
OR1S1	0.008197
OR2A12	0.008197
OR2A25	0.008197
OR2AG1	0.008197
OR2AG2	0.008197
OR2AJ1	0.008197
OR2B11	0.02459
OR2B2	0.008197
OR2B3	0.008197
OR2C3	0.016393
OR2D2	0.008197
OR2D3	0.016393
OR2F1	0.016393
OR2F2	0.008197
OR2G3	0.008197
OR2H1	0.008197
OR2J1	0.008197
OR2L13	0.008197
OR2L3	0.008197
OR2L8	0.008197
OR2M3	0.008197
OR2M4	0.008197
OR2M5	0.008197
OR2M7	0.016393
OR2T1	0.016393
OR2T2	0.008197
OR2T27	0.008197
OR2T33	0.02459
OR2T34	0.008197
OR2T4	0.008197
OR2T6	0.008197
OR2T8	0.008197
OR2V2	0.008197
OR2W1	0.016393
OR2W3	0.02459
OR2Z1	0.008197
OR3A3	0.008197
OR4A16	0.008197
OR4A47	0.008197
OR4A5	0.016393
OR4C12	0.02459
OR4C15	0.008197
OR4C16	0.008197
OR4C46	0.008197
OR4C5	0.008197
OR4D1	0.008197
OR4D10	0.008197
OR4D11	0.008197
OR4D5	0.016393
OR4D6	0.008197
OR4F15	0.008197
OR4K13	0.008197
OR4K15	0.008197
OR4K17	0.008197
OR4K2	0.008197
OR4K5	0.008197
OR4N4	0.016393
OR4N5	0.008197
OR4P4	0.008197
OR4Q3	0.016393
OR4S1	0.008197
OR4X1	0.02459
OR51A2	0.008197
OR51A7	0.008197
OR51B2	0.008197
OR51B4	0.008197
OR51B5	0.008197
OR51B6	0.008197
OR51F2	0.008197
OR51G2	0.032787
OR51H1P	0.016393
OR51I1	0.02459
OR51I2	0.016393
OR51J1	0.008197
OR51L1	0.008197
OR51M1	0.008197
OR51S1	0.008197
OR51V1	0.016393
OR52A5	0.008197
OR52B1P	0.008197
OR52B2	0.008197
OR52B4	0.016393
OR52B6	0.008197
OR52E2	0.008197
OR52E8	0.008197
OR52L1	0.008197
OR52M1	0.008197
OR52N1	0.008197
OR52N4	0.008197
OR52R1	0.008197
OR52W1	0.008197
OR56A3	0.008197
OR56A4	0.008197
OR56B1	0.016393
OR56B3P	0.008197
OR56B4	0.008197
OR5A1	0.008197
OR5A2	0.008197
OR5AC2	0.008197
OR5AN1	0.008197
OR5AP2	0.016393
OR5AS1	0.008197
OR5AU1	0.016393
OR5B12	0.008197
OR5B2	0.008197
OR5B21	0.016393
OR5C1	0.008197
OR5D14	0.008197
OR5H14	0.016393
OR5L2	0.008197
OR5M10	0.008197
OR5M8	0.008197
OR5M9	0.008197
OR5P3	0.02459
OR5R1	0.008197
OR5T1	0.008197
OR5V1	0.016393
OR5W2	0.008197
OR6A2	0.008197
OR6B1	0.008197
OR6B2	0.008197
OR6C1	0.016393
OR6C2	0.008197
OR6C4	0.008197
OR6C68	0.008197
OR6C70	0.008197
OR6F1	0.008197
OR6K2	0.02459
OR6K3	0.008197
OR6K6	0.008197
OR6N1	0.008197
OR6N2	0.016393
OR6P1	0.016393
OR6X1	0.008197
OR7A10	0.008197
OR7A17	0.008197
OR7A5	0.008197
OR7D2	0.016393
OR7D4	0.008197
OR7G1	0.008197
OR8A1	0.008197
OR8B12	0.008197
OR8B3	0.008197
OR8D4	0.008197
OR8H2	0.008197
OR8J3	0.008197
OR8K1	0.008197
OR8K3	0.016393
OR8K5	0.008197
OR8S1	0.008197
OR9G4	0.008197
OR9K2	0.008197
ORAI3	0.008197
ORC3	0.008197
ORC4	0.016393
ORC6	0.008197
ORM1	0.008197
ORMDL1	0.008197
OS9	0.008197
OSBP	0.016393
OSBPL10	0.016393
OSBPL11	0.008197
OSBPL1A	0.008197
OSBPL3	0.008197
OSBPL5	0.008197
OSBPL6	0.008197
OSCAR	0.008197
OSGEP	0.008197
OSGIN1	0.008197
OSM	0.008197
OSMR	0.008197
OSR1	0.016393
OSTN	0.008197
OTOA	0.008197
OTOF	0.02459
OTOG	0.032787
OTOGL	0.040984
OTOL1	0.016393
OTOP1	0.008197
OTOP3	0.02459
OTP	0.008197
OTUB2	0.008197
OTUD4	0.008197
OTUD5	0.008197
OTUD6A	0.016393
OTUD7A	0.016393
OTUD7B	0.008197
OTX1	0.02459
OVCH1	0.008197
OVGP1	0.008197
OXER1	0.008197
OXR1	0.008197
OXSR1	0.008197
OXTR	0.016393
P2RX1	0.016393
P2RX3	0.008197
P2RX4	0.008197
P2RX5	0.008197
P2RX7	0.008197
P2RY1	0.016393
P2RY10	0.016393
P2RY12	0.008197
P2RY4	0.016393
P2RY8	0.008197
P4HA2	0.008197
P4HB	0.008197
PAAF1	0.016393
PABPC1	0.008197
PABPC1L	0.008197
PABPC3	0.008197
PABPC4L	0.016393
PABPC5	0.008197
PABPN1L	0.008197
PACS1	0.008197
PACS2	0.008197
PACSIN1	0.016393
PACSIN2	0.016393
PADI1	0.008197
PADI2	0.008197
PADI3	0.016393
PADI4	0.016393
PAEP	0.008197
PAF1	0.016393
PAGE5	0.008197
PAGR1	0.016393
PAH	0.016393
PAIP1	0.016393
PAK1	0.008197
PAK3	0.008197
PAK4	0.008197
PALB2	0.02459
PALD1	0.02459
PALLD	0.008197
PALM3	0.016393
PAM	0.008197
PAMR1	0.008197
PANK2	0.008197
PANK3	0.008197
PANK4	0.008197
PANX2	0.040984
PANX3	0.008197
PAOX	0.008197
PAPD4	0.008197
PAPD7	0.008197
PAPL	0.016393
PAPLN	0.02459
PAPOLA	0.008197
PAPOLB	0.016393
PAPPA	0.02459
PAPPA2	0.032787
PAPSS1	0.008197
PAQR3	0.008197
PAQR9	0.008197
PARD3	0.008197
PARD3B	0.008197
PARK2	0.016393
PARN	0.008197
PARP1	0.016393
PARP10	0.008197
PARP12	0.032787
PARP15	0.016393
PARP16	0.008197
PARP3	0.016393
PARP4	0.008197
PARP8	0.008197
PARP9	0.032787
PARPBP	0.008197
PARS2	0.008197
PASD1	0.008197
PASK	0.008197
PATE2	0.008197
PATZ1	0.008197
PAWR	0.008197
PAX1	0.02459
PAX2	0.008197
PAX3	0.016393
PAX4	0.008197
PAX5	0.008197
PAX7	0.016393
PAX8	0.008197
PAX9	0.008197
PAXIP1	0.008197
PBDC1	0.016393
PBRM1	0.016393
PBX1	0.016393
PBX2	0.016393
PBX3	0.016393
PC	0.02459
PCBP1	0.008197
PCBP4	0.008197
PCCB	0.008197
PCDH1	0.032787
PCDH10	0.032787
PCDH11X	0.02459
PCDH12	0.008197
PCDH15	0.032787
PCDH17	0.016393
PCDH18	0.008197
PCDH19	0.032787
PCDH20	0.008197
PCDH7	0.008197
PCDH9	0.02459
PCDHA1	0.008197
PCDHA10	0.016393
PCDHA11	0.008197
PCDHA12	0.02459
PCDHA13	0.016393
PCDHA2	0.008197
PCDHA5	0.008197
PCDHA6	0.04918
PCDHA7	0.016393
PCDHA8	0.008197
PCDHA9	0.016393
PCDHB1	0.016393
PCDHB10	0.008197
PCDHB11	0.008197
PCDHB12	0.02459
PCDHB13	0.02459
PCDHB14	0.02459
PCDHB15	0.02459
PCDHB16	0.008197
PCDHB2	0.008197
PCDHB3	0.016393
PCDHB4	0.016393
PCDHB5	0.016393
PCDHB7	0.016393
PCDHB8	0.008197
PCDHGA1	0.016393
PCDHGA11	0.008197
PCDHGA12	0.008197
PCDHGA2	0.008197
PCDHGA3	0.02459
PCDHGA4	0.016393
PCDHGA5	0.008197
PCDHGA7	0.008197
PCDHGA8	0.02459
PCDHGA9	0.008197
PCDHGB1	0.016393
PCDHGB2	0.008197
PCDHGB3	0.02459
PCDHGB4	0.008197
PCDHGB6	0.016393
PCDHGB7	0.02459
PCDHGC3	0.008197
PCDHGC5	0.016393
PCDP1	0.008197
PCED1A	0.008197
PCED1B	0.008197
PCF11	0.02459
PCGF1	0.008197
PCIF1	0.008197
PCK1	0.016393
PCLO	0.07377
PCM1	0.008197
PCMTD1	0.008197
PCNP	0.008197
PCNT	0.032787
PCNX	0.032787
PCNXL2	0.032787
PCOLCE	0.016393
PCSK1	0.008197
PCSK1N	0.008197
PCSK2	0.016393
PCSK4	0.008197
PCSK5	0.02459
PCSK7	0.008197
PCSK9	0.008197
PCYT1B	0.008197
PDCD1	0.008197
PDCD11	0.02459
PDCD1LG2	0.008197
PDCD2	0.008197
PDCD6IP	0.008197
PDCL	0.008197
PDE10A	0.008197
PDE11A	0.008197
PDE1A	0.016393
PDE1B	0.016393
PDE1C	0.02459
PDE2A	0.008197
PDE3A	0.02459
PDE3B	0.040984
PDE4A	0.016393
PDE4B	0.02459
PDE4DIP	0.032787
PDE5A	0.008197
PDE6A	0.016393
PDE6C	0.008197
PDE6D	0.008197
PDE7A	0.008197
PDE7B	0.008197
PDGFD	0.008197
PDGFRA	0.008197
PDGFRB	0.008197
PDHA1	0.016393
PDHB	0.008197
PDIA4	0.016393
PDIK1L	0.008197
PDILT	0.016393
PDK1	0.008197
PDK2	0.008197
PDLIM5	0.008197
PDLIM7	0.008197
PDP2	0.008197
PDPR	0.016393
PDS5A	0.016393
PDS5B	0.008197
PDXDC1	0.02459
PDXK	0.016393
PDZD2	0.008197
PDZD4	0.016393
PDZD8	0.008197
PDZK1IP1	0.008197
PDZRN3	0.016393
PDZRN4	0.008197
PEAK1	0.032787
PEAR1	0.016393
PEBP4	0.008197
PEG10	0.008197
PEG3	0.032787
PELI2	0.016393
PELI3	0.016393
PELP1	0.032787
PER1	0.016393
PER3	0.016393
PES1	0.008197
PET112	0.008197
PEX1	0.016393
PEX11A	0.008197
PEX11G	0.008197
PEX14	0.016393
PEX16	0.008197
PEX2	0.008197
PEX5	0.008197
PEX5L	0.016393
PEX6	0.02459
PFDN6	0.008197
PFKFB1	0.008197
PFKFB2	0.008197
PFKFB3	0.008197
PFKFB4	0.008197
PFKL	0.008197
PFKM	0.008197
PFKP	0.008197
PFN2	0.008197
PGAM1	0.008197
PGAP1	0.016393
PGAP3	0.008197
PGBD1	0.008197
PGBD3	0.008197
PGBD4	0.008197
PGK1	0.016393
PGLYRP2	0.02459
PGLYRP4	0.008197
PGM1	0.008197
PGM2	0.008197
PGM2L1	0.008197
PGM3	0.008197
PGR	0.016393
PGRMC2	0.008197
PHACTR1	0.016393
PHACTR3	0.008197
PHB2	0.008197
PHC1	0.008197
PHC2	0.02459
PHC3	0.02459
PHEX	0.008197
PHF10	0.008197
PHF12	0.02459
PHF13	0.008197
PHF15	0.008197
PHF16	0.016393
PHF17	0.016393
PHF2	0.02459
PHF20	0.008197
PHF20L1	0.008197
PHF21A	0.008197
PHF21B	0.016393
PHF3	0.016393
PHF8	0.008197
PHGDH	0.008197
PHIP	0.02459
PHKA1	0.016393
PHKA2	0.016393
PHKB	0.008197
PHLDA1	0.016393
PHLDB1	0.016393
PHLDB2	0.032787
PHLDB3	0.008197
PHLPP1	0.008197
PHTF1	0.016393
PHTF2	0.016393
PHYH	0.016393
PHYHD1	0.008197
PHYKPL	0.008197
PI15	0.016393
PI16	0.008197
PI4KA	0.02459
PI4KB	0.008197
PIAS3	0.02459
PIBF1	0.008197
PICALM	0.016393
PID1	0.008197
PIDD	0.016393
PIEZO1	0.016393
PIEZO2	0.040984
PIGA	0.008197
PIGB	0.008197
PIGC	0.016393
PIGF	0.008197
PIGG	0.02459
PIGO	0.016393
PIGR	0.008197
PIGT	0.008197
PIGV	0.008197
PIGW	0.008197
PIGX	0.008197
PIK3AP1	0.008197
PIK3C2A	0.02459
PIK3C2B	0.02459
PIK3C2G	0.016393
PIK3C3	0.008197
PIK3CA	0.327869
PIK3CB	0.016393
PIK3CD	0.02459
PIK3CG	0.008197
PIK3R2	0.008197
PIK3R3	0.008197
PIK3R5	0.016393
PIKFYVE	0.016393
PIM2	0.008197
PINK1	0.008197
PIP4K2A	0.008197
PIP5K1C	0.008197
PIPOX	0.008197
PIR	0.008197
PIRT	0.008197
PITPNC1	0.008197
PITPNM1	0.016393
PITPNM2	0.016393
PITPNM3	0.02459
PITX2	0.008197
PIWIL1	0.032787
PIWIL2	0.016393
PIWIL3	0.016393
PJA1	0.02459
PJA2	0.008197
PKD1	0.032787
PKD1L1	0.040984
PKD2	0.02459
PKDREJ	0.008197
PKHD1	0.065574
PKHD1L1	0.057377
PKN1	0.008197
PKN2	0.008197
PKNOX2	0.008197
PKP1	0.008197
PKP2	0.008197
PKP3	0.016393
PKP4	0.008197
PLA1A	0.008197
PLA2G2A	0.008197
PLA2G2D	0.008197
PLA2G2E	0.008197
PLA2G2F	0.008197
PLA2G3	0.016393
PLA2G4A	0.016393
PLA2G4B	0.008197
PLA2G4C	0.008197
PLA2G4E	0.02459
PLA2G4F	0.016393
PLA2G5	0.008197
PLA2R1	0.008197
PLAC9	0.008197
PLAG1	0.032787
PLB1	0.040984
PLCB1	0.032787
PLCB2	0.016393
PLCB3	0.008197
PLCB4	0.016393
PLCD1	0.008197
PLCD4	0.008197
PLCE1	0.04918
PLCG2	0.016393
PLCH1	0.016393
PLCH2	0.02459
PLCL2	0.02459
PLCXD3	0.008197
PLD2	0.008197
PLD4	0.02459
PLD5	0.016393
PLEC	0.040984
PLEK	0.016393
PLEK2	0.008197
PLEKHA2	0.008197
PLEKHA4	0.008197
PLEKHA5	0.008197
PLEKHA6	0.016393
PLEKHA7	0.008197
PLEKHB1	0.008197
PLEKHD1	0.008197
PLEKHF1	0.008197
PLEKHG1	0.02459
PLEKHG2	0.008197
PLEKHG3	0.016393
PLEKHG4B	0.032787
PLEKHG5	0.008197
PLEKHG6	0.008197
PLEKHG7	0.008197
PLEKHH1	0.008197
PLEKHH2	0.008197
PLEKHH3	0.008197
PLEKHM1	0.008197
PLEKHM2	0.02459
PLEKHO2	0.008197
PLEKHS1	0.008197
PLG	0.008197
PLIN2	0.016393
PLIN3	0.008197
PLIN4	0.016393
PLIN5	0.008197
PLK1	0.008197
PLK2	0.016393
PLK3	0.02459
PLK4	0.016393
PLK5	0.008197
PLOD1	0.016393
PLOD3	0.016393
PLP1	0.016393
PLP2	0.008197
PLRG1	0.008197
PLS1	0.02459
PLSCR4	0.008197
PLVAP	0.016393
PLXNA1	0.032787
PLXNA2	0.032787
PLXNA3	0.016393
PLXNA4	0.032787
PLXNB1	0.02459
PLXNB2	0.02459
PLXNB3	0.008197
PLXNC1	0.008197
PLXND1	0.02459
PM20D1	0.016393
PM20D2	0.008197
PMEL	0.008197
PMEPA1	0.016393
PMF1	0.008197
PMP22	0.008197
PMPCB	0.016393
PMS1	0.016393
PMS2	0.008197
PNISR	0.008197
PNLDC1	0.008197
PNLIP	0.008197
PNLIPRP1	0.008197
PNLIPRP3	0.016393
PNMA2	0.016393
PNMA5	0.016393
PNN	0.016393
PNPLA1	0.016393
PNPLA2	0.008197
PNPLA3	0.02459
PNPLA4	0.008197
PNPLA6	0.008197
PNPLA7	0.008197
PNPLA8	0.008197
PNPO	0.008197
PNPT1	0.016393
POC1B	0.008197
POC5	0.008197
PODXL2	0.008197
POF1B	0.008197
POGK	0.008197
POGZ	0.016393
POLA1	0.008197
POLA2	0.008197
POLD1	0.008197
POLD3	0.008197
POLG	0.016393
POLH	0.016393
POLM	0.008197
POLN	0.016393
POLQ	0.032787
POLR1A	0.040984
POLR1E	0.008197
POLR2A	0.02459
POLR2B	0.016393
POLR2H	0.008197
POLR3B	0.008197
POLR3E	0.008197
POLRMT	0.008197
POM121	0.008197
POM121L12	0.04918
POM121L2	0.008197
POMC	0.008197
POMGNT1	0.008197
POMK	0.008197
POMT2	0.008197
PON1	0.008197
PON2	0.008197
PON3	0.008197
POP1	0.008197
POP4	0.008197
POPDC2	0.016393
POPDC3	0.016393
POR	0.008197
PORCN	0.008197
POSTN	0.008197
POTEF	0.008197
POTEG	0.008197
POTEI	0.008197
POTEJ	0.008197
POU2F1	0.016393
POU2F2	0.008197
POU3F2	0.016393
POU3F3	0.008197
POU3F4	0.008197
POU4F2	0.008197
POU4F3	0.008197
POU5F1B	0.02459
POU5F2	0.008197
POU6F2	0.008197
PP2D1	0.008197
PPA2	0.008197
PPAPDC3	0.008197
PPARA	0.016393
PPARGC1A	0.008197
PPARGC1B	0.008197
PPBP	0.008197
PPCDC	0.016393
PPCS	0.008197
PPDPF	0.008197
PPEF1	0.008197
PPEF2	0.008197
PPFIA1	0.016393
PPFIA2	0.016393
PPFIA3	0.008197
PPFIA4	0.008197
PPFIBP2	0.008197
PPHLN1	0.008197
PPIG	0.016393
PPIH	0.008197
PPIL2	0.008197
PPIL3	0.008197
PPIP5K1	0.02459
PPIP5K2	0.008197
PPL	0.008197
PPM1B	0.008197
PPM1D	0.008197
PPM1E	0.016393
PPM1F	0.008197
PPM1H	0.016393
PPM1J	0.008197
PPM1K	0.016393
PPM1L	0.008197
PPP1CC	0.008197
PPP1R10	0.008197
PPP1R12B	0.008197
PPP1R13L	0.008197
PPP1R14D	0.008197
PPP1R15A	0.016393
PPP1R16A	0.008197
PPP1R16B	0.008197
PPP1R1A	0.008197
PPP1R2	0.008197
PPP1R26	0.057377
PPP1R32	0.008197
PPP1R36	0.008197
PPP1R37	0.008197
PPP1R3A	0.008197
PPP1R3F	0.032787
PPP1R9A	0.008197
PPP2R1A	0.016393
PPP2R2A	0.008197
PPP2R2B	0.008197
PPP2R2C	0.008197
PPP2R3A	0.008197
PPP2R3B	0.008197
PPP2R5B	0.008197
PPP2R5E	0.008197
PPP3CB	0.016393
PPP3CC	0.008197
PPP3R2	0.008197
PPP4R1	0.008197
PPP4R1L	0.016393
PPP6C	0.008197
PPP6R1	0.016393
PPP6R2	0.016393
PPP6R3	0.008197
PPT1	0.008197
PQBP1	0.008197
PRAC1	0.008197
PRAM1	0.016393
PRAME	0.016393
PRAMEF10	0.008197
PRAMEF12	0.016393
PRAMEF2	0.008197
PRAMEF4	0.008197
PRAP1	0.016393
PRB1	0.008197
PRB3	0.008197
PRB4	0.016393
PRCC	0.016393
PRDM1	0.016393
PRDM10	0.016393
PRDM12	0.008197
PRDM13	0.016393
PRDM16	0.057377
PRDM2	0.016393
PRDM4	0.016393
PRDM6	0.02459
PRDM8	0.032787
PRDM9	0.02459
PRELID2	0.008197
PREP	0.008197
PREPL	0.016393
PREX1	0.016393
PREX2	0.032787
PRF1	0.008197
PRH2	0.008197
PRICKLE1	0.016393
PRICKLE3	0.008197
PRICKLE4	0.008197
PRKAA2	0.016393
PRKACA	0.008197
PRKACB	0.008197
PRKACG	0.008197
PRKAG1	0.008197
PRKAR2A	0.008197
PRKAR2B	0.02459
PRKCA	0.016393
PRKCB	0.008197
PRKCDBP	0.008197
PRKCE	0.016393
PRKCG	0.016393
PRKCI	0.008197
PRKCQ	0.008197
PRKD1	0.008197
PRKD2	0.008197
PRKG1	0.02459
PRKG2	0.016393
PRKX	0.008197
PRL	0.008197
PRLHR	0.016393
PRLR	0.008197
PRM1	0.008197
PRMT10	0.016393
PRMT7	0.016393
PRMT8	0.008197
PRNT	0.008197
PROB1	0.008197
PROC	0.008197
PROCA1	0.008197
PROKR1	0.008197
PROKR2	0.008197
PROM1	0.008197
PROP1	0.008197
PROS1	0.008197
PROSER1	0.016393
PROSER2	0.008197
PROX1	0.016393
PROX2	0.008197
PROZ	0.008197
PRPF19	0.008197
PRPF3	0.016393
PRPF38B	0.008197
PRPF40A	0.008197
PRPF40B	0.008197
PRPF4B	0.008197
PRPF8	0.016393
PRPH	0.008197
PRPH2	0.008197
PRR12	0.016393
PRR14	0.008197
PRR14L	0.008197
PRR16	0.008197
PRR18	0.016393
PRR22	0.008197
PRR23B	0.016393
PRR24	0.008197
PRR25	0.008197
PRR4	0.008197
PRR5	0.008197
PRRC1	0.008197
PRRC2A	0.016393
PRRC2B	0.02459
PRRC2C	0.065574
PRRG1	0.040984
PRRG2	0.008197
PRSS12	0.008197
PRSS21	0.008197
PRSS23	0.008197
PRSS35	0.016393
PRSS36	0.032787
PRSS37	0.02459
PRSS42	0.008197
PRSS45	0.016393
PRSS54	0.008197
PRSS56	0.016393
PRTG	0.008197
PRUNE	0.008197
PRUNE2	0.040984
PSAPL1	0.008197
PSD	0.02459
PSD2	0.016393
PSD4	0.02459
PSEN1	0.008197
PSEN2	0.008197
PSENEN	0.008197
PSG11	0.008197
PSG3	0.008197
PSG8	0.008197
PSIP1	0.008197
PSKH1	0.008197
PSKH2	0.008197
PSMA2	0.008197
PSMA5	0.016393
PSMB11	0.008197
PSMB3	0.016393
PSMB8	0.008197
PSMB9	0.008197
PSMC5	0.008197
PSMD11	0.016393
PSMD12	0.016393
PSMD3	0.008197
PSMD4	0.008197
PSMD5	0.008197
PSMD7	0.008197
PSME4	0.008197
PSMF1	0.016393
PSMG2	0.008197
PSMG4	0.008197
PTBP1	0.02459
PTBP3	0.008197
PTCD1	0.02459
PTCD2	0.008197
PTCD3	0.02459
PTCH1	0.02459
PTCH2	0.032787
PTCHD1	0.008197
PTCHD2	0.032787
PTCHD3	0.008197
PTCHD4	0.016393
PTCRA	0.008197
PTEN	0.07377
PTGDR2	0.008197
PTGER3	0.008197
PTGFR	0.008197
PTGIR	0.008197
PTGS2	0.016393
PTH2	0.008197
PTH2R	0.008197
PTK2	0.016393
PTK2B	0.016393
PTK7	0.008197
PTN	0.016393
PTOV1	0.02459
PTPDC1	0.008197
PTPLA	0.008197
PTPLAD1	0.008197
PTPN12	0.016393
PTPN13	0.008197
PTPN14	0.008197
PTPN18	0.016393
PTPN2	0.008197
PTPN21	0.008197
PTPN22	0.008197
PTPN23	0.008197
PTPN3	0.008197
PTPN4	0.008197
PTPN7	0.008197
PTPRB	0.016393
PTPRC	0.016393
PTPRCAP	0.008197
PTPRD	0.04918
PTPRE	0.016393
PTPRF	0.016393
PTPRG	0.016393
PTPRH	0.016393
PTPRJ	0.016393
PTPRK	0.040984
PTPRM	0.008197
PTPRN	0.008197
PTPRN2	0.016393
PTPRO	0.057377
PTPRQ	0.016393
PTPRR	0.016393
PTPRS	0.032787
PTPRT	0.016393
PTPRU	0.02459
PTPRZ1	0.016393
PTRF	0.016393
PTRHD1	0.008197
PTX3	0.008197
PTX4	0.016393
PUM1	0.016393
PURG	0.008197
PUS1	0.008197
PUS7	0.016393
PVRIG	0.008197
PVRL1	0.02459
PVRL2	0.016393
PVRL3	0.008197
PWP2	0.008197
PWWP2A	0.008197
PWWP2B	0.016393
PXDC1	0.008197
PXDN	0.008197
PXDNL	0.02459
PXMP4	0.008197
PXN	0.016393
PYCRL	0.02459
PYDC2	0.008197
PYGB	0.008197
PYGL	0.008197
PYGM	0.008197
PYGO1	0.008197
PYGO2	0.008197
PYHIN1	0.008197
PYROXD1	0.008197
PYROXD2	0.008197
PZP	0.02459
QARS	0.008197
QDPR	0.008197
QRFPR	0.02459
QRICH1	0.008197
QRICH2	0.040984
QRSL1	0.016393
QSER1	0.008197
QSOX1	0.008197
QTRTD1	0.008197
R3HDM1	0.008197
RAB10	0.008197
RAB11B	0.008197
RAB11FIP1	0.008197
RAB11FIP2	0.008197
RAB11FIP4	0.02459
RAB11FIP5	0.008197
RAB13	0.008197
RAB18	0.016393
RAB23	0.008197
RAB32	0.008197
RAB33A	0.008197
RAB38	0.008197
RAB3A	0.008197
RAB3B	0.008197
RAB3C	0.008197
RAB3GAP1	0.008197
RAB3GAP2	0.016393
RAB3IL1	0.008197
RAB3IP	0.008197
RAB4B	0.008197
RAB5C	0.008197
RAB6B	0.02459
RAB8B	0.008197
RABEP1	0.008197
RABGAP1	0.008197
RABGAP1L	0.008197
RABIF	0.008197
RABL2B	0.008197
RAC3	0.016393
RAD17	0.008197
RAD21L1	0.008197
RAD50	0.016393
RAD54B	0.016393
RAD54L	0.016393
RAD54L2	0.008197
RAD9A	0.008197
RAD9B	0.008197
RADIL	0.008197
RAET1E	0.008197
RAET1G	0.008197
RAG1	0.02459
RAG2	0.016393
RAI1	0.02459
RAI14	0.008197
RAI2	0.016393
RALB	0.008197
RALGAPA1	0.008197
RALGAPA2	0.008197
RALGPS2	0.016393
RALY	0.008197
RANBP17	0.016393
RANBP2	0.008197
RANGAP1	0.016393
RAP1A	0.008197
RAP1GAP	0.016393
RAP1GAP2	0.008197
RAPGEF1	0.008197
RAPGEF2	0.016393
RAPGEF3	0.008197
RAPGEF5	0.016393
RAPGEFL1	0.008197
RARA	0.008197
RARB	0.016393
RARG	0.008197
RARS	0.008197
RARS2	0.008197
RASA1	0.008197
RASA2	0.008197
RASA3	0.016393
RASAL1	0.008197
RASAL2	0.016393
RASAL3	0.016393
RASD1	0.008197
RASEF	0.008197
RASGRF1	0.016393
RASGRF2	0.016393
RASGRP1	0.016393
RASGRP3	0.016393
RASGRP4	0.008197
RASIP1	0.008197
RASL10B	0.008197
RASL11B	0.016393
RASL12	0.008197
RASSF2	0.008197
RASSF3	0.008197
RASSF4	0.008197
RASSF5	0.008197
RASSF9	0.008197
RAX	0.008197
RB1	0.02459
RB1CC1	0.02459
RBBP5	0.008197
RBBP6	0.008197
RBBP7	0.008197
RBFA	0.008197
RBFOX1	0.016393
RBFOX3	0.008197
RBL1	0.008197
RBL2	0.02459
RBM11	0.02459
RBM12	0.016393
RBM15	0.032787
RBM19	0.008197
RBM23	0.008197
RBM26	0.008197
RBM27	0.016393
RBM28	0.008197
RBM33	0.016393
RBM42	0.008197
RBM43	0.008197
RBM45	0.008197
RBM46	0.016393
RBM47	0.016393
RBM4B	0.016393
RBM5	0.008197
RBM6	0.008197
RBM8A	0.008197
RBMX	0.008197
RBMXL2	0.008197
RBMXL3	0.016393
RBP2	0.008197
RBP3	0.040984
RBPJL	0.02459
RC3H1	0.032787
RCAN1	0.016393
RCAN3	0.008197
RCBTB2	0.008197
RCC1	0.016393
RCC2	0.016393
RCN3	0.016393
RCOR1	0.008197
RCOR2	0.016393
RCOR3	0.016393
RCSD1	0.008197
RD3	0.016393
RD3L	0.008197
RDH12	0.008197
RDH13	0.008197
RECK	0.008197
RECQL	0.008197
RECQL5	0.02459
REEP1	0.008197
REEP3	0.008197
REG1B	0.008197
REG3A	0.016393
REG3G	0.008197
REG4	0.008197
REL	0.008197
RELA	0.008197
RELB	0.016393
RELN	0.04918
REM1	0.008197
REN	0.016393
REPS1	0.016393
REPS2	0.016393
RERE	0.032787
RERG	0.008197
RERGL	0.008197
REST	0.008197
RET	0.02459
RETSAT	0.008197
REV3L	0.008197
REXO1	0.02459
RFC1	0.016393
RFPL2	0.008197
RFPL4AL1	0.008197
RFT1	0.008197
RFTN1	0.008197
RFTN2	0.016393
RFX1	0.008197
RFX2	0.008197
RFX3	0.008197
RFX6	0.016393
RFX7	0.016393
RFX8	0.008197
RFXAP	0.008197
RGAG1	0.04918
RGAG4	0.016393
RGL1	0.008197
RGL3	0.008197
RGL4	0.008197
RGMB	0.008197
RGN	0.016393
RGPD4	0.02459
RGR	0.016393
RGS11	0.016393
RGS12	0.016393
RGS19	0.008197
RGS22	0.008197
RGS3	0.016393
RGS6	0.008197
RGS7	0.008197
RGS8	0.016393
RGS9	0.016393
RGSL1	0.016393
RHAG	0.008197
RHBDD1	0.008197
RHBDD3	0.008197
RHBDF2	0.016393
RHBDL2	0.008197
RHBG	0.02459
RHCG	0.02459
RHO	0.008197
RHOA	0.008197
RHOBTB1	0.008197
RHOD	0.008197
RHOH	0.016393
RHOJ	0.008197
RHOT1	0.008197
RHOT2	0.008197
RHOU	0.008197
RIBC1	0.008197
RIBC2	0.008197
RICTOR	0.008197
RIF1	0.032787
RILP	0.008197
RILPL1	0.008197
RIMBP2	0.016393
RIMBP3	0.008197
RIMKLA	0.02459
RIMKLB	0.008197
RIMS1	0.057377
RIMS2	0.032787
RIMS4	0.008197
RIN1	0.008197
RIN2	0.016393
RIN3	0.02459
RINL	0.008197
RIOK1	0.016393
RIPK1	0.016393
RIPK4	0.008197
RLF	0.016393
RLIM	0.016393
RLN2	0.008197
RLN3	0.008197
RLTPR	0.02459
RMDN2	0.008197
RMDN3	0.016393
RMI1	0.008197
RMND1	0.008197
RNASE3	0.008197
RNASE7	0.008197
RNASET2	0.008197
RND2	0.008197
RNF111	0.016393
RNF112	0.008197
RNF113A	0.008197
RNF114	0.008197
RNF123	0.02459
RNF126	0.016393
RNF130	0.008197
RNF135	0.008197
RNF139	0.008197
RNF145	0.008197
RNF146	0.008197
RNF148	0.008197
RNF149	0.008197
RNF150	0.008197
RNF157	0.008197
RNF165	0.008197
RNF168	0.008197
RNF17	0.008197
RNF180	0.008197
RNF183	0.008197
RNF187	0.008197
RNF19A	0.008197
RNF2	0.008197
RNF207	0.016393
RNF208	0.008197
RNF212	0.008197
RNF213	0.065574
RNF214	0.016393
RNF215	0.008197
RNF216	0.016393
RNF217	0.008197
RNF222	0.008197
RNF223	0.008197
RNF24	0.008197
RNF25	0.008197
RNF31	0.032787
RNF38	0.008197
RNF40	0.008197
RNF43	0.008197
RNF8	0.02459
RNFT1	0.008197
RNFT2	0.008197
RNMT	0.008197
RNPEPL1	0.008197
ROBO1	0.016393
ROBO3	0.008197
ROBO4	0.008197
ROCK1	0.04918
ROCK2	0.016393
ROPN1	0.008197
ROPN1L	0.008197
ROR1	0.016393
RORA	0.016393
RORC	0.008197
ROS1	0.016393
RP1	0.032787
RP1-228P16.5	0.008197
RP1-241P17.4	0.008197
RP11-1055B8.7	0.02459
RP11-105C20.2	0.008197
RP11-113D6.10	0.008197
RP11-1167A19.2	0.008197
RP11-116D17.1	0.008197
RP11-1220K2.2	0.02459
RP11-126K1.2	0.016393
RP11-131H24.4	0.008197
RP11-1396O13.13	0.008197
RP11-144F15.1	0.008197
RP11-187E13.2	0.008197
RP11-204N11.1	0.008197
RP11-20I23.1	0.008197
RP11-268J15.5	0.008197
RP11-321F6.1	0.008197
RP11-352D3.2	0.008197
RP11-385D13.1	0.008197
RP11-386G21.1	0.008197
RP11-404L6.2	0.008197
RP11-433C9.2	0.008197
RP11-451M19.3	0.008197
RP11-520P18.5	0.016393
RP11-683L23.1	0.008197
RP11-758M4.1	0.008197
RP11-766F14.2	0.04918
RP11-89K11.1	0.008197
RP11-93B14.6	0.008197
RP11-9B6.1	0.008197
RP1L1	0.040984
RP2	0.008197
RP3-369A17.5	0.016393
RPA1	0.016393
RPAP1	0.016393
RPE65	0.008197
RPGRIP1	0.008197
RPGRIP1L	0.04918
RPH3A	0.008197
RPL10L	0.008197
RPL19	0.008197
RPL35	0.008197
RPL38	0.008197
RPL39L	0.008197
RPL5	0.02459
RPL7	0.02459
RPL7L1	0.008197
RPLP2	0.008197
RPP21	0.008197
RPP25	0.008197
RPP25L	0.008197
RPRD2	0.016393
RPS13	0.008197
RPS20	0.008197
RPS26	0.008197
RPS6KA1	0.008197
RPS6KA2	0.008197
RPS6KA3	0.02459
RPS6KA4	0.016393
RPS6KL1	0.008197
RPSA	0.008197
RPTN	0.032787
RPTOR	0.008197
RRAGB	0.016393
RRAGC	0.02459
RRBP1	0.008197
RRM2	0.008197
RRM2B	0.008197
RRN3	0.008197
RRP1	0.008197
RRP12	0.008197
RRP15	0.016393
RRP9	0.008197
RS1	0.008197
RSAD1	0.02459
RSBN1	0.016393
RSBN1L	0.016393
RSF1	0.016393
RSG1	0.008197
RSL24D1	0.008197
RSPH1	0.008197
RSPH3	0.008197
RSPH6A	0.008197
RSPO1	0.016393
RSPO3	0.008197
RSPO4	0.008197
RSPRY1	0.008197
RTCA	0.008197
RTDR1	0.008197
RTEL1	0.040984
RTKN	0.008197
RTL1	0.057377
RTN4	0.008197
RTP2	0.016393
RTP3	0.008197
RTTN	0.008197
RUFY3	0.008197
RUNDC3A	0.016393
RUNDC3B	0.008197
RUNX1	0.04918
RUNX1T1	0.032787
RUNX2	0.032787
RUSC2	0.016393
RWDD1	0.008197
RWDD2B	0.008197
RXFP1	0.016393
RXFP2	0.008197
RXRA	0.016393
RXRG	0.008197
RYR1	0.090164
RYR2	0.07377
RYR3	0.032787
S100A7A	0.008197
S100A8	0.008197
S100Z	0.008197
S1PR1	0.016393
SAA2	0.008197
SACS	0.040984
SAFB	0.008197
SAFB2	0.016393
SAGE1	0.008197
SALL1	0.008197
SALL2	0.02459
SALL3	0.02459
SALL4	0.008197
SAMD11	0.008197
SAMD12	0.02459
SAMD14	0.032787
SAMD3	0.008197
SAMD4B	0.016393
SAMD7	0.008197
SAMD9	0.02459
SAMD9L	0.016393
SAMSN1	0.02459
SAP130	0.008197
SAP30BP	0.008197
SARDH	0.02459
SARM1	0.02459
SART1	0.016393
SART3	0.008197
SASH1	0.016393
SASS6	0.008197
SBF1	0.02459
SBF2	0.016393
SBK2	0.016393
SBNO2	0.040984
SBSN	0.008197
SCAF1	0.016393
SCAF11	0.02459
SCAF4	0.008197
SCAF8	0.02459
SCAI	0.008197
SCAND3	0.016393
SCAP	0.008197
SCARB1	0.008197
SCARF1	0.016393
SCCPDH	0.016393
SCD5	0.008197
SCEL	0.008197
SCFD1	0.008197
SCFD2	0.008197
SCG3	0.008197
SCG5	0.008197
SCGB1C1	0.016393
SCGB1D1	0.008197
SCGB2A2	0.008197
SCGN	0.008197
SCIN	0.008197
SCLT1	0.008197
SCMH1	0.02459
SCML1	0.008197
SCML2	0.008197
SCML4	0.008197
SCN10A	0.02459
SCN11A	0.016393
SCN1A	0.016393
SCN2A	0.040984
SCN3A	0.016393
SCN4A	0.02459
SCN5A	0.02459
SCN7A	0.032787
SCN8A	0.016393
SCN9A	0.02459
SCNN1D	0.016393
SCNN1G	0.008197
SCPEP1	0.008197
SCRIB	0.02459
SCRN3	0.008197
SCT	0.02459
SCTR	0.016393
SCUBE1	0.016393
SCUBE2	0.032787
SCUBE3	0.02459
SCYL2	0.008197
SDC1	0.016393
SDC4	0.008197
SDCCAG3	0.008197
SDHB	0.008197
SDK1	0.016393
SDK2	0.02459
SDR16C5	0.008197
SEC14L2	0.008197
SEC14L5	0.008197
SEC14L6	0.008197
SEC16A	0.032787
SEC16B	0.02459
SEC23A	0.008197
SEC23B	0.032787
SEC23IP	0.016393
SEC24B	0.016393
SEC24C	0.016393
SEC24D	0.016393
SEC31A	0.016393
SEC31B	0.008197
SEC61A2	0.008197
SEC61B	0.008197
SEC62	0.008197
SEC63	0.008197
SECISBP2	0.008197
SECISBP2L	0.008197
SEL1L2	0.008197
SEL1L3	0.016393
SELE	0.016393
SELENBP1	0.008197
SELL	0.008197
SELP	0.008197
SELPLG	0.02459
SELV	0.016393
SEMA3A	0.008197
SEMA3C	0.008197
SEMA3D	0.02459
SEMA3E	0.008197
SEMA3F	0.008197
SEMA3G	0.008197
SEMA4C	0.032787
SEMA4G	0.016393
SEMA5A	0.032787
SEMA5B	0.02459
SEMA6B	0.008197
SEMA6C	0.016393
SEMA6D	0.016393
SEMA7A	0.02459
SEMG1	0.008197
SEMG2	0.008197
SENP5	0.008197
SENP6	0.008197
SENP7	0.02459
SEP15	0.008197
SEPHS1	0.008197
SEPHS2	0.008197
SEPN1	0.008197
SEPP1	0.008197
SEPSECS	0.008197
SEPT10	0.008197
SEPT14	0.016393
SEPT2	0.008197
SEPT3	0.008197
SEPT4	0.016393
SEPT7	0.008197
SERAC1	0.008197
SERBP1	0.008197
SERINC3	0.008197
SERINC5	0.008197
SERP2	0.008197
SERPINA10	0.016393
SERPINA11	0.008197
SERPINA3	0.008197
SERPINA4	0.016393
SERPINA5	0.008197
SERPINA9	0.008197
SERPINB12	0.008197
SERPINB2	0.008197
SERPINB6	0.008197
SERPINB7	0.008197
SERPINC1	0.008197
SERPIND1	0.008197
SERPINF2	0.008197
SERPING1	0.016393
SERPINH1	0.008197
SERTAD4	0.008197
SESN1	0.008197
SESTD1	0.016393
SETBP1	0.008197
SETD1A	0.02459
SETD1B	0.04918
SETD2	0.016393
SETD3	0.016393
SETD5	0.008197
SETD7	0.008197
SETDB1	0.016393
SETDB2	0.016393
SETMAR	0.008197
SETX	0.02459
SEZ6	0.016393
SEZ6L	0.016393
SEZ6L2	0.016393
SF3A1	0.008197
SF3A2	0.016393
SF3B1	0.02459
SF3B2	0.008197
SFI1	0.008197
SFMBT1	0.008197
SFMBT2	0.016393
SFRP4	0.016393
SFRP5	0.008197
SFSWAP	0.016393
SFTA3	0.008197
SFTPA2	0.008197
SFTPB	0.008197
SFTPC	0.008197
SFTPD	0.008197
SFXN1	0.008197
SFXN2	0.008197
SFXN4	0.008197
SGCA	0.008197
SGIP1	0.016393
SGMS2	0.008197
SGOL2	0.016393
SGSM1	0.008197
SGSM2	0.008197
SH2B1	0.016393
SH2B2	0.008197
SH2D1B	0.008197
SH2D2A	0.008197
SH2D3C	0.02459
SH2D4A	0.008197
SH2D4B	0.008197
SH2D7	0.008197
SH3BP2	0.016393
SH3BP5	0.008197
SH3BP5L	0.008197
SH3D21	0.016393
SH3GL2	0.016393
SH3GL3	0.008197
SH3KBP1	0.008197
SH3RF2	0.008197
SH3RF3	0.02459
SH3TC1	0.02459
SH3TC2	0.016393
SHANK1	0.02459
SHANK2	0.032787
SHANK3	0.02459
SHBG	0.008197
SHC1	0.016393
SHC2	0.008197
SHC3	0.008197
SHC4	0.008197
SHCBP1	0.008197
SHD	0.032787
SHH	0.016393
SHISA5	0.016393
SHISA7	0.008197
SHKBP1	0.008197
SHOC2	0.016393
SHOX	0.008197
SHPK	0.016393
SHPRH	0.02459
SHROOM1	0.016393
SHROOM2	0.032787
SHROOM3	0.040984
SHROOM4	0.016393
SI	0.04918
SIAE	0.008197
SIDT1	0.016393
SIDT2	0.008197
SIGLEC1	0.032787
SIGLEC10	0.008197
SIGLEC12	0.008197
SIGLEC15	0.008197
SIGLEC5	0.008197
SIGLEC7	0.016393
SIGLEC8	0.016393
SIGLEC9	0.016393
SIGLECL1	0.008197
SIK1	0.016393
SIK2	0.008197
SIK3	0.016393
SIM1	0.008197
SIM2	0.008197
SIMC1	0.008197
SIN3A	0.008197
SIN3B	0.016393
SIPA1	0.008197
SIPA1L1	0.032787
SIPA1L2	0.02459
SIPA1L3	0.04918
SIRPB1	0.008197
SIRPB2	0.008197
SIRPG	0.016393
SIRT1	0.008197
SIRT5	0.016393
SIVA1	0.008197
SIX4	0.008197
SKI	0.02459
SKIDA1	0.02459
SKIV2L	0.008197
SKIV2L2	0.008197
SKOR2	0.008197
SKP2	0.008197
SLA	0.008197
SLAIN2	0.02459
SLAMF6	0.008197
SLAMF7	0.008197
SLAMF9	0.016393
SLC10A2	0.008197
SLC10A4	0.008197
SLC10A5	0.016393
SLC10A6	0.008197
SLC11A1	0.008197
SLC12A1	0.016393
SLC12A3	0.008197
SLC12A4	0.016393
SLC12A5	0.016393
SLC12A7	0.016393
SLC12A8	0.008197
SLC13A1	0.008197
SLC13A2	0.008197
SLC13A3	0.016393
SLC13A4	0.008197
SLC14A2	0.008197
SLC15A1	0.008197
SLC15A2	0.016393
SLC15A3	0.008197
SLC15A4	0.008197
SLC15A5	0.016393
SLC16A1	0.008197
SLC16A3	0.016393
SLC16A5	0.008197
SLC16A7	0.008197
SLC17A1	0.016393
SLC17A2	0.008197
SLC17A3	0.008197
SLC17A4	0.008197
SLC17A6	0.008197
SLC17A8	0.016393
SLC17A9	0.008197
SLC18A1	0.008197
SLC18A2	0.008197
SLC18A3	0.008197
SLC19A2	0.008197
SLC19A3	0.008197
SLC1A1	0.008197
SLC1A2	0.008197
SLC1A4	0.008197
SLC1A5	0.016393
SLC1A6	0.008197
SLC1A7	0.016393
SLC20A1	0.016393
SLC20A2	0.008197
SLC22A1	0.008197
SLC22A11	0.02459
SLC22A12	0.016393
SLC22A14	0.008197
SLC22A15	0.008197
SLC22A16	0.016393
SLC22A18AS	0.008197
SLC22A25	0.008197
SLC22A3	0.008197
SLC22A4	0.016393
SLC22A6	0.008197
SLC22A8	0.016393
SLC22A9	0.008197
SLC23A1	0.008197
SLC23A2	0.016393
SLC24A2	0.008197
SLC24A3	0.016393
SLC24A5	0.008197
SLC25A13	0.02459
SLC25A14	0.008197
SLC25A16	0.008197
SLC25A19	0.016393
SLC25A20	0.008197
SLC25A21	0.008197
SLC25A25	0.008197
SLC25A28	0.008197
SLC25A34	0.008197
SLC25A35	0.008197
SLC25A38	0.008197
SLC25A39	0.008197
SLC25A41	0.008197
SLC25A43	0.008197
SLC25A45	0.008197
SLC25A47	0.040984
SLC25A48	0.008197
SLC25A52	0.008197
SLC25A53	0.008197
SLC25A6	0.008197
SLC26A11	0.016393
SLC26A3	0.016393
SLC26A5	0.016393
SLC26A6	0.008197
SLC26A7	0.008197
SLC26A8	0.016393
SLC26A9	0.016393
SLC27A2	0.008197
SLC27A5	0.02459
SLC27A6	0.008197
SLC28A1	0.008197
SLC28A2	0.016393
SLC28A3	0.02459
SLC29A1	0.008197
SLC29A3	0.008197
SLC29A4	0.008197
SLC2A1	0.016393
SLC2A11	0.016393
SLC2A13	0.008197
SLC2A14	0.008197
SLC2A2	0.016393
SLC2A3	0.008197
SLC2A4RG	0.008197
SLC2A5	0.008197
SLC2A6	0.008197
SLC2A7	0.008197
SLC2A8	0.008197
SLC30A1	0.008197
SLC30A10	0.008197
SLC30A2	0.016393
SLC30A3	0.008197
SLC30A8	0.008197
SLC30A9	0.008197
SLC32A1	0.008197
SLC33A1	0.008197
SLC34A1	0.016393
SLC34A2	0.02459
SLC35A1	0.008197
SLC35A3	0.008197
SLC35B1	0.008197
SLC35B3	0.016393
SLC35C2	0.016393
SLC35D1	0.008197
SLC35E2	0.008197
SLC35F1	0.008197
SLC35G2	0.008197
SLC35G3	0.008197
SLC36A1	0.008197
SLC38A1	0.008197
SLC38A10	0.008197
SLC38A11	0.008197
SLC38A2	0.008197
SLC38A5	0.016393
SLC38A8	0.008197
SLC39A10	0.02459
SLC39A11	0.008197
SLC39A12	0.02459
SLC39A2	0.008197
SLC39A4	0.02459
SLC39A6	0.016393
SLC39A9	0.008197
SLC3A2	0.008197
SLC41A1	0.008197
SLC41A2	0.016393
SLC43A2	0.008197
SLC43A3	0.008197
SLC44A2	0.016393
SLC44A4	0.016393
SLC45A1	0.008197
SLC45A3	0.016393
SLC46A3	0.008197
SLC47A1	0.008197
SLC4A10	0.008197
SLC4A11	0.008197
SLC4A2	0.040984
SLC4A3	0.016393
SLC4A4	0.016393
SLC4A7	0.008197
SLC4A8	0.008197
SLC4A9	0.008197
SLC52A3	0.008197
SLC5A1	0.016393
SLC5A11	0.008197
SLC5A2	0.008197
SLC5A4	0.008197
SLC5A5	0.016393
SLC5A7	0.016393
SLC5A8	0.008197
SLC5A9	0.008197
SLC6A1	0.016393
SLC6A13	0.008197
SLC6A16	0.02459
SLC6A17	0.02459
SLC6A18	0.016393
SLC6A19	0.016393
SLC6A8	0.016393
SLC6A9	0.016393
SLC7A11	0.008197
SLC7A14	0.02459
SLC7A3	0.02459
SLC7A6OS	0.008197
SLC7A7	0.016393
SLC7A8	0.008197
SLC7A9	0.008197
SLC8A1	0.016393
SLC8A2	0.032787
SLC8A3	0.008197
SLC8B1	0.008197
SLC9A1	0.008197
SLC9A2	0.016393
SLC9A3	0.008197
SLC9A3R1	0.008197
SLC9A7	0.016393
SLC9A9	0.016393
SLC9B1	0.008197
SLC9B2	0.008197
SLC9C1	0.02459
SLC9C2	0.02459
SLCO1C1	0.040984
SLCO2A1	0.008197
SLCO2B1	0.008197
SLCO3A1	0.016393
SLCO4A1	0.016393
SLCO5A1	0.008197
SLCO6A1	0.032787
SLFN11	0.008197
SLFN12L	0.008197
SLFN13	0.008197
SLFN14	0.008197
SLIRP	0.008197
SLIT1	0.02459
SLIT2	0.02459
SLIT3	0.02459
SLITRK1	0.008197
SLITRK2	0.016393
SLITRK3	0.008197
SLITRK5	0.008197
SLITRK6	0.008197
SLMAP	0.008197
SLTM	0.008197
SLX4	0.008197
SLX4IP	0.008197
SMAD2	0.008197
SMAD3	0.016393
SMAD4	0.008197
SMAD5	0.008197
SMAD6	0.016393
SMAD7	0.008197
SMAD9	0.008197
SMAP1	0.008197
SMARCA1	0.02459
SMARCA2	0.02459
SMARCA4	0.016393
SMARCA5	0.016393
SMARCAD1	0.016393
SMARCAL1	0.016393
SMARCC2	0.008197
SMARCD1	0.016393
SMARCD2	0.008197
SMARCE1	0.008197
SMC1A	0.016393
SMC1B	0.016393
SMC3	0.008197
SMC6	0.032787
SMCHD1	0.008197
SMG1	0.02459
SMG5	0.008197
SMG6	0.008197
SMG7	0.016393
SMG8	0.032787
SMIM11	0.008197
SMIM9	0.008197
SMPD1	0.016393
SMPD4	0.008197
SMPX	0.008197
SMR3A	0.008197
SMS	0.016393
SMTN	0.016393
SMTNL1	0.016393
SMTNL2	0.016393
SMU1	0.008197
SMUG1	0.008197
SMURF2	0.016393
SMYD1	0.02459
SMYD3	0.008197
SMYD4	0.008197
SMYD5	0.008197
SNAI1	0.008197
SNAI2	0.016393
SNAP25	0.008197
SNAP91	0.02459
SNAPC3	0.008197
SNAPC4	0.032787
SNCA	0.016393
SNCAIP	0.008197
SND1	0.016393
SNED1	0.008197
SNIP1	0.008197
SNRNP200	0.016393
SNRPE	0.008197
SNRPG	0.008197
SNRPN	0.016393
SNTA1	0.008197
SNTG1	0.016393
SNTG2	0.016393
SNUPN	0.008197
SNX12	0.008197
SNX13	0.016393
SNX14	0.016393
SNX15	0.016393
SNX16	0.008197
SNX17	0.008197
SNX18	0.008197
SNX20	0.008197
SNX22	0.008197
SNX24	0.008197
SNX25	0.008197
SNX27	0.008197
SNX29	0.008197
SNX3	0.008197
SNX30	0.008197
SNX31	0.008197
SNX33	0.008197
SNX7	0.016393
SNX8	0.016393
SNX9	0.008197
SOAT1	0.008197
SOAT2	0.016393
SOBP	0.008197
SOCS3	0.008197
SOCS4	0.008197
SOCS5	0.008197
SOD2	0.008197
SOD3	0.008197
SOGA1	0.016393
SOGA2	0.032787
SOGA3	0.008197
SOHLH2	0.016393
SON	0.02459
SORBS1	0.008197
SORBS2	0.016393
SORCS1	0.016393
SORCS2	0.016393
SORCS3	0.02459
SORD	0.008197
SORL1	0.008197
SORT1	0.02459
SOS1	0.008197
SOS2	0.016393
SOST	0.008197
SOSTDC1	0.008197
SOWAHA	0.008197
SOWAHB	0.016393
SOX1	0.016393
SOX11	0.02459
SOX13	0.008197
SOX14	0.016393
SOX17	0.016393
SOX18	0.008197
SOX3	0.02459
SOX5	0.008197
SOX6	0.016393
SOX7	0.008197
SOX8	0.016393
SOX9	0.032787
SP100	0.016393
SP110	0.008197
SP140	0.02459
SP2	0.008197
SP3	0.032787
SP4	0.008197
SP6	0.008197
SP7	0.016393
SP8	0.02459
SPACA7	0.008197
SPAG11A	0.008197
SPAG17	0.040984
SPAG4	0.008197
SPAG9	0.016393
SPAM1	0.008197
SPARCL1	0.016393
SPATA13	0.008197
SPATA16	0.008197
SPATA18	0.008197
SPATA20	0.008197
SPATA21	0.008197
SPATA24	0.008197
SPATA31D1	0.04918
SPATA31E1	0.02459
SPATA7	0.008197
SPATC1	0.008197
SPATC1L	0.016393
SPATS1	0.008197
SPATS2	0.008197
SPDEF	0.008197
SPDYC	0.008197
SPDYE1	0.008197
SPECC1L	0.008197
SPEF2	0.008197
SPEG	0.040984
SPEM1	0.016393
SPEN	0.065574
SPERT	0.008197
SPG11	0.008197
SPG20	0.016393
SPG21	0.008197
SPHK1	0.016393
SPHK2	0.008197
SPHKAP	0.040984
SPIB	0.008197
SPICE1	0.016393
SPIN1	0.008197
SPIN3	0.008197
SPIN4	0.008197
SPINK5	0.02459
SPINK6	0.008197
SPINK7	0.016393
SPINK8	0.008197
SPINT1	0.008197
SPIRE2	0.008197
SPN	0.008197
SPNS1	0.008197
SPNS2	0.008197
SPNS3	0.008197
SPO11	0.008197
SPOCD1	0.032787
SPOCK1	0.008197
SPOCK3	0.016393
SPOP	0.016393
SPOPL	0.008197
SPP1	0.008197
SPPL2C	0.008197
SPPL3	0.008197
SPRED1	0.008197
SPRED2	0.008197
SPRED3	0.008197
SPRR1B	0.008197
SPRR2D	0.008197
SPRR3	0.008197
SPTA1	0.07377
SPTAN1	0.032787
SPTB	0.032787
SPTBN1	0.02459
SPTBN2	0.016393
SPTBN4	0.02459
SPTBN5	0.04918
SPTLC1	0.02459
SPTY2D1	0.008197
SPZ1	0.008197
SQLE	0.008197
SQRDL	0.008197
SRBD1	0.008197
SRCAP	0.040984
SRCIN1	0.016393
SRCRB4D	0.016393
SRD5A3	0.016393
SREBF2	0.016393
SRF	0.02459
SRFBP1	0.008197
SRGAP1	0.04918
SRGN	0.008197
SRL	0.008197
SRM	0.008197
SRMS	0.008197
SRP72	0.008197
SRPK2	0.008197
SRPK3	0.016393
SRPR	0.016393
SRPX	0.016393
SRRD	0.008197
SRRM2	0.016393
SRRM3	0.016393
SRRM4	0.040984
SRSF6	0.016393
SRSF7	0.008197
SRSF9	0.008197
SSC5D	0.02459
SSH1	0.032787
SSH2	0.040984
SSH3	0.02459
SSMEM1	0.008197
SSR1	0.008197
SSR2	0.008197
SSRP1	0.032787
SSSCA1	0.008197
SST	0.008197
SSTR1	0.008197
SSTR2	0.02459
SSTR3	0.008197
SSTR4	0.008197
SSUH2	0.008197
SSX2IP	0.008197
SSX7	0.016393
ST13	0.008197
ST18	0.032787
ST3GAL1	0.008197
ST3GAL6	0.008197
ST5	0.016393
ST6GAL1	0.008197
ST6GALNAC1	0.008197
ST6GALNAC3	0.008197
ST6GALNAC4	0.008197
ST8SIA5	0.008197
ST8SIA6	0.008197
STAB1	0.04918
STAB2	0.040984
STAC	0.016393
STAC2	0.016393
STAC3	0.008197
STAG1	0.016393
STAG2	0.02459
STAG3	0.008197
STAM	0.008197
STAM2	0.016393
STAP1	0.008197
STARD13	0.008197
STARD7	0.008197
STARD8	0.016393
STARD9	0.065574
STAT1	0.008197
STAT2	0.016393
STAT3	0.016393
STAT4	0.008197
STAT5B	0.008197
STAT6	0.008197
STATH	0.008197
STAU2	0.016393
STEAP1B	0.008197
STEAP2	0.02459
STEAP3	0.008197
STEAP4	0.008197
STIM1	0.008197
STIM2	0.008197
STK10	0.016393
STK11	0.016393
STK11IP	0.016393
STK17A	0.008197
STK17B	0.008197
STK24	0.016393
STK32A	0.016393
STK32B	0.008197
STK32C	0.016393
STK33	0.02459
STK36	0.02459
STK38L	0.008197
STMN2	0.008197
STMND1	0.008197
STOM	0.016393
STOML1	0.008197
STOML3	0.008197
STOX1	0.008197
STOX2	0.02459
STPG1	0.008197
STPG2	0.008197
STRA6	0.008197
STRA8	0.008197
STRADA	0.008197
STRAP	0.008197
STRC	0.008197
STRIP1	0.016393
STRN3	0.008197
STRN4	0.016393
STS	0.008197
STT3B	0.02459
STX11	0.032787
STX16	0.008197
STX18	0.016393
STX1A	0.008197
STX4	0.008197
STX6	0.016393
STXBP2	0.016393
STXBP5	0.02459
STXBP5L	0.02459
SUCLA2	0.008197
SUCO	0.008197
SUDS3	0.008197
SUFU	0.008197
SUGP1	0.008197
SUGP2	0.008197
SULF1	0.008197
SULF2	0.02459
SULT1A2	0.008197
SULT1B1	0.008197
SULT1C2	0.008197
SULT2B1	0.008197
SULT4A1	0.008197
SULT6B1	0.008197
SUMF1	0.008197
SUN1	0.008197
SUN3	0.008197
SUPT16H	0.008197
SUPT20H	0.008197
SUPT3H	0.016393
SUPT5H	0.016393
SUPT7L	0.008197
SURF1	0.008197
SUSD1	0.008197
SUSD2	0.008197
SUSD4	0.016393
SUSD5	0.008197
SUV39H1	0.016393
SUV420H2	0.008197
SUZ12	0.02459
SV2A	0.016393
SV2B	0.008197
SV2C	0.02459
SVEP1	0.016393
SVIL	0.008197
SWAP70	0.008197
SWSAP1	0.008197
SWT1	0.008197
SYBU	0.008197
SYCE2	0.008197
SYCP1	0.008197
SYCP2	0.016393
SYCP2L	0.016393
SYCP3	0.016393
SYDE1	0.016393
SYDE2	0.008197
SYK	0.016393
SYMPK	0.02459
SYN1	0.016393
SYN3	0.008197
SYNC	0.008197
SYNCRIP	0.008197
SYNDIG1	0.008197
SYNDIG1L	0.008197
SYNE1	0.07377
SYNE2	0.02459
SYNE3	0.008197
SYNE4	0.008197
SYNGR4	0.008197
SYNJ2	0.02459
SYNM	0.008197
SYNPO2	0.016393
SYNPO2L	0.008197
SYNPR	0.008197
SYNRG	0.016393
SYP	0.008197
SYPL2	0.008197
SYT1	0.008197
SYT10	0.008197
SYT11	0.008197
SYT12	0.008197
SYT14	0.016393
SYT15	0.008197
SYT16	0.008197
SYT2	0.008197
SYT3	0.02459
SYT5	0.016393
SYT6	0.016393
SYT9	0.008197
SYTL2	0.008197
SYVN1	0.008197
SZT2	0.032787
T	0.016393
TAAR1	0.016393
TAAR2	0.008197
TAAR5	0.008197
TAAR8	0.008197
TAB2	0.008197
TAB3	0.032787
TACC2	0.02459
TACC3	0.008197
TACR3	0.02459
TACSTD2	0.016393
TAF1	0.02459
TAF11	0.008197
TAF15	0.016393
TAF1A	0.008197
TAF1B	0.008197
TAF1L	0.016393
TAF2	0.008197
TAF3	0.032787
TAF4	0.008197
TAF4B	0.016393
TAF7	0.008197
TAF7L	0.008197
TAGAP	0.008197
TAL1	0.008197
TAL2	0.008197
TANC1	0.016393
TANC2	0.016393
TANGO6	0.02459
TAOK1	0.02459
TAOK2	0.008197
TAP2	0.008197
TARBP1	0.008197
TARM1	0.008197
TARS	0.016393
TARS2	0.008197
TARSL2	0.02459
TAS1R2	0.016393
TAS1R3	0.008197
TAS2R1	0.008197
TAS2R10	0.008197
TAS2R13	0.008197
TAS2R19	0.008197
TAS2R39	0.016393
TAS2R40	0.008197
TAS2R41	0.008197
TAS2R5	0.008197
TAS2R7	0.008197
TAT	0.016393
TAX1BP1	0.016393
TAZ	0.008197
TBC1D1	0.02459
TBC1D10B	0.008197
TBC1D12	0.02459
TBC1D14	0.016393
TBC1D15	0.016393
TBC1D16	0.008197
TBC1D17	0.016393
TBC1D19	0.008197
TBC1D20	0.016393
TBC1D21	0.008197
TBC1D22A	0.008197
TBC1D25	0.008197
TBC1D2B	0.016393
TBC1D30	0.008197
TBC1D31	0.016393
TBC1D32	0.02459
TBC1D4	0.02459
TBC1D5	0.008197
TBC1D8	0.016393
TBC1D8B	0.016393
TBC1D9B	0.008197
TBCC	0.008197
TBCCD1	0.016393
TBCE	0.02459
TBCK	0.008197
TBKBP1	0.02459
TBL1X	0.008197
TBP	0.008197
TBPL2	0.02459
TBX1	0.008197
TBX10	0.008197
TBX15	0.032787
TBX18	0.040984
TBX19	0.016393
TBX20	0.008197
TBX21	0.008197
TBX22	0.008197
TBX3	0.008197
TBX4	0.016393
TBX5	0.016393
TBX6	0.008197
TBXA2R	0.008197
TBXAS1	0.008197
TCEA2	0.016393
TCEAL3	0.008197
TCEAL6	0.008197
TCEANC	0.008197
TCEB1	0.008197
TCF12	0.016393
TCF15	0.008197
TCF20	0.02459
TCF21	0.008197
TCF23	0.016393
TCF4	0.016393
TCHH	0.02459
TCHHL1	0.040984
TCHP	0.016393
TCIRG1	0.008197
TCL1B	0.008197
TCN1	0.008197
TCOF1	0.008197
TCP1	0.008197
TCP10	0.008197
TCP10L2	0.008197
TCP11L1	0.008197
TCP11L2	0.008197
TCTE1	0.02459
TCTEX1D1	0.016393
TCTN3	0.008197
TDP1	0.008197
TDRD1	0.016393
TDRD12	0.016393
TDRD15	0.008197
TDRD3	0.016393
TDRD5	0.02459
TDRD6	0.008197
TDRD7	0.008197
TDRD9	0.016393
TDRKH	0.016393
TEAD1	0.008197
TEAD2	0.008197
TECPR1	0.02459
TECPR2	0.016393
TECTA	0.040984
TEDDM1	0.008197
TEK	0.016393
TEKT1	0.008197
TEKT3	0.008197
TENC1	0.016393
TENM1	0.02459
TENM2	0.016393
TENM3	0.032787
TENM4	0.057377
TEP1	0.040984
TERF1	0.008197
TERF2IP	0.008197
TERT	0.008197
TESPA1	0.008197
TET1	0.016393
TET2	0.016393
TET3	0.016393
TEX11	0.008197
TEX13B	0.008197
TEX14	0.016393
TEX15	0.008197
TEX2	0.02459
TEX264	0.008197
TEX33	0.008197
TEX35	0.02459
TEX37	0.008197
TF	0.02459
TFAP2A	0.008197
TFAP2D	0.008197
TFAP2E	0.008197
TFCP2	0.008197
TFCP2L1	0.008197
TFDP1	0.032787
TFDP3	0.008197
TFE3	0.016393
TFEB	0.008197
TFIP11	0.008197
TFPI2	0.016393
TFR2	0.016393
TG	0.02459
TGFB2	0.008197
TGFB3	0.008197
TGFBR2	0.008197
TGFBR3	0.02459
TGFBR3L	0.008197
TGIF2LX	0.008197
TGM1	0.008197
TGM3	0.008197
TGM4	0.016393
TGM5	0.016393
TGM6	0.008197
THAP1	0.008197
THAP10	0.008197
THAP11	0.008197
THAP7	0.008197
THBD	0.008197
THBS1	0.016393
THBS2	0.008197
THBS3	0.008197
THBS4	0.02459
THEG	0.016393
THEMIS	0.016393
THNSL1	0.008197
THOC1	0.008197
THOC2	0.032787
THOC5	0.008197
THPO	0.008197
THRA	0.02459
THRAP3	0.02459
THRSP	0.008197
THSD1	0.008197
THSD4	0.016393
THSD7A	0.016393
THSD7B	0.032787
THUMPD2	0.008197
THUMPD3	0.02459
TIA1	0.008197
TIAM2	0.008197
TICRR	0.008197
TIE1	0.032787
TIGD2	0.008197
TIGD3	0.008197
TIGD4	0.016393
TIGIT	0.008197
TIMM22	0.008197
TIMP1	0.008197
TIMP2	0.008197
TINAG	0.008197
TINAGL1	0.008197
TJAP1	0.008197
TJP1	0.032787
TJP3	0.016393
TKTL2	0.016393
TLCD2	0.008197
TLDC1	0.008197
TLE1	0.016393
TLE3	0.008197
TLE4	0.040984
TLK2	0.02459
TLL1	0.016393
TLL2	0.016393
TLN1	0.008197
TLN2	0.057377
TLR1	0.016393
TLR10	0.008197
TLR2	0.016393
TLR3	0.016393
TLR4	0.016393
TLR5	0.008197
TLR6	0.02459
TLR7	0.016393
TLR8	0.008197
TLR9	0.008197
TLX1	0.016393
TLX3	0.008197
TM2D1	0.008197
TM4SF20	0.008197
TM4SF4	0.008197
TM7SF3	0.008197
TM9SF2	0.008197
TMC1	0.008197
TMC2	0.040984
TMC3	0.02459
TMC4	0.008197
TMC6	0.016393
TMC7	0.016393
TMCC1	0.008197
TMCC3	0.008197
TMCO3	0.008197
TMCO4	0.016393
TMCO5A	0.008197
TMED3	0.016393
TMED6	0.008197
TMED8	0.008197
TMEFF2	0.008197
TMEM101	0.008197
TMEM102	0.008197
TMEM117	0.008197
TMEM121	0.008197
TMEM123	0.008197
TMEM126A	0.008197
TMEM128	0.008197
TMEM131	0.02459
TMEM132A	0.016393
TMEM132B	0.016393
TMEM132C	0.02459
TMEM132D	0.016393
TMEM132E	0.032787
TMEM134	0.008197
TMEM141	0.008197
TMEM143	0.016393
TMEM14B	0.008197
TMEM151A	0.016393
TMEM160	0.008197
TMEM161A	0.008197
TMEM161B	0.008197
TMEM164	0.008197
TMEM171	0.008197
TMEM175	0.008197
TMEM176A	0.008197
TMEM176B	0.008197
TMEM178B	0.008197
TMEM184B	0.008197
TMEM189	0.008197
TMEM19	0.008197
TMEM198	0.008197
TMEM2	0.032787
TMEM200A	0.008197
TMEM200C	0.008197
TMEM202	0.008197
TMEM206	0.008197
TMEM212	0.008197
TMEM214	0.02459
TMEM217	0.008197
TMEM221	0.008197
TMEM225	0.008197
TMEM229B	0.008197
TMEM232	0.008197
TMEM233	0.016393
TMEM235	0.008197
TMEM239	0.008197
TMEM245	0.008197
TMEM249	0.008197
TMEM25	0.008197
TMEM253	0.016393
TMEM255B	0.008197
TMEM26	0.008197
TMEM260	0.008197
TMEM261	0.008197
TMEM30B	0.008197
TMEM37	0.008197
TMEM38A	0.008197
TMEM39A	0.008197
TMEM39B	0.016393
TMEM43	0.008197
TMEM45A	0.008197
TMEM51	0.016393
TMEM55A	0.008197
TMEM57	0.008197
TMEM59L	0.008197
TMEM60	0.008197
TMEM62	0.008197
TMEM63A	0.008197
TMEM63B	0.016393
TMEM63C	0.008197
TMEM64	0.008197
TMEM65	0.008197
TMEM67	0.008197
TMEM69	0.008197
TMEM70	0.008197
TMEM71	0.008197
TMEM74	0.008197
TMEM87A	0.008197
TMEM8A	0.008197
TMEM8B	0.008197
TMEM92	0.008197
TMEM98	0.008197
TMEM99	0.008197
TMF1	0.016393
TMOD1	0.008197
TMOD3	0.008197
TMPO	0.008197
TMPRSS11A	0.008197
TMPRSS11D	0.008197
TMPRSS11E	0.008197
TMPRSS11F	0.008197
TMPRSS13	0.016393
TMPRSS15	0.032787
TMPRSS2	0.016393
TMPRSS3	0.016393
TMPRSS6	0.016393
TMPRSS7	0.02459
TMPRSS9	0.016393
TMTC1	0.008197
TMTC2	0.008197
TMTC3	0.016393
TMTC4	0.008197
TMX2	0.008197
TNC	0.032787
TNFAIP1	0.016393
TNFAIP2	0.016393
TNFAIP3	0.016393
TNFAIP8L2	0.008197
TNFRSF10C	0.008197
TNFRSF11B	0.008197
TNFRSF14	0.016393
TNFRSF1A	0.008197
TNFRSF1B	0.008197
TNFRSF21	0.008197
TNFRSF25	0.008197
TNFRSF4	0.008197
TNFRSF9	0.008197
TNFSF11	0.008197
TNFSF18	0.008197
TNFSF9	0.02459
TNIK	0.02459
TNIP1	0.016393
TNIP3	0.008197
TNK2	0.02459
TNKS	0.008197
TNKS2	0.008197
TNMD	0.008197
TNN	0.02459
TNNC1	0.008197
TNNI1	0.008197
TNNI2	0.02459
TNNI3K	0.016393
TNNT2	0.008197
TNNT3	0.016393
TNPO1	0.008197
TNPO2	0.008197
TNPO3	0.016393
TNR	0.040984
TNRC18	0.040984
TNRC6A	0.02459
TNRC6B	0.02459
TNRC6C	0.057377
TNS1	0.008197
TNS4	0.008197
TNXB	0.032787
TOB1	0.008197
TOB2	0.016393
TOM1	0.008197
TOMM6	0.016393
TOMM70A	0.016393
TONSL	0.032787
TOP1MT	0.008197
TOP2A	0.008197
TOP2B	0.016393
TOP3A	0.008197
TOPAZ1	0.008197
TOPBP1	0.02459
TOR1AIP1	0.032787
TOR1AIP2	0.008197
TOR1B	0.016393
TOR2A	0.008197
TOR3A	0.008197
TOR4A	0.008197
TOX3	0.008197
TOX4	0.016393
TP53	0.42623
TP53AIP1	0.008197
TP53BP1	0.016393
TP53BP2	0.016393
TP53I13	0.02459
TP63	0.008197
TPBG	0.008197
TPBGL	0.008197
TPCN1	0.008197
TPCN2	0.016393
TPD52L3	0.008197
TPH1	0.02459
TPH2	0.008197
TPI1	0.008197
TPK1	0.008197
TPO	0.016393
TPP1	0.008197
TPP2	0.016393
TPPP3	0.008197
TPR	0.02459
TPRG1L	0.008197
TPRX2P	0.008197
TPSG1	0.008197
TPST2	0.008197
TPTE2	0.008197
TRABD2A	0.008197
TRABD2B	0.008197
TRAF1	0.02459
TRAF3	0.008197
TRAF3IP2	0.008197
TRAF4	0.008197
TRAF6	0.016393
TRAFD1	0.016393
TRAIP	0.016393
TRAK1	0.02459
TRAM1L1	0.008197
TRANK1	0.032787
TRAPPC1	0.008197
TRAPPC10	0.008197
TRAPPC11	0.016393
TRAPPC12	0.02459
TRAPPC13	0.016393
TRAPPC3L	0.016393
TRAPPC4	0.008197
TRAPPC6A	0.008197
TRAPPC6B	0.008197
TRAPPC8	0.016393
TRAPPC9	0.032787
TRDMT1	0.008197
TRDN	0.008197
TREM1	0.008197
TREML2	0.008197
TRERF1	0.016393
TRH	0.008197
TRHDE	0.016393
TRHR	0.016393
TRIB3	0.008197
TRIM10	0.008197
TRIM11	0.008197
TRIM14	0.02459
TRIM15	0.008197
TRIM16L	0.016393
TRIM17	0.016393
TRIM21	0.008197
TRIM24	0.02459
TRIM26	0.008197
TRIM27	0.016393
TRIM3	0.008197
TRIM31	0.008197
TRIM32	0.016393
TRIM34	0.008197
TRIM38	0.016393
TRIM39	0.008197
TRIM40	0.02459
TRIM41	0.008197
TRIM42	0.016393
TRIM43	0.008197
TRIM44	0.008197
TRIM45	0.016393
TRIM46	0.02459
TRIM49B	0.008197
TRIM5	0.008197
TRIM50	0.008197
TRIM51	0.008197
TRIM55	0.008197
TRIM56	0.008197
TRIM58	0.008197
TRIM59	0.008197
TRIM60	0.008197
TRIM63	0.008197
TRIM64B	0.008197
TRIM64C	0.008197
TRIM66	0.016393
TRIM68	0.016393
TRIM69	0.016393
TRIM71	0.016393
TRIM72	0.032787
TRIM77	0.008197
TRIM8	0.008197
TRIM9	0.008197
TRIO	0.04918
TRIOBP	0.04918
TRIP10	0.008197
TRIP11	0.016393
TRIP12	0.032787
TRIP13	0.008197
TRIP6	0.008197
TRIQK	0.008197
TRMT1	0.008197
TRMT10A	0.008197
TRMT10C	0.008197
TRMT12	0.008197
TRMT1L	0.008197
TRMT44	0.02459
TRMT5	0.008197
TRO	0.016393
TROVE2	0.008197
TRPA1	0.02459
TRPC1	0.02459
TRPC3	0.016393
TRPC4	0.02459
TRPC5	0.016393
TRPC6	0.016393
TRPC7	0.016393
TRPM1	0.032787
TRPM2	0.02459
TRPM3	0.032787
TRPM4	0.032787
TRPM5	0.02459
TRPM6	0.008197
TRPM7	0.016393
TRPM8	0.008197
TRPS1	0.02459
TRPV2	0.008197
TRPV4	0.008197
TRPV6	0.008197
TRRAP	0.040984
TRUB1	0.008197
TSACC	0.008197
TSC1	0.016393
TSC22D1	0.008197
TSC22D2	0.016393
TSC22D3	0.008197
TSEN2	0.008197
TSEN34	0.008197
TSEN54	0.008197
TSG101	0.008197
TSGA10	0.008197
TSGA13	0.008197
TSHZ1	0.02459
TSHZ3	0.040984
TSKS	0.008197
TSLP	0.008197
TSN	0.008197
TSNARE1	0.016393
TSNAX	0.016393
TSPAN1	0.008197
TSPAN12	0.008197
TSPAN19	0.016393
TSPEAR	0.016393
TSPYL2	0.008197
TSPYL4	0.008197
TSPYL5	0.008197
TSPYL6	0.016393
TSSK2	0.008197
TSSK3	0.008197
TSTA3	0.02459
TTBK1	0.032787
TTC12	0.008197
TTC14	0.040984
TTC16	0.008197
TTC18	0.016393
TTC21B	0.008197
TTC22	0.008197
TTC23	0.008197
TTC24	0.016393
TTC26	0.008197
TTC27	0.008197
TTC28	0.04918
TTC29	0.008197
TTC3	0.016393
TTC30A	0.008197
TTC31	0.008197
TTC34	0.016393
TTC38	0.008197
TTC39A	0.016393
TTC40	0.02459
TTC6	0.040984
TTC7A	0.016393
TTC9	0.008197
TTC9B	0.016393
TTF2	0.016393
TTI1	0.016393
TTI2	0.008197
TTLL1	0.008197
TTLL10	0.008197
TTLL12	0.008197
TTLL13	0.016393
TTLL2	0.016393
TTLL4	0.02459
TTLL5	0.016393
TTLL6	0.008197
TTLL7	0.016393
TTLL8	0.008197
TTLL9	0.008197
TTN	0.270492
TTYH1	0.008197
TTYH2	0.008197
TTYH3	0.008197
TUBA1A	0.008197
TUBA3C	0.032787
TUBA8	0.008197
TUBAL3	0.032787
TUBB2B	0.008197
TUBB3	0.016393
TUBB8	0.008197
TUBG1	0.008197
TUBGCP5	0.016393
TUBGCP6	0.02459
TUFT1	0.008197
TULP1	0.016393
TULP3	0.02459
TULP4	0.016393
TUSC3	0.008197
TUSC5	0.008197
TWF1	0.008197
TXK	0.008197
TXLNA	0.008197
TXLNB	0.008197
TXNDC16	0.008197
TXNDC2	0.016393
TXNDC5	0.008197
TXNRD2	0.008197
TYK2	0.016393
TYR	0.008197
TYRO3	0.008197
TYROBP	0.008197
TYSND1	0.008197
U2AF2	0.008197
UACA	0.008197
UAP1	0.008197
UAP1L1	0.008197
UBA1	0.008197
UBA2	0.008197
UBA5	0.016393
UBA52	0.008197
UBA6	0.008197
UBAP2	0.02459
UBAP2L	0.016393
UBASH3A	0.008197
UBASH3B	0.008197
UBB	0.008197
UBBP4	0.008197
UBE2B	0.008197
UBE2F	0.008197
UBE2G1	0.008197
UBE2G2	0.008197
UBE2Q2	0.008197
UBE2T	0.008197
UBE3B	0.008197
UBE3C	0.008197
UBE4A	0.016393
UBE4B	0.008197
UBN1	0.016393
UBN2	0.008197
UBOX5	0.008197
UBQLN1	0.008197
UBQLN2	0.016393
UBQLN3	0.008197
UBQLN4	0.016393
UBQLNL	0.016393
UBR1	0.032787
UBR2	0.02459
UBR3	0.008197
UBR4	0.057377
UBR5	0.016393
UBTF	0.008197
UBXN2A	0.008197
UBXN4	0.008197
UCHL3	0.008197
UCKL1	0.016393
UCMA	0.008197
UCN2	0.008197
UCN3	0.008197
UCP3	0.008197
UEVLD	0.008197
UFD1L	0.008197
UFL1	0.02459
UGDH	0.008197
UGGT1	0.032787
UGT1A1	0.02459
UGT1A10	0.008197
UGT1A6	0.008197
UGT1A7	0.008197
UGT2A1	0.008197
UGT2A3	0.016393
UGT2B11	0.016393
UGT2B28	0.016393
UGT2B4	0.008197
UGT3A1	0.008197
UGT3A2	0.016393
UGT8	0.016393
UHRF1BP1	0.008197
UHRF1BP1L	0.016393
UHRF2	0.016393
ULK4	0.008197
UMOD	0.008197
UMODL1	0.032787
UMPS	0.008197
UNC13A	0.02459
UNC13B	0.032787
UNC13C	0.02459
UNC13D	0.016393
UNC45B	0.016393
UNC50	0.008197
UNC5B	0.008197
UNC5C	0.016393
UNC5CL	0.016393
UNC5D	0.02459
UNC79	0.02459
UNC80	0.04918
UNC93A	0.016393
UNCX	0.008197
UNK	0.008197
UNKL	0.02459
UPF3A	0.008197
UPK2	0.008197
UPP2	0.008197
UQCR10	0.008197
UQCRC2	0.008197
UQCRH	0.008197
URB1	0.016393
URB2	0.016393
URI1	0.008197
UROC1	0.008197
USB1	0.008197
USF1	0.008197
USF2	0.008197
USH1C	0.008197
USH1G	0.008197
USH2A	0.065574
USHBP1	0.032787
USO1	0.008197
USP1	0.008197
USP12	0.008197
USP16	0.02459
USP17L10	0.008197
USP17L2	0.008197
USP19	0.016393
USP20	0.016393
USP21	0.02459
USP22	0.008197
USP24	0.008197
USP25	0.016393
USP26	0.016393
USP27X	0.008197
USP28	0.016393
USP29	0.016393
USP3	0.008197
USP31	0.008197
USP32	0.016393
USP34	0.02459
USP36	0.016393
USP38	0.016393
USP42	0.008197
USP43	0.016393
USP44	0.008197
USP45	0.016393
USP47	0.008197
USP48	0.008197
USP49	0.02459
USP53	0.016393
USP54	0.016393
USP6	0.02459
USP6NL	0.016393
USP8	0.016393
USP9X	0.016393
UTP14C	0.008197
UTP20	0.016393
UTRN	0.032787
UVSSA	0.02459
UXT	0.008197
VAMP4	0.008197
VANGL2	0.016393
VARS	0.016393
VARS2	0.016393
VASH1	0.008197
VASH2	0.02459
VASN	0.008197
VASP	0.008197
VAV2	0.016393
VAV3	0.02459
VBP1	0.008197
VCAN	0.032787
VCL	0.008197
VCPIP1	0.016393
VCX	0.008197
VCX3A	0.008197
VDAC1	0.008197
VEGFC	0.008197
VEPH1	0.016393
VEZF1	0.008197
VEZT	0.008197
VGLL3	0.008197
VIL1	0.016393
VILL	0.016393
VIMP	0.008197
VIPAS39	0.008197
VIPR1	0.016393
VIPR2	0.008197
VIT	0.008197
VKORC1	0.008197
VMO1	0.008197
VN1R2	0.008197
VN1R4	0.016393
VNN1	0.008197
VNN2	0.008197
VNN3	0.008197
VPRBP	0.008197
VPREB1	0.008197
VPS13A	0.02459
VPS13B	0.040984
VPS13C	0.04918
VPS13D	0.02459
VPS16	0.008197
VPS28	0.02459
VPS33A	0.016393
VPS37B	0.008197
VPS37C	0.008197
VPS41	0.008197
VPS51	0.008197
VPS53	0.016393
VPS54	0.016393
VPS72	0.032787
VPS8	0.02459
VRK3	0.008197
VRTN	0.008197
VSIG10	0.008197
VSIG2	0.008197
VSIG8	0.008197
VSTM2A	0.008197
VSTM2B	0.016393
VSX1	0.016393
VTCN1	0.016393
VWA1	0.008197
VWA2	0.008197
VWA3A	0.02459
VWA3B	0.02459
VWA5A	0.008197
VWA5B1	0.02459
VWA7	0.016393
VWA8	0.008197
VWA9	0.008197
VWC2	0.02459
VWCE	0.02459
VWDE	0.04918
VWF	0.016393
WAPAL	0.008197
WARS	0.008197
WAS	0.008197
WASF1	0.016393
WASF2	0.008197
WASF3	0.008197
WASL	0.008197
WBP11	0.008197
WBP2NL	0.008197
WBSCR17	0.016393
WDFY3	0.040984
WDFY4	0.057377
WDHD1	0.016393
WDR11	0.008197
WDR13	0.016393
WDR16	0.008197
WDR17	0.008197
WDR18	0.016393
WDR19	0.016393
WDR20	0.008197
WDR24	0.008197
WDR25	0.008197
WDR26	0.02459
WDR27	0.016393
WDR31	0.008197
WDR33	0.016393
WDR34	0.016393
WDR35	0.016393
WDR36	0.008197
WDR43	0.008197
WDR45B	0.008197
WDR46	0.008197
WDR47	0.008197
WDR49	0.008197
WDR5	0.008197
WDR52	0.016393
WDR59	0.016393
WDR6	0.016393
WDR60	0.008197
WDR62	0.008197
WDR63	0.008197
WDR64	0.008197
WDR65	0.032787
WDR7	0.02459
WDR70	0.016393
WDR72	0.008197
WDR73	0.016393
WDR77	0.008197
WDR78	0.016393
WDR81	0.02459
WDR82	0.008197
WDR83	0.008197
WDR86	0.008197
WDR87	0.032787
WDR88	0.008197
WDR90	0.008197
WDR91	0.016393
WDR93	0.008197
WDR96	0.040984
WDTC1	0.032787
WEE1	0.008197
WFDC1	0.008197
WFDC11	0.008197
WFIKKN1	0.016393
WHAMM	0.040984
WIPF1	0.008197
WIPF2	0.008197
WIPI1	0.008197
WIPI2	0.02459
WISP2	0.008197
WIZ	0.02459
WNK1	0.02459
WNK2	0.04918
WNK3	0.016393
WNK4	0.008197
WNT11	0.016393
WNT2	0.016393
WNT3	0.008197
WNT3A	0.016393
WNT5A	0.008197
WNT6	0.016393
WNT7B	0.016393
WNT9A	0.016393
WRAP53	0.008197
WRAP73	0.016393
WRNIP1	0.008197
WSB1	0.016393
WSB2	0.008197
WSCD1	0.016393
WSCD2	0.008197
WT1	0.016393
WWC1	0.016393
WWC2	0.016393
WWC3	0.008197
WWOX	0.008197
WWP1	0.016393
WWP2	0.008197
WWTR1	0.008197
XAB2	0.016393
XAF1	0.008197
XBP1	0.008197
XCL1	0.008197
XG	0.008197
XIAP	0.016393
XIRP1	0.02459
XIRP2	0.016393
XK	0.016393
XKR3	0.008197
XKR7	0.008197
XKR9	0.008197
XPNPEP1	0.008197
XPNPEP2	0.008197
XPO1	0.008197
XPO4	0.008197
XPO5	0.008197
XPO6	0.008197
XPO7	0.016393
XPOT	0.008197
XPR1	0.016393
XRCC1	0.008197
XRCC2	0.008197
XRCC4	0.016393
XRCC5	0.008197
XRCC6	0.008197
XRN1	0.02459
XRN2	0.032787
XRRA1	0.016393
XXYLT1	0.008197
XYLT1	0.016393
XYLT2	0.016393
YARS2	0.008197
YBX3	0.016393
YEATS2	0.008197
YIPF1	0.008197
YIPF6	0.016393
YIPF7	0.008197
YLPM1	0.008197
YME1L1	0.008197
YRDC	0.016393
YTHDC1	0.008197
YTHDC2	0.008197
YWHAG	0.008197
YWHAQ	0.008197
YY1	0.008197
YY1AP1	0.016393
YY2	0.008197
ZAP70	0.032787
ZAR1L	0.008197
ZBBX	0.016393
ZBED2	0.008197
ZBED4	0.016393
ZBED5	0.016393
ZBED6	0.008197
ZBTB1	0.008197
ZBTB11	0.008197
ZBTB12	0.008197
ZBTB18	0.016393
ZBTB2	0.016393
ZBTB20	0.02459
ZBTB21	0.016393
ZBTB24	0.032787
ZBTB3	0.008197
ZBTB32	0.008197
ZBTB33	0.008197
ZBTB34	0.008197
ZBTB37	0.008197
ZBTB39	0.016393
ZBTB4	0.016393
ZBTB41	0.02459
ZBTB45	0.008197
ZBTB46	0.016393
ZBTB49	0.02459
ZBTB5	0.008197
ZBTB7A	0.008197
ZBTB7B	0.008197
ZBTB7C	0.008197
ZBTB8B	0.016393
ZBTB9	0.008197
ZC3H10	0.008197
ZC3H11A	0.008197
ZC3H12C	0.016393
ZC3H14	0.008197
ZC3H18	0.008197
ZC3H3	0.008197
ZC3H4	0.008197
ZC3H6	0.008197
ZC3H7A	0.008197
ZC3HAV1	0.008197
ZC3HAV1L	0.008197
ZC3HC1	0.008197
ZC4H2	0.008197
ZCCHC10	0.016393
ZCCHC11	0.02459
ZCCHC12	0.016393
ZCCHC14	0.008197
ZCCHC16	0.008197
ZCCHC17	0.008197
ZCCHC18	0.008197
ZCCHC2	0.016393
ZCCHC24	0.008197
ZCCHC5	0.008197
ZCCHC6	0.016393
ZCCHC7	0.008197
ZDHHC11B	0.016393
ZDHHC14	0.016393
ZDHHC16	0.008197
ZDHHC17	0.016393
ZDHHC18	0.008197
ZDHHC21	0.008197
ZDHHC22	0.008197
ZDHHC4	0.016393
ZDHHC8	0.008197
ZEB1	0.016393
ZEB2	0.02459
ZER1	0.008197
ZFAND1	0.008197
ZFAND2B	0.008197
ZFAND4	0.008197
ZFAND5	0.008197
ZFAND6	0.008197
ZFAT	0.008197
ZFC3H1	0.02459
ZFHX2	0.008197
ZFHX3	0.057377
ZFHX4	0.07377
ZFP14	0.008197
ZFP2	0.008197
ZFP28	0.02459
ZFP30	0.008197
ZFP36	0.008197
ZFP36L2	0.016393
ZFP37	0.008197
ZFP42	0.016393
ZFP57	0.016393
ZFP64	0.016393
ZFP82	0.008197
ZFPM1	0.02459
ZFPM2	0.032787
ZFR	0.008197
ZFR2	0.008197
ZFX	0.016393
ZFYVE20	0.008197
ZFYVE26	0.02459
ZFYVE28	0.016393
ZG16B	0.008197
ZGLP1	0.008197
ZGPAT	0.008197
ZHX1	0.008197
ZHX2	0.008197
ZHX3	0.016393
ZIC1	0.016393
ZIC2	0.016393
ZIC3	0.008197
ZIC5	0.008197
ZIM2	0.02459
ZIM3	0.008197
ZKSCAN2	0.02459
ZKSCAN3	0.008197
ZKSCAN8	0.008197
ZMIZ1	0.016393
ZMIZ2	0.008197
ZMYM2	0.008197
ZMYM3	0.02459
ZMYM6	0.008197
ZMYND11	0.016393
ZMYND12	0.008197
ZMYND15	0.008197
ZMYND8	0.032787
ZNF10	0.008197
ZNF100	0.008197
ZNF106	0.02459
ZNF107	0.016393
ZNF114	0.016393
ZNF117	0.008197
ZNF12	0.016393
ZNF121	0.008197
ZNF131	0.016393
ZNF132	0.008197
ZNF133	0.008197
ZNF135	0.008197
ZNF138	0.008197
ZNF14	0.008197
ZNF142	0.016393
ZNF148	0.008197
ZNF154	0.008197
ZNF155	0.008197
ZNF157	0.008197
ZNF165	0.008197
ZNF169	0.008197
ZNF18	0.016393
ZNF180	0.008197
ZNF181	0.016393
ZNF182	0.016393
ZNF184	0.016393
ZNF185	0.032787
ZNF189	0.016393
ZNF19	0.008197
ZNF195	0.008197
ZNF197	0.016393
ZNF2	0.016393
ZNF208	0.016393
ZNF211	0.008197
ZNF213	0.008197
ZNF214	0.008197
ZNF215	0.032787
ZNF217	0.008197
ZNF219	0.02459
ZNF22	0.016393
ZNF221	0.016393
ZNF223	0.008197
ZNF224	0.008197
ZNF225	0.008197
ZNF226	0.016393
ZNF229	0.016393
ZNF235	0.008197
ZNF236	0.008197
ZNF239	0.008197
ZNF248	0.008197
ZNF253	0.008197
ZNF260	0.008197
ZNF263	0.008197
ZNF264	0.008197
ZNF266	0.008197
ZNF268	0.008197
ZNF280B	0.016393
ZNF280D	0.008197
ZNF281	0.008197
ZNF283	0.008197
ZNF284	0.008197
ZNF285	0.008197
ZNF286A	0.008197
ZNF292	0.016393
ZNF300	0.016393
ZNF304	0.008197
ZNF311	0.016393
ZNF318	0.008197
ZNF319	0.016393
ZNF320	0.008197
ZNF324	0.008197
ZNF326	0.016393
ZNF333	0.008197
ZNF335	0.008197
ZNF33A	0.008197
ZNF33B	0.016393
ZNF34	0.008197
ZNF341	0.008197
ZNF343	0.008197
ZNF345	0.008197
ZNF347	0.008197
ZNF350	0.02459
ZNF354C	0.008197
ZNF362	0.016393
ZNF365	0.008197
ZNF366	0.008197
ZNF367	0.008197
ZNF382	0.008197
ZNF385A	0.008197
ZNF385B	0.008197
ZNF385D	0.02459
ZNF391	0.008197
ZNF394	0.008197
ZNF395	0.008197
ZNF407	0.016393
ZNF408	0.008197
ZNF41	0.016393
ZNF410	0.008197
ZNF419	0.008197
ZNF423	0.016393
ZNF425	0.016393
ZNF426	0.008197
ZNF429	0.008197
ZNF43	0.016393
ZNF430	0.008197
ZNF431	0.008197
ZNF438	0.008197
ZNF439	0.016393
ZNF44	0.008197
ZNF442	0.008197
ZNF443	0.02459
ZNF444	0.016393
ZNF446	0.008197
ZNF451	0.008197
ZNF460	0.016393
ZNF462	0.016393
ZNF467	0.016393
ZNF469	0.04918
ZNF473	0.008197
ZNF48	0.008197
ZNF480	0.008197
ZNF483	0.008197
ZNF484	0.016393
ZNF485	0.008197
ZNF486	0.008197
ZNF488	0.008197
ZNF491	0.008197
ZNF493	0.008197
ZNF496	0.032787
ZNF501	0.008197
ZNF502	0.016393
ZNF507	0.008197
ZNF512	0.016393
ZNF513	0.02459
ZNF514	0.008197
ZNF516	0.008197
ZNF517	0.016393
ZNF518B	0.008197
ZNF521	0.032787
ZNF524	0.008197
ZNF526	0.008197
ZNF529	0.016393
ZNF530	0.008197
ZNF532	0.008197
ZNF534	0.008197
ZNF536	0.016393
ZNF541	0.02459
ZNF543	0.016393
ZNF544	0.008197
ZNF547	0.016393
ZNF549	0.016393
ZNF550	0.032787
ZNF552	0.008197
ZNF555	0.008197
ZNF556	0.016393
ZNF558	0.008197
ZNF560	0.016393
ZNF563	0.008197
ZNF564	0.008197
ZNF568	0.008197
ZNF570	0.008197
ZNF572	0.008197
ZNF573	0.008197
ZNF574	0.02459
ZNF577	0.008197
ZNF578	0.008197
ZNF579	0.008197
ZNF580	0.008197
ZNF581	0.008197
ZNF582	0.008197
ZNF584	0.008197
ZNF585A	0.040984
ZNF585B	0.008197
ZNF587B	0.008197
ZNF592	0.02459
ZNF593	0.008197
ZNF599	0.016393
ZNF606	0.016393
ZNF607	0.016393
ZNF608	0.016393
ZNF609	0.016393
ZNF610	0.008197
ZNF611	0.008197
ZNF614	0.008197
ZNF616	0.008197
ZNF618	0.008197
ZNF625	0.008197
ZNF627	0.02459
ZNF628	0.008197
ZNF629	0.008197
ZNF630	0.032787
ZNF638	0.04918
ZNF641	0.008197
ZNF645	0.008197
ZNF646	0.016393
ZNF648	0.008197
ZNF649	0.016393
ZNF652	0.008197
ZNF653	0.008197
ZNF660	0.008197
ZNF668	0.008197
ZNF669	0.016393
ZNF671	0.008197
ZNF672	0.016393
ZNF674	0.008197
ZNF676	0.008197
ZNF679	0.008197
ZNF688	0.008197
ZNF689	0.008197
ZNF692	0.016393
ZNF700	0.008197
ZNF701	0.008197
ZNF703	0.016393
ZNF705A	0.008197
ZNF705G	0.008197
ZNF71	0.008197
ZNF710	0.016393
ZNF711	0.008197
ZNF720	0.008197
ZNF721	0.008197
ZNF724P	0.008197
ZNF726	0.008197
ZNF728	0.008197
ZNF729	0.008197
ZNF730	0.016393
ZNF732	0.008197
ZNF736	0.008197
ZNF737	0.008197
ZNF74	0.008197
ZNF746	0.02459
ZNF750	0.008197
ZNF76	0.016393
ZNF763	0.008197
ZNF766	0.016393
ZNF768	0.008197
ZNF77	0.008197
ZNF770	0.008197
ZNF777	0.016393
ZNF780B	0.016393
ZNF782	0.008197
ZNF783	0.008197
ZNF784	0.008197
ZNF785	0.008197
ZNF786	0.008197
ZNF787	0.016393
ZNF792	0.008197
ZNF799	0.008197
ZNF8	0.008197
ZNF80	0.008197
ZNF804A	0.016393
ZNF804B	0.016393
ZNF805	0.008197
ZNF808	0.016393
ZNF81	0.008197
ZNF812	0.008197
ZNF813	0.02459
ZNF814	0.008197
ZNF827	0.016393
ZNF83	0.008197
ZNF830	0.008197
ZNF831	0.057377
ZNF835	0.008197
ZNF836	0.016393
ZNF839	0.016393
ZNF843	0.008197
ZNF846	0.008197
ZNF85	0.008197
ZNF850	0.016393
ZNF853	0.016393
ZNF862	0.032787
ZNF865	0.016393
ZNF878	0.008197
ZNF90	0.02459
ZNF91	0.016393
ZNF93	0.008197
ZNF98	0.016393
ZNF99	0.016393
ZNFX1	0.016393
ZNHIT2	0.008197
ZNRF3	0.008197
ZNRF4	0.008197
ZP2	0.008197
ZP4	0.008197
ZPBP	0.016393
ZPBP2	0.016393
ZRANB3	0.008197
ZSCAN1	0.02459
ZSCAN10	0.02459
ZSCAN18	0.008197
ZSCAN2	0.008197
ZSCAN20	0.016393
ZSCAN21	0.008197
ZSCAN22	0.016393
ZSCAN23	0.008197
ZSCAN25	0.016393
ZSCAN29	0.016393
ZSCAN4	0.008197
ZSCAN5A	0.016393
ZSCAN5B	0.016393
ZSCAN5C	0.008197
ZSCAN9	0.008197
ZSWIM1	0.008197
ZSWIM2	0.008197
ZSWIM4	0.008197
ZSWIM5	0.008197
ZSWIM6	0.008197
ZSWIM8	0.016393
ZUFSP	0.008197
ZW10	0.016393
ZXDA	0.008197
ZZEF1	0.032787
